Date,AAPL,MSFT,AMZN,GOOGL,JNJ,XOM,JPM,KO,PG,CAT
2019-01-02,37.469207763671875,94.19316101074219,76.95649719238281,52.2705078125,103.79097747802734,49.66474914550781,80.47398376464844,37.341590881347656,74.78993225097656,107.8235855102539
2019-01-03,33.73699951171875,90.72795867919922,75.01399993896484,50.82284164428711,102.14171600341797,48.90220260620117,79.3302993774414,37.11083984375,74.26557922363281,103.66864776611328
2019-01-04,35.17720413208008,94.94764709472656,78.76950073242188,53.42972946166992,103.85596466064453,50.7052116394043,82.25482177734375,37.85083770751953,75.7813720703125,109.33366394042969
2019-01-07,35.098907470703125,95.06876373291016,81.47550201416016,53.32317352294922,103.18977355957031,50.96889114379883,82.31204223632812,37.35749816894531,75.47821044921875,109.40193176269531
2019-01-08,35.76799774169922,95.758056640625,82.8290023803711,53.79152297973633,105.58650207519531,51.339473724365234,82.15682220458984,37.77922058105469,75.75678253173828,110.71582794189453
2019-01-09,36.375404357910156,97.12732696533203,82.97100067138672,53.60715103149414,104.74967193603516,51.61027908325195,82.0179443359375,37.055152893066406,74.51957702636719,111.14241790771484
2019-01-10,36.491661071777344,96.50324249267578,82.81099700927734,53.46739196777344,105.3833999633789,51.346614837646484,82.00975799560547,37.45299530029297,74.69981384277344,113.43741607666016
2019-01-11,36.133392333984375,95.758056640625,82.02799987792969,52.75570297241211,105.4158935546875,51.111427307128906,81.61766052246094,37.66782760620117,75.19143676757812,112.7037124633789
2019-01-14,35.59004211425781,95.05943298339844,80.8604965209961,52.11339569091797,104.22157287597656,51.047298431396484,82.45909118652344,37.51664733886719,74.68342590332031,112.44776153564453
2019-01-15,36.31846618652344,97.81665802001953,83.72799682617188,53.84801483154297,105.0990219116211,51.0757942199707,83.06361389160156,37.85083770751953,75.38807678222656,111.50074005126953
2019-01-16,36.76215362548828,98.16133117675781,84.18900299072266,53.9966926574707,104.02658081054688,51.054412841796875,83.73345947265625,37.333641052246094,74.86369323730469,112.32830810546875
2019-01-17,36.98042678833008,98.85064697265625,84.66100311279297,54.47297286987305,104.8796615600586,51.40361785888672,84.07655334472656,37.44503402709961,74.85295867919922,114.78545379638672
2019-01-18,37.208221435546875,100.33172607421875,84.80999755859375,54.878379821777344,106.17959594726562,52.0164680480957,85.44080352783203,37.882659912109375,75.4970932006836,117.292724609375
2019-01-22,36.373043060302734,98.44076538085938,81.6084976196289,53.45747756958008,104.6440658569336,51.232582092285156,84.0928955078125,37.970191955566406,74.68779754638672,113.5489501953125
2019-01-23,36.520145416259766,99.40023040771484,82.0009994506836,53.74394226074219,104.6440658569336,50.812110900878906,83.88050079345703,38.40782928466797,78.32142639160156,113.18834686279297
2019-01-24,36.23066711425781,98.92514038085938,82.74649810791016,53.7236213684082,103.20601654052734,50.88338088989258,83.92952728271484,37.94632339477539,77.87549591064453,113.9697265625
2019-01-25,37.43124771118164,99.8287124633789,83.52850341796875,54.59142303466797,104.18096160888672,51.111427307128906,84.46051025390625,37.69170379638672,77.29740905761719,117.51594543457031
2019-01-28,37.084842681884766,97.88187408447266,81.89450073242188,53.5184440612793,104.79842376708984,50.769351959228516,84.86078643798828,37.53256607055664,77.23136138916016,106.79133605957031
2019-01-29,36.700462341308594,95.88844299316406,79.69400024414062,53.03274917602539,105.88710021972656,50.96177673339844,85.09768676757812,37.715579986572266,77.24784088134766,108.64604949951172
2019-01-30,39.2083625793457,99.09282684326172,83.52149963378906,54.41697311401367,106.95143127441406,51.51764678955078,85.29375457763672,38.081581115722656,78.05716705322266,111.72001647949219
2019-01-31,39.49073028564453,97.27639770507812,85.9365005493164,55.79971694946289,108.121337890625,52.223167419433594,84.55037689208984,38.29643630981445,79.66751861572266,114.33894348144531
2019-02-01,39.50969696044922,95.73942565917969,81.3115005493164,55.43940734863281,109.03131103515625,54.10456085205078,84.86078643798828,38.749969482421875,80.49337005615234,112.40695190429688
2019-02-04,40.6319694519043,98.49666595458984,81.66549682617188,56.56938934326172,107.95889282226562,53.32064437866211,85.1630630493164,39.187591552734375,80.95580291748047,112.38121032714844
2019-02-05,41.32716369628906,99.8752670288086,82.94049835205078,57.08729934692383,107.95889282226562,53.86939239501953,84.78726196289062,39.1955451965332,80.46857452392578,113.3428726196289
2019-02-06,41.341392517089844,98.76677703857422,82.01300048828125,55.651031494140625,108.05635833740234,53.63422775268555,84.74644470214844,39.1955451965332,80.86498260498047,112.08927154541016
2019-02-07,40.55841827392578,98.05885314941406,80.71849822998047,54.80949783325195,107.28453063964844,53.22089767456055,83.63543701171875,39.32285690307617,80.22081756591797,110.57803344726562
2019-02-08,40.606082916259766,98.43144226074219,79.41100311279297,54.63454818725586,107.5688705444336,53.307334899902344,82.80216979980469,39.38652038574219,80.69153594970703,110.42346954345703
2019-02-11,40.372554779052734,98.04019927978516,79.55000305175781,54.62166213989258,107.24391174316406,53.393829345703125,82.4100570678711,39.47404479980469,81.15402221679688,110.70681762695312
2019-02-12,40.7204475402832,99.56788635253906,81.90049743652344,55.88346862792969,108.9988021850586,54.3305549621582,83.81513214111328,39.51382064819336,81.97156524658203,113.9181900024414
2019-02-13,40.55126953125,99.49337768554688,82.0,55.93550491333008,109.23444366455078,54.943023681640625,84.21542358398438,39.61725997924805,81.95503997802734,114.28742980957031
2019-02-14,40.69900894165039,99.57720947265625,81.13249969482422,55.9637565612793,109.12068939208984,54.95742416381836,83.66810607910156,36.27537155151367,81.31092834472656,113.8752670288086
2019-02-15,40.608463287353516,100.8067855834961,80.39749908447266,55.48945999145508,110.80247497558594,55.99504470825195,86.22503662109375,35.996883392333984,81.32743835449219,116.94921875
2019-02-19,40.7299919128418,100.76020050048828,81.37899780273438,55.83043670654297,110.24188995361328,56.369747161865234,85.92279815673828,35.670650482177734,82.57442474365234,116.60581970214844
2019-02-20,40.992095947265625,100.2363510131836,81.1050033569336,55.53703689575195,110.77809143066406,56.585914611816406,86.33941650390625,35.885494232177734,81.98807525634766,120.4783706665039
2019-02-21,40.76095962524414,102.35050964355469,80.97200012207031,54.72523498535156,110.02251434326172,56.07430648803711,86.15970611572266,36.49020767211914,82.40101623535156,119.25045776367188
2019-02-22,41.21607971191406,103.80985260009766,81.5780029296875,55.337310791015625,110.9811782836914,56.50664520263672,85.77574920654297,36.028717041015625,82.7891616821289,119.07869720458984
2019-02-25,41.516326904296875,104.38984680175781,81.6500015258789,55.3754768371582,111.3901138305664,56.56429672241211,86.67433166503906,35.7581787109375,82.22758483886719,121.4228744506836
2019-02-26,41.5401496887207,105.11016082763672,81.81999969482422,55.6074104309082,111.31651306152344,56.67959976196289,86.01264953613281,35.55924987792969,82.44231414794922,118.4776611328125
2019-02-27,41.668819427490234,104.93241882324219,82.05449676513672,55.651031494140625,111.12019348144531,57.26324462890625,85.90645599365234,35.7581787109375,81.68254852294922,119.85152435302734
2019-02-28,41.25896453857422,104.80144500732422,81.99150085449219,55.83242416381836,111.74998474121094,56.94619369506836,85.25289916992188,36.07645797729492,81.38524627685547,117.92811584472656
2019-03-01,41.692649841308594,105.2691879272461,83.58650207519531,56.921268463134766,113.14849853515625,57.645137786865234,85.31009674072266,36.10829544067383,81.29439544677734,118.03975677490234
2019-03-04,41.9023551940918,105.01661682128906,84.80850219726562,57.164119720458984,113.25476837158203,57.868507385253906,85.11404418945312,36.323123931884766,81.64950561523438,118.79537200927734
2019-03-05,41.82609939575195,104.49275970458984,84.62149810791016,57.94568634033203,113.49198150634766,57.78206253051758,85.0486831665039,36.28334045410156,81.83118438720703,117.75641632080078
2019-03-06,41.58543014526367,104.5395278930664,83.44750213623047,57.73505401611328,113.75365447998047,57.126338958740234,84.73011016845703,36.163978576660156,81.69906616210938,115.77291107177734
2019-03-07,41.10409927368164,103.26729583740234,81.29750061035156,57.0367431640625,113.05850982666016,57.76042938232422,84.1174087524414,36.028717041015625,81.38524627685547,114.02981567382812
2019-03-08,41.20179748535156,103.3795394897461,81.04000091552734,56.99312973022461,112.91130065917969,56.931785583496094,84.15009307861328,35.678619384765625,81.26963806152344,112.7847671508789
2019-03-11,42.62910842895508,105.54985809326172,83.53099822998047,58.444759368896484,113.32022094726562,57.48661804199219,85.2447509765625,36.74484634399414,82.23583984375,114.29600524902344
2019-03-12,43.108062744140625,106.28885650634766,83.65499877929688,59.33634948730469,113.82727813720703,57.645137786865234,84.99150085449219,36.641387939453125,82.6240005493164,113.75503540039062
2019-03-13,43.2986946105957,107.11207580566406,84.54049682617188,59.42605209350586,114.0154037475586,58.156734466552734,85.27742767333984,36.77665710449219,83.55716705322266,114.6308822631836
2019-03-14,43.780033111572266,107.19628143310547,84.31099700927734,59.10242462158203,112.87860107421875,57.96220016479492,86.053466796875,36.68034362792969,83.67279815673828,114.79402923583984
2019-03-15,44.349525451660156,108.43111419677734,85.61799621582031,58.991912841796875,112.53510284423828,57.75321960449219,87.04193878173828,36.35928726196289,84.59771728515625,113.9181900024414
2019-03-18,44.802276611328125,109.9840087890625,87.10749816894531,58.905174255371094,112.18343353271484,58.42335891723633,87.56477355957031,36.44758224487305,83.82969665527344,115.14608764648438
2019-03-19,44.44723129272461,110.05883026123047,88.09249877929688,59.59456253051758,113.22208404541016,58.272029876708984,87.24618530273438,36.56797409057617,84.1517562866211,115.18901062011719
2019-03-20,44.83562469482422,109.93721008300781,89.8635025024414,60.78253173828125,112.28157043457031,58.59629821777344,85.38362884521484,36.54389953613281,84.00309753417969,114.21012878417969
2019-03-21,46.486942291259766,112.4630126953125,90.96299743652344,61.26325988769531,112.94404602050781,58.93496322631836,84.03572082519531,36.5278434753418,84.63899993896484,115.11172485351562
2019-03-22,45.524269104003906,109.49754333496094,88.2385025024414,59.85177993774414,111.97079467773438,57.99101638793945,81.4951171875,36.864952087402344,83.95355224609375,111.42808532714844
2019-03-25,44.973838806152344,110.06819915771484,88.71299743652344,59.342796325683594,111.7254409790039,57.58750534057617,80.81708526611328,36.94520950317383,84.20130920410156,112.81053924560547
2019-03-26,44.50917434692383,110.30205535888672,89.18800354003906,58.9691047668457,113.32840728759766,58.336875915527344,81.62584686279297,37.434810638427734,85.07669067382812,113.20551300048828
2019-03-27,44.90949630737305,109.23560333251953,88.28500366210938,58.3828125,113.4347152709961,57.89012145996094,81.34807586669922,37.410743713378906,84.97760009765625,112.65594482421875
2019-03-28,44.96906661987305,109.38529968261719,88.6709976196289,58.09832763671875,113.5819320678711,58.17838668823242,82.27117919921875,37.38666534423828,85.51436614990234,113.66060638427734
2019-03-29,45.26215362548828,110.33012390136719,89.0374984741211,58.327301025390625,114.32616424560547,58.221595764160156,82.69596862792969,37.61140441894531,85.92729949951172,116.33963012695312
2019-04-01,45.569549560546875,111.34044647216797,90.70950317382812,59.42209243774414,113.66371154785156,58.89171600341797,85.48163604736328,37.4990348815918,85.58869171142578,120.42682647705078
2019-04-02,46.23196792602539,111.49947357177734,90.6989974975586,59.74720764160156,112.62507629394531,58.63950729370117,85.89013671875,37.37863540649414,85.67955017089844,120.37533569335938
2019-04-03,46.54889678955078,112.2291488647461,91.03500366210938,60.00838851928711,112.18343353271484,58.29366683959961,86.06166076660156,37.065616607666016,85.63001251220703,119.57675170898438
2019-04-04,46.629905700683594,111.65850830078125,90.94300079345703,60.43659973144531,110.87487030029297,59.122310638427734,86.89307403564453,37.306392669677734,85.41527557373047,120.3238296508789
2019-04-05,46.94207763671875,112.15431213378906,91.86399841308594,60.04011535644531,111.37374114990234,59.43934631347656,86.687255859375,37.298377990722656,85.59695434570312,120.52130126953125
2019-04-08,47.68074417114258,112.19172668457031,92.49299621582031,59.88300323486328,111.34104919433594,59.80683898925781,86.96713256835938,37.362579345703125,86.68704986572266,120.0575942993164
2019-04-09,47.537784576416016,111.58366394042969,91.79199981689453,59.60596466064453,110.87487030029297,59.03584289550781,86.32506561279297,37.458892822265625,86.4310302734375,117.07805633544922
2019-04-10,47.80465316772461,112.43496704101562,92.36650085449219,59.79230880737305,110.88306427001953,58.76922607421875,86.71195220947266,37.434810638427734,86.42282104492188,118.09127807617188
2019-04-11,47.406715393066406,112.56592559814453,92.20349884033203,59.94792938232422,110.58045196533203,59.05022430419922,87.44457244873047,37.491004943847656,86.50537109375,119.24188995361328
2019-04-12,47.38764953613281,113.14591979980469,92.15299987792969,60.599159240722656,111.2101821899414,58.30806350708008,91.54393005371094,37.51507568359375,86.7613754272461,121.24256134033203
2019-04-15,47.473445892333984,113.23946380615234,92.24349975585938,60.787479400634766,111.65184783935547,58.113502502441406,90.49849700927734,37.72377014160156,87.31466674804688,120.42682647705078
2019-04-16,47.478206634521484,112.97752380371094,93.1520004272461,61.054115295410156,112.87860107421875,58.509822845458984,91.453369140625,37.683624267578125,87.88450622558594,121.95523071289062
2019-04-17,48.40275573730469,113.91300964355469,93.24099731445312,61.46200180053711,113.28751373291016,58.6755485534668,94.08749389648438,37.94850158691406,88.0308837890625,122.56487274169922
2019-04-18,48.57670211791992,115.40975952148438,93.08450317382812,61.52792739868164,112.46968841552734,58.45936965942383,93.39605712890625,38.109031677246094,88.19720458984375,123.84336853027344
2019-04-22,48.73635482788086,115.77459716796875,94.3655014038086,62.13702392578125,112.72322082519531,59.734771728515625,93.51129150390625,38.044830322265625,88.16394805908203,122.99683380126953
2019-04-23,49.43928527832031,117.34620666503906,96.1884994506836,62.97111892700195,114.4161148071289,60.080650329589844,93.62652587890625,38.6949577331543,85.79371643066406,122.69441223144531
2019-04-24,49.363037109375,116.9439697265625,95.0875015258789,62.44874954223633,113.8436508178711,58.913330078125,93.47013854980469,38.51034164428711,86.23451232910156,118.97986602783203
2019-04-25,48.915069580078125,120.81683349609375,95.11250305175781,62.81005096435547,114.21163940429688,59.24480056762695,93.51952362060547,38.397972106933594,85.89351654052734,117.59768676757812
2019-04-26,48.68153762817383,121.50907135009766,97.53150177001953,63.30961227416992,114.8168716430664,57.99822235107422,94.22743225097656,38.73508834838867,88.0392074584961,120.10287475585938
2019-04-29,48.755409240722656,121.39686584472656,96.92150115966797,64.24037170410156,114.36705017089844,57.62350845336914,95.58564758300781,38.863502502441406,87.1409912109375,120.09423065185547
2019-04-30,47.81657028198242,122.17327880859375,96.32599639892578,59.421104431152344,115.47933197021484,57.846920013427734,95.52803802490234,39.377193450927734,88.5548324584961,120.43978118896484
2019-05-01,50.16366958618164,119.6287612915039,95.57599639892578,58.150367736816406,116.0926742553711,56.68677520751953,94.79541778564453,38.99995040893555,87.26575469970703,119.34268951416016
2019-05-02,49.837215423583984,118.06652069091797,95.04100036621094,57.81285858154297,115.54475402832031,55.692405700683594,95.00120544433594,38.83942794799805,87.78970336914062,116.76836395263672
2019-05-03,50.456764221191406,120.58295440673828,98.12300109863281,58.95473861694336,116.14175415039062,55.82212448120117,95.58564758300781,39.10429763793945,88.22216796875,120.1287841796875
2019-05-06,49.67756652832031,119.88134002685547,97.52749633789062,59.14852523803711,116.20720672607422,55.57712173461914,94.73778533935547,38.90364456176758,87.8895034790039,118.14189147949219
2019-05-07,48.33839416503906,117.42103576660156,96.05000305175781,58.42493438720703,114.47337341308594,55.281700134277344,93.19026947021484,38.52640151977539,87.07447814941406,115.4725570678711
2019-05-08,48.347938537597656,117.41170501708984,95.88849639892578,58.02448654174805,114.32616424560547,55.368160247802734,92.69636535644531,38.406009674072266,87.38218688964844,113.98672485351562
2019-05-09,47.8284797668457,117.40232849121094,94.99349975585938,57.885215759277344,113.45924377441406,55.31772994995117,92.62226867675781,38.044830322265625,86.69189453125,113.33880615234375
2019-05-10,47.16590881347656,118.92715454101562,94.4990005493164,57.868865966796875,113.72095489501953,55.79875183105469,92.6140365600586,38.678890228271484,88.16394805908203,113.45978546142578
2019-05-13,44.42464828491211,115.39107513427734,91.13400268554688,56.33000183105469,112.20796966552734,55.17925262451172,90.09514617919922,38.5665283203125,88.24711608886719,108.24205017089844
2019-05-14,45.12789535522461,116.6820297241211,92.00599670410156,55.748661041259766,111.89717102050781,55.25212860107422,90.81131744384766,39.08021926879883,87.82295227050781,110.11662292480469
2019-05-15,45.668487548828125,118.32515716552734,93.55750274658203,58.025474548339844,111.97079467773438,55.660274505615234,90.46558380126953,39.473506927490234,88.73776245117188,109.96976470947266
2019-05-16,45.46756362915039,121.05746459960938,95.37850189208984,58.70444869995117,113.03396606445312,55.65298080444336,91.62622833251953,39.79456329345703,89.9104232788086,109.37367248535156
2019-05-17,45.209224700927734,120.2499771118164,93.44999694824219,57.92536163330078,113.36112213134766,55.325016021728516,91.18172454833984,39.48956298828125,89.36151123046875,106.04779815673828
2019-05-20,43.7955322265625,118.5129623413086,92.94850158691406,56.7299690246582,113.20570373535156,55.31773376464844,91.65916442871094,39.208641052246094,89.2617416381836,105.76274871826172
2019-05-21,44.63513946533203,119.15144348144531,92.8759994506836,57.214664459228516,112.96038818359375,55.572818756103516,91.97196197509766,39.00798416137695,88.46334075927734,107.93968200683594
2019-05-22,43.72138214111328,119.8744125366211,92.98400115966797,57.284549713134766,113.48377990722656,55.06992721557617,91.22290802001953,39.85074234008789,88.7544174194336,106.7389144897461
2019-05-23,42.975074768066406,118.47538757324219,90.77400207519531,56.7636604309082,114.32616424560547,53.77989959716797,89.42838287353516,40.01127624511719,88.78768157958984,105.61589050292969
2019-05-24,42.810028076171875,118.53172302246094,91.16400146484375,56.430118560791016,114.33441162109375,54.005855560302734,90.30916595458984,39.818641662597656,88.72947692871094,106.16876983642578
2019-05-28,42.63302230834961,118.45659637451172,91.82150268554688,56.477203369140625,112.86869049072266,52.91988754272461,89.32960510253906,39.409305572509766,86.87487030029297,105.03709411621094
2019-05-29,42.42970275878906,117.31111145019531,90.95950317382812,55.504825592041016,108.14215850830078,52.5919303894043,89.0826644897461,39.0160026550293,86.65030670166016,104.94208526611328
2019-05-30,42.649742126464844,118.0528793334961,90.81600189208984,55.577674865722656,108.78441619873047,52.45344543457031,88.12779235839844,39.529693603515625,87.5984115600586,105.25306701660156
2019-05-31,41.87713623046875,116.12803649902344,88.75350189208984,54.8387336730957,107.99390411376953,51.578857421875,87.22230529785156,39.433372497558594,85.5858154296875,103.49944305419922
2019-06-03,41.45375061035156,112.52249908447266,84.6344985961914,51.480506896972656,108.23273468017578,52.387840270996094,87.6339111328125,40.1156120300293,86.32597351074219,104.22506713867188
2019-06-04,42.97028732299805,115.6397933959961,86.47799682617188,52.26108932495117,110.11841583251953,53.63412857055664,90.3338623046875,40.13166427612305,87.05784606933594,105.46038055419922
2019-06-05,43.663963317871094,118.14673614501953,86.92500305175781,51.77291488647461,110.65364074707031,53.18955993652344,90.6549072265625,40.75770950317383,88.7627182006836,106.35882568359375
2019-06-06,44.305030822753906,120.01525115966797,87.71800231933594,51.927547454833984,112.54755401611328,54.15889358520508,90.85247039794922,41.25535583496094,89.30331420898438,106.59205627441406
2019-06-07,45.48429870605469,123.37666320800781,90.20149993896484,52.9489860534668,114.08737182617188,54.35565948486328,89.8564224243164,41.32758712768555,90.45932006835938,107.51640319824219
2019-06-10,46.0655632019043,124.5033950805664,93.03150177001953,53.66216278076172,114.474365234375,54.59617614746094,90.82777404785156,41.23930358886719,90.417724609375,108.62212371826172
2019-06-11,46.598995208740234,124.03388214111328,93.18499755859375,53.5769157409668,115.10020446777344,54.545166015625,91.10762023925781,41.19917678833008,90.96662902832031,109.95249938964844
2019-06-12,46.45067596435547,123.461181640625,92.76599884033203,53.48078155517578,116.66471099853516,53.95481491088867,89.94698333740234,41.44799041748047,91.21611785888672,109.79698944091797
2019-06-13,46.44111251831055,124.24049377441406,93.51499938964844,54.071044921875,115.86598205566406,54.42855453491211,90.16923522949219,41.359012603759766,92.23905944824219,109.85745239257812
2019-06-14,46.10383987426758,124.36255645751953,93.4834976196289,53.837608337402344,115.3554916381836,54.188045501708984,90.39971160888672,41.504615783691406,92.48023223876953,109.90928649902344
2019-06-17,46.37892150878906,124.73814392089844,94.30149841308594,54.21377182006836,114.82027435302734,54.72737503051758,89.90583038330078,41.14870071411133,92.30558013916016,109.98703002929688
2019-06-18,47.46967697143555,126.90705871582031,95.06849670410156,54.776283264160156,115.4707260131836,55.201114654541016,91.13233184814453,40.962646484375,91.14958190917969,112.58727264404297
2019-06-19,47.33094787597656,127.40475463867188,95.43949890136719,54.740108489990234,115.6518783569336,54.894996643066406,90.47381591796875,41.35091018676758,91.83155059814453,112.82914733886719
2019-06-20,47.71128463745117,128.58778381347656,95.90950012207031,55.1707878112793,117.10114288330078,55.83517837524414,90.70429992675781,41.78772735595703,92.92931365966797,115.43802642822266
2019-06-21,47.54861831665039,128.6065216064453,95.56500244140625,55.77394104003906,117.0023422241211,56.6223258972168,90.0869369506836,41.6987419128418,92.48023223876953,115.6626205444336
2019-06-24,47.50078582763672,129.36709594726562,95.69499969482422,55.3442497253418,117.80106353759766,56.082984924316406,89.44485473632812,41.99803161621094,93.42001342773438,116.0772705078125
2019-06-25,46.780784606933594,125.28271484375,93.91349792480469,53.90104675292969,118.77274322509766,55.5873908996582,88.70402526855469,41.86861038208008,92.91268920898438,115.50713348388672
2019-06-26,47.7926025390625,125.75215911865234,94.8915023803711,53.541236877441406,116.80474090576172,55.82790756225586,89.29669189453125,41.35091018676758,91.2577133178711,116.75109100341797
2019-06-27,47.77824401855469,125.95874786376953,95.21399688720703,53.35835647583008,115.84954071044922,55.25941467285156,89.593017578125,41.31855773925781,91.29930877685547,117.05348205566406
2019-06-28,47.3428955078125,125.78040313720703,94.68150329589844,53.66415023803711,114.68849182128906,55.849761962890625,92.02958679199219,41.18913650512695,91.19117736816406,117.73589324951172
2019-07-01,48.211219787597656,127.39530944824219,96.1094970703125,54.51658248901367,114.75436401367188,55.79875183105469,93.57711791992188,41.73918151855469,91.8897476196289,118.00369262695312
2019-07-02,48.49346160888672,128.2404022216797,96.71549987792969,55.141056060791016,115.30606079101562,55.1865348815918,93.67591857910156,42.04657745361328,92.71310424804688,117.35578155517578
2019-07-03,48.895320892333984,129.06663513183594,96.94999694824219,55.65598678588867,117.04351806640625,55.711280822753906,93.5267105102539,42.143638610839844,94.87539672851562,117.13119506835938
2019-07-05,48.852264404296875,128.69107055664062,97.14550018310547,56.13572692871094,115.7507095336914,55.48535919189453,94.08210754394531,42.151737213134766,94.10196685791016,117.04480743408203
2019-07-08,47.84523010253906,128.59715270996094,97.61599731445312,55.34871292114258,116.080078125,55.740455627441406,93.56816101074219,42.06275177001953,94.8504638671875,116.48329162597656
2019-07-09,48.137054443359375,128.12771606445312,99.41500091552734,55.72041702270508,116.4424057006836,55.704002380371094,93.96604919433594,41.731101989746094,93.9023666381836,116.00817108154297
2019-07-10,48.613067626953125,129.43284606933594,100.87049865722656,56.54411697387695,116.27774047851562,56.49113082885742,93.69249725341797,41.91714859008789,94.6009750366211,114.58280181884766
2019-07-11,48.2590446472168,129.94921875,100.05349731445312,56.70121765136719,115.3719482421875,56.534847259521484,94.58780670166016,42.09511184692383,95.12490844726562,115.72311401367188
2019-07-12,48.62981033325195,130.41871643066406,100.55000305175781,56.7636604309082,110.58776092529297,56.578582763671875,95.58258819580078,42.159812927246094,95.6322021484375,119.52409362792969
2019-07-15,49.08668518066406,130.41871643066406,101.04949951171875,57.019893646240234,110.9253921508789,56.177734375,94.42201232910156,42.16790771484375,96.03973388671875,120.62979888916016
2019-07-16,48.9168586730957,128.70985412597656,100.49500274658203,57.16609191894531,109.10555267333984,55.339595794677734,95.4333724975586,42.17599868774414,96.3807144165039,120.1546859741211
2019-07-17,48.64178466796875,127.94927978515625,99.60150146484375,56.83304977416992,108.57857513427734,55.011619567871094,94.49659729003906,42.20835876464844,96.42229461669922,117.25212097167969
2019-07-18,49.19432830810547,128.09017944335938,98.8949966430664,56.85783386230469,108.75149536132812,54.545166015625,95.0603256225586,42.087013244628906,96.62823486328125,116.52649688720703
2019-07-19,48.45998764038086,128.27789306640625,98.22599792480469,56.080223083496094,107.30224609375,54.65449523925781,94.12358093261719,41.56932067871094,96.26828002929688,118.5895767211914
2019-07-22,49.56748580932617,129.97740173339844,99.28150177001953,56.45985412597656,105.92709350585938,54.71280288696289,94.7287368774414,41.43180847167969,96.51102447509766,117.72782135009766
2019-07-23,49.95497512817383,130.7848358154297,99.72450256347656,56.897979736328125,106.09178924560547,54.931434631347656,96.46133422851562,43.947486877441406,95.29730987548828,120.21743774414062
2019-07-24,49.914329528808594,132.12753295898438,100.04049682617188,56.48563003540039,106.86582946777344,54.92416763305664,96.8509292602539,43.50257873535156,94.25101470947266,114.82899475097656
2019-07-25,49.51963806152344,131.62991333007812,98.69100189208984,56.297794342041016,107.96924591064453,54.610740661621094,95.92249298095703,42.92826843261719,94.393310546875,117.26641845703125
2019-07-26,49.69186782836914,132.70968627929688,97.15249633789062,61.71377182006836,107.64807891845703,54.52329635620117,96.34529113769531,43.81805419921875,96.03390502929688,115.70819854736328
2019-07-29,50.15591812133789,132.4186553955078,95.62249755859375,61.54624938964844,109.53378295898438,54.90958023071289,96.03853607177734,43.672462463378906,97.09695434570312,117.04876708984375
2019-07-30,49.94063949584961,131.78016662597656,94.92649841308594,60.86033630371094,108.7597427368164,54.91686248779297,95.8230209350586,43.45405578613281,100.788330078125,115.73430633544922
2019-07-31,50.95964431762695,127.94927978515625,93.33899688720703,60.3746452331543,107.22813415527344,54.1953125,96.16287994384766,42.57235336303711,98.80450439453125,114.62004089355469
2019-08-01,49.85691833496094,129.62998962402344,92.76599884033203,60.05647277832031,107.28577423095703,52.81056213378906,93.62619018554688,42.087013244628906,97.7080078125,110.37197875976562
2019-08-02,48.802032470703125,128.5408477783203,91.16200256347656,59.29025650024414,107.92805480957031,52.29310607910156,93.6178970336914,42.32967758178711,97.46525573730469,108.41332244873047
2019-08-05,46.24736404418945,124.13720703125,88.25650024414062,57.23002624511719,107.1787109375,51.22172546386719,90.83248138427734,41.779632568359375,94.65279388427734,105.89754486083984
2019-08-06,47.122840881347656,126.46577453613281,89.3915023803711,58.03935623168945,107.68099975585938,51.71733093261719,91.54542541503906,42.28115463256836,95.65723419189453,106.2718505859375
2019-08-07,47.610809326171875,127.01969909667969,89.66999816894531,58.27873229980469,107.21990966796875,51.382076263427734,89.55584716796875,43.017242431640625,96.6951675415039,105.14021301269531
2019-08-08,48.6609001159668,130.40931701660156,91.64450073242188,59.779422760009766,108.43032836914062,52.752262115478516,91.0728759765625,43.42979049682617,98.30229187011719,106.21964263916016
2019-08-09,48.259918212890625,129.30136108398438,90.37899780273438,58.922515869140625,108.72677612304688,51.6298713684082,90.9734115600586,43.211387634277344,97.74982452392578,103.92147827148438
2019-08-12,48.13746643066406,127.49857330322266,89.24600219726562,58.2088508605957,108.63618469238281,51.378997802734375,89.26569366455078,43.03342819213867,97.12203979492188,101.6059341430664
2019-08-13,50.176002502441406,130.13705444335938,91.21700286865234,59.31058120727539,109.86312866210938,52.013580322265625,90.64180755615234,43.27610778808594,98.14323425292969,103.59941101074219
2019-08-14,48.682518005371094,126.21807861328125,88.14800262451172,57.70085144042969,107.26105499267578,49.91798400878906,86.87818908691406,42.863555908203125,96.92118835449219,100.29146575927734
2019-08-15,48.44000244140625,125.93543243408203,88.80599975585938,57.952125549316406,107.49160766601562,49.62282180786133,87.20980072021484,43.57538986206055,98.26042938232422,100.32630157470703
2019-08-16,49.58293533325195,128.24342346191406,89.62850189208984,58.44227600097656,108.16683197021484,50.39759826660156,89.2988510131836,44.01219177246094,99.75875091552734,101.35350799560547
2019-08-19,50.50736618041992,130.39137268066406,90.80599975585938,59.494449615478516,108.89968872070312,51.246177673339844,90.10297393798828,44.238685607910156,100.64601135253906,102.1630630493164
2019-08-20,50.50975799560547,129.3079833984375,90.06900024414062,58.6563835144043,107.54106140136719,50.9362678527832,88.95895385742188,43.58348846435547,99.52440643310547,101.56241607666016
2019-08-21,51.05722427368164,130.7493438720703,91.177001953125,59.05534362792969,108.30683898925781,51.44540786743164,89.2076416015625,43.761436462402344,99.77550506591797,102.44161987304688
2019-08-22,51.013999938964844,129.79788208007812,90.23300170898438,59.052364349365234,108.09276580810547,51.3347282409668,90.12781524658203,44.07691192626953,99.95963287353516,102.6244125366211
2019-08-23,48.65610122680664,125.66219329833984,87.48100280761719,57.17203903198242,105.17777252197266,49.79991149902344,87.88955688476562,43.47023010253906,98.20186614990234,99.29036712646484
2019-08-26,49.580535888671875,127.60283660888672,88.44349670410156,58.044307708740234,106.02397155761719,50.06555938720703,88.5942153930664,44.11735916137695,99.87592315673828,99.60376739501953
2019-08-27,49.021080017089844,127.87606048583984,88.09149932861328,58.02647018432617,107.55044555664062,49.57855224609375,87.65744018554688,44.26295471191406,100.90548706054688,98.69844055175781
2019-08-28,49.35002899169922,127.70648956298828,88.2125015258789,58.17167282104492,106.7540283203125,49.94011306762695,88.53618621826172,44.57843017578125,101.61698913574219,99.98680114746094
2019-08-29,50.18560028076172,130.11817932128906,89.31999969482422,59.18717575073242,106.3890151977539,50.49353790283203,90.54234313964844,44.5298957824707,101.43282318115234,102.51996612548828
2019-08-30,50.12078094482422,129.8732452392578,88.81449890136719,59.0033073425293,106.48855590820312,50.530426025390625,91.0728759765625,44.521812438964844,100.63764190673828,103.59069061279297
2019-09-03,49.39084243774414,128.15869140625,89.49199676513672,57.96352767944336,106.8038101196289,50.589447021484375,89.99517822265625,44.732120513916016,101.58350372314453,101.87577819824219
2019-09-04,50.22882080078125,129.6565704345703,90.03099822998047,58.59393310546875,106.90335083007812,51.128108978271484,91.08116912841797,45.112300872802734,103.13201904296875,103.67774963378906
2019-09-05,51.21088409423828,131.93637084960938,92.03600311279297,60.076786041259766,106.67106628417969,51.85123825073242,93.15365600585938,44.58652114868164,102.75535583496094,107.06402587890625
2019-09-06,51.20608901977539,131.04139709472656,91.67549896240234,59.785865783691406,106.36412048339844,52.338253021240234,93.35262298583984,44.67549514770508,102.8474349975586,106.81159210205078
2019-09-09,51.42459487915039,129.5529327392578,91.56749725341797,59.733829498291016,105.31880187988281,52.75145721435547,95.66549682617188,44.10118103027344,102.26150512695312,110.77240753173828
2019-09-10,52.03207778930664,128.1963653564453,91.02749633789062,59.7551383972168,107.4758071899414,53.1794319152832,96.88410949707031,44.00411605834961,100.34467315673828,113.41876983642578
2019-09-11,53.686431884765625,128.23402404785156,91.14949798583984,60.46385192871094,108.81974792480469,53.07612609863281,97.14937591552734,44.30340576171875,101.5081558227539,115.856201171875
2019-09-12,53.56639099121094,129.5529327392578,92.17749786376953,61.205772399902344,108.20584106445312,53.11301803588867,97.74625396728516,44.57843017578125,102.76371765136719,114.689697265625
2019-09-13,52.5242805480957,129.36448669433594,91.96700286865234,61.4565544128418,108.49620819091797,53.60002517700195,99.66952514648438,44.21175003051758,102.21964263916016,116.45683288574219
2019-09-16,52.800411224365234,128.43191528320312,90.39199829101562,61.04024887084961,107.46747589111328,54.40431213378906,98.78250885009766,43.96731948852539,100.23587799072266,115.90841674804688
2019-09-17,52.99250793457031,129.43045043945312,91.12750244140625,60.95351028442383,107.57533264160156,53.9911003112793,98.29341125488281,44.19546890258789,101.41608428955078,115.0553207397461
2019-09-18,53.48954772949219,130.49501037597656,90.87300109863281,61.090797424316406,108.18925476074219,53.732852935791016,99.27989196777344,44.18732452392578,101.62537384033203,114.0977554321289
2019-09-19,53.05493927001953,132.89727783203125,91.07499694824219,61.39311599731445,107.94037628173828,53.371299743652344,98.96485900878906,44.423614501953125,102.0354995727539,113.2707748413086
2019-09-20,52.27937316894531,131.3616943359375,89.70800018310547,60.95153045654297,109.21796417236328,53.18681335449219,98.56696319580078,43.92658233642578,102.3200912475586,111.56459045410156
2019-09-23,52.51709747314453,131.0791015625,89.26499938964844,61.19190216064453,109.29263305664062,53.22370910644531,98.5503921508789,44.113975524902344,103.140380859375,111.7909164428711
2019-09-24,52.26737594604492,129.4210205078125,87.08049774169922,60.38108825683594,109.13504028320312,52.49320602416992,97.26544189453125,44.244346618652344,103.46685028076172,109.67556762695312
2019-09-25,53.071739196777344,131.28634643554688,88.41649627685547,61.749454498291016,108.67044067382812,52.64813995361328,97.82087707519531,44.138431549072266,102.97299194335938,110.21526336669922
2019-09-26,52.79801940917969,131.45590209960938,86.99199676513672,61.56855392456055,106.89508819580078,52.36777114868164,97.01673889160156,44.317684173583984,104.05277252197266,110.02376556396484
2019-09-27,52.54109573364258,129.7507781982422,86.27249908447266,60.75874328613281,106.68765258789062,52.74409103393555,97.5887451171875,44.25250244140625,104.27040100097656,110.19786834716797
2019-09-30,53.777679443359375,130.97544860839844,86.79550170898438,60.52035140991211,107.33474731445312,52.102115631103516,97.5638656616211,44.35843276977539,104.11138153076172,109.95413208007812
2019-10-01,53.926536560058594,129.12899780273438,86.78250122070312,59.7700080871582,107.8408203125,50.877227783203125,95.78983306884766,44.52953338623047,103.667724609375,106.52432250976562
2019-10-02,52.57472610473633,126.84918212890625,85.6614990234375,58.37834167480469,109.50833129882812,49.54903030395508,93.88317108154297,43.25028610229492,101.34915924072266,104.42639923095703
2019-10-03,53.021324157714844,128.38478088378906,86.22100067138672,58.948787689208984,108.83635711669922,50.16147994995117,93.74946594238281,43.86953353881836,101.90158081054688,104.49603271484375
2019-10-04,54.50761413574219,130.11817932128906,86.98249816894531,60.01582717895508,110.88548278808594,50.891990661621094,95.780029296875,44.439918518066406,103.79329681396484,105.36653137207031
2019-10-07,54.519615173339844,129.1761016845703,86.63300323486328,59.88151550292969,110.47068786621094,50.19099426269531,95.57112121582031,43.89398956298828,102.82232666015625,104.67882537841797
2019-10-08,53.88090896606445,127.81011199951172,85.27549743652344,58.98347854614258,109.3755874633789,49.216976165771484,93.44029235839844,43.657684326171875,101.22355651855469,102.69408416748047
2019-10-09,54.512413024902344,130.23123168945312,86.09950256347656,59.591583251953125,107.2020034790039,49.76301956176758,94.11713409423828,43.861392974853516,102.10248565673828,103.9737319946289
2019-10-10,55.247154235839844,131.04139709472656,86.01300048828125,59.941978454589844,107.06930541992188,50.36070251464844,95.43741607666016,43.72287368774414,102.06896209716797,106.80289459228516
2019-10-11,56.71662902832031,131.58782958984375,86.59600067138672,60.25123977661133,108.95249938964844,50.89936065673828,97.05020141601562,43.42954635620117,101.35750579833984,111.77348327636719
2019-10-14,56.63499069213867,131.46533203125,86.82150268554688,60.35333251953125,108.44644165039062,51.04693603515625,97.30925750732422,43.42954635620117,100.48697662353516,111.7560806274414
2019-10-15,56.50294494628906,133.36830139160156,88.36900329589844,61.56608200073242,110.20519256591797,51.22404479980469,100.24231719970703,43.60064697265625,98.10140228271484,114.06293487548828
2019-10-16,56.27482604980469,132.2755126953125,88.87149810791016,61.6037483215332,112.13818359375,50.3459587097168,100.00835418701172,43.58436584472656,98.37760925292969,113.33172607421875
2019-10-17,56.493324279785156,131.5972137451172,89.3740005493164,62.08944320678711,112.96778869628906,50.279544830322266,100.56822204589844,43.82880783081055,98.24788665771484,114.96826171875
2019-10-18,56.76465606689453,129.44932556152344,87.87550354003906,61.67362594604492,105.94100189208984,49.888450622558594,100.74369049072266,44.635459899902344,98.95552825927734,114.67877197265625
2019-10-21,57.749107360839844,130.41024780273438,89.28299713134766,61.66719055175781,106.20649719238281,50.72228240966797,103.24222564697266,44.18732452392578,100.31175231933594,116.01229858398438
2019-10-22,57.6170539855957,128.46954345703125,88.2864990234375,61.5145378112793,107.18543243408203,50.980533599853516,104.27839660644531,43.877689361572266,102.92316436767578,117.29325866699219
2019-10-23,58.39020538330078,129.2891845703125,88.1084976196289,62.32881164550781,107.7661361694336,51.4675407409668,104.55416107177734,44.521392822265625,103.6139144897461,118.74088287353516
2019-10-24,58.48625564575195,131.832763671875,89.03900146484375,62.40216827392578,105.77510070800781,50.980533599853516,104.47895050048828,44.496944427490234,105.12179565429688,117.43363189697266
2019-10-25,59.20658493041992,132.57704162597656,88.06649780273438,62.659385681152344,106.48026275634766,51.098602294921875,105.31460571289062,43.79620361328125,103.82452392578125,122.59244537353516
2019-10-28,59.79966735839844,135.83656311035156,88.85399627685547,63.882537841796875,107.16881561279297,50.648475646972656,105.7157211303711,43.64954376220703,104.01827239990234,122.88197326660156
2019-10-29,58.41661834716797,134.5552978515625,88.135498046875,62.47898864746094,107.11902618408203,50.500911712646484,105.64884948730469,43.5191650390625,104.11934661865234,123.99624633789062
2019-10-30,58.40941619873047,136.23220825195312,88.99949645996094,62.480960845947266,110.20519256591797,49.96963882446289,105.06392669677734,43.95100784301758,105.24815368652344,123.12763214111328
2019-10-31,59.730018615722656,135.06402587890625,88.83300018310547,62.386802673339844,109.54150390625,49.858951568603516,104.38704681396484,44.350276947021484,104.88591766357422,120.89917755126953
2019-11-01,61.42521286010742,135.39376831054688,89.5719985961914,63.05339431762695,108.84464263916016,51.356849670410156,106.79367065429688,43.918434143066406,104.3468017578125,126.7686538696289
2019-11-04,61.82859420776367,136.17568969726562,90.23300170898438,63.91377258300781,108.03990936279297,52.884273529052734,107.6460189819336,43.29916763305664,100.3033218383789,128.900634765625
2019-11-05,61.739749908447266,136.0908966064453,90.08550262451172,64.00445556640625,108.19755554199219,53.93207931518555,107.87998962402344,42.712501525878906,100.16012573242188,128.41807556152344
2019-11-06,61.76615524291992,135.7140350341797,89.78849792480469,63.983150482177734,108.64555358886719,52.75145721435547,108.04708099365234,43.02212905883789,101.35631561279297,127.64603424072266
2019-11-07,62.47903823852539,135.90243530273438,89.41000366210938,64.77265167236328,109.03546142578125,53.87306213378906,108.63204956054688,42.60657501220703,100.76663970947266,128.97955322265625
2019-11-08,62.65001678466797,137.5039520263672,89.29399871826172,64.87474060058594,110.33792877197266,52.849945068359375,108.94960021972656,42.5413818359375,100.83403778076172,129.98854064941406
2019-11-11,63.14613723754883,137.64527893066406,88.5824966430664,64.34344482421875,109.49170684814453,52.528831481933594,108.56517791748047,42.23990249633789,100.5223388671875,129.84817504882812
2019-11-12,63.08832931518555,138.54965209960938,88.9000015258789,64.29042053222656,108.96907043457031,51.80445861816406,107.93013763427734,42.13399124145508,100.47180938720703,128.39175415039062
2019-11-13,63.69283676147461,138.77578735351562,87.65550231933594,64.2393798828125,108.90272521972656,51.3787956237793,107.36187744140625,42.70436477661133,101.6343002319336,126.7686538696289
2019-11-14,63.252105712890625,139.48228454589844,87.7300033569336,64.88215637207031,108.64555358886719,51.154754638671875,107.46217346191406,42.88361740112305,101.5079574584961,125.84747314453125
2019-11-15,64.00350189208984,141.2816619873047,86.97450256347656,66.09095001220703,111.94738006591797,51.670040130615234,108.23931121826172,42.91620635986328,101.54164123535156,127.48804473876953
2019-11-18,64.32622528076172,141.6302490234375,87.62650299072266,65.4119873046875,111.85614013671875,51.169681549072266,109.15013122558594,43.20954513549805,102.67884063720703,125.97907257080078
2019-11-19,64.13114929199219,141.67730712890625,87.6395034790039,65.05265808105469,111.84782409667969,50.64693069458008,109.11672973632812,43.25028610229492,102.28292846679688,125.61933135986328
2019-11-20,63.384552001953125,141.43157958984375,87.27649688720703,64.52088928222656,112.77701568603516,50.80376052856445,108.32289123535156,43.36435317993164,103.01583099365234,124.16289520263672
2019-11-21,63.10039520263672,141.29922485351562,86.7354965209961,64.4356460571289,113.19178009033203,52.02848434448242,108.57356262207031,43.152503967285156,101.3731460571289,125.77720642089844
2019-11-22,63.04499053955078,141.40322875976562,87.28600311279297,64.11498260498047,114.54405975341797,51.80445861816406,109.29218292236328,43.20954513549805,101.33104705810547,126.23350524902344
2019-11-25,64.15040588378906,142.9534149169922,88.69200134277344,64.70822143554688,114.59417724609375,51.46092987060547,109.87712860107422,43.36435317993164,101.51637268066406,128.46192932128906
2019-11-26,63.649478912353516,143.7096710205078,89.84700012207031,65.07299041748047,114.58580017089844,51.333988189697266,110.0275650024414,43.918434143066406,102.99055480957031,128.17245483398438
2019-11-27,64.50443267822266,143.98379516601562,90.92549896240234,65.02987670898438,115.0703125,51.304100036621094,110.35343933105469,43.95915222167969,102.5693588256836,127.82148742675781
2019-11-29,64.36234283447266,143.0952606201172,90.04000091552734,64.63139343261719,114.85315704345703,50.87844467163086,110.1027603149414,43.83604049682617,102.82206726074219,126.97923278808594
2019-12-02,63.618141174316406,141.36541748046875,89.08000183105469,63.8765983581543,114.7445297241211,51.09500503540039,109.8604507446289,44.12334442138672,103.37804412841797,125.42630767822266
2019-12-03,62.483848571777344,141.13853454589844,88.49800109863281,64.16801452636719,114.5774917602539,50.691734313964844,108.44819641113281,44.164390563964844,103.57178497314453,122.88197326660156
2019-12-04,63.03535079956055,141.6489715576172,88.03450012207031,65.36737060546875,116.43195343017578,51.266761779785156,110.5874252319336,44.5666389465332,104.90278625488281,122.93460845947266
2019-12-05,63.96013641357422,141.7245635986328,87.02400207519531,65.76485443115234,116.5822982788086,51.087547302246094,111.1890869140625,44.484535217285156,104.97859191894531,123.75056457519531
2019-12-06,65.19561767578125,143.44497680664062,87.58000183105469,66.3808822631836,117.26734161376953,51.90901184082031,112.8436279296875,44.67333984375,104.61636352539062,125.21576690673828
2019-12-09,64.28285217285156,143.07635498046875,87.47550201416016,66.5593032836914,117.36754608154297,52.02103042602539,112.31717681884766,44.386043548583984,105.18919372558594,125.31222534179688
2019-12-10,64.65855407714844,142.85894775390625,86.96050262451172,66.55435180664062,116.94152069091797,51.57294464111328,112.39237976074219,44.1397705078125,104.68374633789062,125.34735107421875
2019-12-11,65.21005249023438,143.39773559570312,87.43599700927734,66.62174224853516,117.76853942871094,51.498268127441406,112.1249771118164,44.28752136230469,105.01228332519531,126.33876037597656
2019-12-12,65.37625122070312,144.85342407226562,88.0165023803711,66.8318862915039,118.06925964355469,52.528831481933594,115.33381652832031,44.44349670410156,104.93645477294922,128.77784729003906
2019-12-13,66.264892578125,146.07281494140625,88.0469970703125,66.75160217285156,118.10267639160156,51.69990539550781,114.32267761230469,44.67333984375,105.69463348388672,127.68110656738281
2019-12-16,67.39922332763672,147.01815795898438,88.46050262451172,67.43702697753906,118.44518280029297,52.27492141723633,114.76555633544922,44.67333984375,105.77041625976562,127.53195190429688
2019-12-17,67.53169250488281,146.2240753173828,89.53299713134766,67.14907836914062,119.92372131347656,52.035953521728516,115.4675064086914,44.67333984375,105.55982971191406,128.41807556152344
2019-12-18,67.37031555175781,145.9215850830078,89.20149993896484,67.00138092041016,119.61466979980469,52.1778450012207,115.35053253173828,44.254695892333984,104.46473693847656,129.0760955810547
2019-12-19,67.43775939941406,147.1882781982422,89.61399841308594,67.22589874267578,121.41905975341797,51.81938171386719,114.77393341064453,44.59126281738281,105.23129272460938,127.2336654663086
2019-12-20,67.29808044433594,148.7952117919922,89.32499694824219,66.96717071533203,122.01213073730469,52.23012924194336,114.68203735351562,45.12485122680664,105.60195922851562,129.4708709716797
2019-12-23,68.3962631225586,148.7952117919922,89.6500015258789,66.93795013427734,122.32958221435547,52.49150085449219,114.64862060546875,45.075592041015625,105.2144546508789,130.28677368164062
2019-12-24,68.4613037109375,148.76686096191406,89.46050262451172,66.63066101074219,121.90354919433594,52.28985595703125,114.96614837646484,44.911415100097656,105.48401641845703,129.3918914794922
2019-12-26,69.8196029663086,149.98629760742188,93.4384994506836,67.52473449707031,121.82002258300781,52.37201690673828,116.18616485595703,45.165889739990234,105.48401641845703,130.04119873046875
2019-12-27,69.79309844970703,150.26040649414062,93.48999786376953,67.13668823242188,121.753173828125,52.192771911621094,116.26971435546875,45.43679428100586,106.21688842773438,130.09378051757812
2019-12-30,70.20731353759766,148.9653778076172,92.34449768066406,66.39673614501953,121.37728118896484,51.8865966796875,115.84355926513672,45.37111282348633,104.85224151611328,129.4270477294922
2019-12-31,70.72029113769531,149.0693359375,92.39199829101562,66.3808822631836,121.85340118408203,52.11064147949219,116.48699951171875,45.43679428100586,105.2144546508789,129.56739807128906
2020-01-02,72.33385467529297,151.8295440673828,94.90049743652344,67.83250427246094,121.93696594238281,52.94703674316406,117.89922332763672,45.14126968383789,103.95929718017578,132.06787109375
2020-01-03,71.63066101074219,149.93902587890625,93.74849700927734,67.4776611328125,120.52519989013672,52.52136993408203,116.34334564208984,44.89499282836914,103.26012420654297,130.2341766357422
2020-01-06,72.2013931274414,150.3265380859375,95.14399719238281,69.27620697021484,120.37484741210938,52.92462921142578,116.25083923339844,44.878570556640625,103.4033203125,130.14646911621094
2020-01-07,71.86181640625,148.9559326171875,95.34300231933594,69.14238739013672,121.10995483398438,52.49150085449219,114.27448272705078,44.53378677368164,102.76312255859375,128.42681884765625
2020-01-08,73.01782989501953,151.32858276367188,94.59850311279297,69.63453674316406,121.09325408935547,51.69990539550781,115.16598510742188,44.615882873535156,103.20113372802734,129.56739807128906
2020-01-09,74.56878662109375,153.2191162109375,95.05249786376953,70.36556243896484,121.45248413085938,52.095699310302734,115.58646392822266,45.42856979370117,104.32994842529297,129.24278259277344
2020-01-10,74.73738861083984,152.51014709472656,94.15799713134766,70.82001495361328,121.1767807006836,51.632686614990234,114.43428802490234,45.58454132080078,104.43102264404297,128.20753479003906
2020-01-13,76.3341064453125,154.34397888183594,94.56500244140625,71.36866760253906,121.71141052246094,52.12556457519531,115.38463592529297,46.07708740234375,105.19761657714844,128.81289672851562
2020-01-14,75.30332946777344,153.25689697265625,93.47200012207031,70.90081024169922,122.39642333984375,51.6775016784668,116.73023223876953,45.97037124633789,105.03754425048828,128.6900634765625
2020-01-15,74.98062133789062,154.2494354248047,93.10099792480469,71.3275146484375,122.80570983886719,51.5953483581543,114.98094177246094,46.545005798339844,106.10739135742188,127.7162094116211
2020-01-16,75.91987609863281,157.07582092285156,93.89700317382812,71.8707046508789,123.79981994628906,51.39372253417969,115.4266586303711,46.64351272583008,106.2000503540039,129.7340850830078
2020-01-17,76.76038360595703,157.9549102783203,93.23600006103516,73.3258056640625,124.61009216308594,51.19955825805664,116.22563171386719,46.74201583862305,106.48646545410156,130.56463623046875
2020-01-21,76.24017333984375,157.3877716064453,94.5999984741211,73.46110534667969,124.69368743896484,50.467716217041016,115.08187103271484,46.93082046508789,106.21688842773438,128.85946655273438
2020-01-22,76.5123062133789,156.6315460205078,94.37300109863281,73.54139709472656,123.84160614013672,50.17645263671875,114.94729614257812,47.29201889038086,106.40221405029297,126.01454162597656
2020-01-23,76.88078308105469,157.59568786621094,94.22899627685547,73.58203125,124.07547760009766,49.86280059814453,114.82955169677734,47.47261428833008,105.91580200195312,126.12059783935547
2020-01-24,76.65921783447266,156.00762939453125,93.08200073242188,72.66417694091797,123.90007019042969,49.52676773071289,111.97856903076172,47.349483489990234,106.04293823242188,124.02664184570312
2020-01-27,74.40501403808594,153.39871215820312,91.41699981689453,70.95730590820312,124.2592544555664,48.346832275390625,111.03667449951172,47.18531036376953,106.50899505615234,119.91835021972656
2020-01-28,76.50990295410156,156.40469360351562,92.6624984741211,71.88756561279297,124.8857650756836,48.279632568359375,113.05506896972656,46.79948043823242,106.79711151123047,120.8106918334961
2020-01-29,78.11141967773438,158.84344482421875,92.9000015258789,72.19483184814453,125.75452423095703,47.87636184692383,112.8868637084961,46.79948043823242,105.97513580322266,119.9625244140625
2020-01-30,77.99823760986328,163.3240509033203,93.53399658203125,72.07339477539062,125.60420227050781,48.384185791015625,114.28295135498047,48.31814956665039,106.72930908203125,119.60029602050781
2020-01-31,74.5398941040039,160.91360473632812,100.43599700927734,71.00933837890625,124.3594741821289,46.390254974365234,111.314208984375,47.94053268432617,105.60228729248047,116.04859924316406
2020-02-03,74.33517456054688,164.8365020751953,100.20999908447266,73.47844696044922,125.4454574584961,45.352230072021484,112.1635971069336,48.088287353515625,106.01751708984375,114.65264129638672
2020-02-04,76.7892837524414,170.26234436035156,102.4834976196289,71.63529968261719,126.64002227783203,44.7846794128418,113.7782974243164,48.30173110961914,106.48358154296875,117.95695495605469
2020-02-05,77.41544342041016,170.05441284179688,101.99349975585938,71.66699981689453,128.6365203857422,46.84580993652344,115.71260070800781,48.309932708740234,107.45807647705078,121.42913818359375
2020-02-06,78.3209457397461,173.5802764892578,102.5114974975586,73.14987182617188,128.25222778320312,46.21104431152344,115.72943115234375,48.424861907958984,107.73773193359375,121.26127624511719
2020-02-07,77.25636291503906,173.8260040283203,103.96399688720703,73.30548095703125,126.88226318359375,45.90486145019531,115.35939025878906,48.58903884887695,106.83948516845703,117.83329772949219
2020-02-10,77.62332153320312,178.372802734375,106.69550323486328,74.7699966430664,126.8572006225586,45.4200439453125,115.83877563476562,49.04875183105469,106.91573333740234,118.67261505126953
2020-02-11,77.15497589111328,174.34588623046875,107.54000091552734,74.83939361572266,126.96581268310547,45.85183334350586,116.05743408203125,48.91741180419922,105.21249389648438,120.32477569580078
2020-02-12,78.98724365234375,174.60116577148438,108.0,75.26412200927734,126.2140121459961,46.41237258911133,116.05743408203125,48.76963424682617,104.61080932617188,123.3287124633789
2020-02-13,78.42476654052734,173.65585327148438,107.49349975585938,75.0044174194336,125.37860107421875,46.15483856201172,115.9565200805664,48.93382263183594,105.89039611816406,123.44355773925781
2020-02-14,78.44408416748047,175.2061309814453,106.74349975585938,75.2690658569336,125.41204071044922,45.94271469116211,115.603271484375,49.21293258666992,106.89032745361328,121.91509246826172
2020-02-18,77.00769805908203,176.98321533203125,107.78350067138672,75.30427551269531,124.58502960205078,45.35945510864258,114.07266235351562,48.8681526184082,105.81414794921875,120.66935729980469
2020-02-19,78.12300109863281,177.5140380859375,108.51100158691406,75.57337188720703,124.41800689697266,45.7078971862793,115.6285171508789,49.06517028808594,106.29716491699219,120.91670989990234
2020-02-20,77.32154083251953,174.80319213867188,107.65499877929688,75.18283081054688,123.94178771972656,45.344295501708984,115.6285171508789,49.024112701416016,107.26319885253906,120.97852325439453
2020-02-21,75.57138061523438,169.27720642089844,104.79850006103516,73.52107238769531,125.24494934082031,44.791316986083984,114.21566772460938,49.36068344116211,107.3648452758789,121.22596740722656
2020-02-24,71.981689453125,161.97874450683594,100.4645004272461,70.36901092529297,122.6640396118164,42.693031311035156,111.14601135253906,48.14577102661133,104.48371887207031,116.77305603027344
2020-02-25,69.54351806640625,159.3057403564453,98.63700103759766,68.7067642211914,121.60481262207031,41.056819915771484,106.18412780761719,47.464412689208984,102.89910125732422,113.97235870361328
2020-02-26,70.64675903320312,161.29627990722656,98.97949981689453,68.91243743896484,120.78934478759766,40.1553840637207,106.50370788574219,47.28380584716797,101.82290649414062,113.3097152709961
2020-02-27,66.0286865234375,149.93148803710938,94.21499633789062,65.16962432861328,116.955810546875,37.73893737792969,102.0716552734375,45.092010498046875,96.17925262451172,108.90985107421875
2020-02-28,65.99005889892578,153.56179809570312,94.1875,66.37394714355469,113.05506134033203,38.966102600097656,97.64801788330078,43.90991973876953,95.95047760009766,109.7668685913086
2020-03-02,72.13375854492188,163.7796630859375,97.69750213623047,68.7067642211914,117.71243286132812,40.81442642211914,102.19781494140625,45.90469741821289,101.3144760131836,112.73544311523438
2020-03-03,69.84286499023438,155.93138122558594,95.44950103759766,66.2981185913086,113.98819732666016,38.860050201416016,98.36285400390625,46.019622802734375,100.13658142089844,109.89055633544922
2020-03-04,73.0824966430664,161.65643310546875,98.79149627685547,68.47283935546875,120.62120819091797,39.70845413208008,100.79336547851562,48.367401123046875,105.50060272216797,112.55874633789062
2020-03-05,70.71190643310547,157.5996551513672,96.20149993896484,65.16021728515625,119.38542175292969,37.9586181640625,95.8482894897461,46.57785415649414,103.06859588623047,107.76129913330078
2020-03-06,69.7728500366211,153.1447296142578,95.05449676513672,64.21755981445312,119.40219116210938,36.12545394897461,90.89482116699219,45.3629035949707,103.0940170288086,107.26654815673828
2020-03-09,64.25437927246094,142.7657012939453,90.03050231933594,60.25520324707031,114.70278930664062,31.709190368652344,78.58264923095703,42.57185363769531,98.34858703613281,91.94652557373047
2020-03-10,68.882080078125,152.5286102294922,94.59100341796875,63.19811248779297,119.07437133789062,32.88333511352539,84.68826293945312,44.049461364746094,102.15337371826172,94.08462524414062
2020-03-11,66.4897689819336,145.61875915527344,91.04299926757812,60.012855529785156,110.80201721191406,31.800092697143555,80.70195007324219,42.859153747558594,94.56073760986328,88.96026611328125
2020-03-12,59.92359161376953,131.8085479736328,83.83049774169922,55.08900833129883,105.43006896972656,28.164064407348633,74.04966735839844,38.713619232177734,86.29863739013672,81.5123291015625
2020-03-13,67.10291290283203,150.54763793945312,89.25,60.17987060546875,112.89533996582031,28.876127243041992,87.38788604736328,40.13794708251953,96.66228485107422,88.03260040283203
2020-03-16,58.470340728759766,128.3583221435547,84.4574966430664,53.1784553527832,106.87603759765625,26.126379013061523,74.3104019165039,37.47975540161133,91.9422836303711,82.52836608886719
2020-03-17,61.041297912597656,138.9269256591797,90.39199829101562,55.411651611328125,114.8288803100586,27.8837890625,78.85175323486328,39.069705963134766,100.19591522216797,88.52734375
2020-03-18,59.5470085144043,133.07864379882812,91.5,54.07996368408203,113.45861053466797,25.088594436645508,70.55113220214844,37.140235900878906,99.5264663696289,88.45668029785156
2020-03-19,59.09074783325195,135.2681884765625,94.04650115966797,55.0949592590332,106.80879211425781,26.0809268951416,71.73694610595703,34.63937759399414,93.91673278808594,91.01001739501953
2020-03-20,55.33933639526367,130.18768310546875,92.30449676513672,52.941062927246094,100.78948974609375,24.800739288330078,70.22314453125,31.7161865234375,86.79859924316406,84.3748779296875
2020-03-23,54.1637077331543,128.88912963867188,95.1415023803711,52.24325180053711,93.43352508544922,23.823558807373047,66.46391296386719,31.103397369384766,82.79041290283203,81.15007019042969
2020-03-24,59.59769058227539,140.60459899902344,97.00499725341797,56.00389862060547,100.1926040649414,26.846010208129883,74.3692626953125,32.668495178222656,87.51041412353516,89.53456115722656
2020-03-25,59.269386291503906,139.2586669921875,94.29199981689453,54.59688186645508,100.37755584716797,28.247394561767578,77.14453125,34.457191467285156,85.51904296875,92.47663116455078
2020-03-26,62.38831329345703,147.96942138671875,97.77449798583984,57.63494110107422,106.40526580810547,29.4063777923584,82.51850128173828,36.67649459838867,90.99322509765625,97.62748718261719
2020-03-27,59.8052978515625,141.89369201660156,95.00499725341797,55.02507781982422,103.53854370117188,27.98984146118164,76.63992309570312,35.45090866088867,93.3574447631836,93.15693664550781
2020-03-30,61.51202392578125,151.87452697753906,98.19750213623047,56.81174087524414,111.81925201416016,28.406469345092773,78.63312530517578,37.26445770263672,97.45036315917969,98.69651794433594
2020-03-31,61.38648986816406,149.48605346679688,97.48600006103516,57.58686447143555,110.23877716064453,28.762496948242188,75.71483612060547,36.64337921142578,93.21337890625,102.5220947265625
2020-04-01,58.15651321411133,144.17800903320312,95.38500213623047,54.62066650390625,108.28838348388672,28.42919158935547,70.94639587402344,34.879520416259766,92.64561462402344,98.37846374511719
2020-04-02,59.12696075439453,147.16372680664062,95.94149780273438,55.3606071472168,111.93697357177734,30.60323715209961,73.59553527832031,36.39494705200195,96.9419174194336,103.14056396484375
2020-04-03,58.2772216796875,145.80833435058594,95.32949829101562,54.15479278564453,112.7944564819336,29.701799392700195,71.42022705078125,36.29558181762695,97.51813507080078,101.31167602539062
2020-04-06,63.36117172241211,156.65176391601562,99.87950134277344,58.639530181884766,117.49386596679688,30.656261444091797,76.01730346679688,38.647369384765625,99.83153533935547,106.40071868896484
2020-04-07,62.6273193359375,154.964599609375,100.58000183105469,58.608306884765625,115.57711791992188,31.239543914794922,77.01998138427734,38.51487731933594,95.5606689453125,107.71710968017578
2020-04-08,64.23023223876953,156.5190887451172,102.1500015258789,59.8195686340332,120.43626403808594,33.21662521362305,80.1300048828125,39.599693298339844,97.53508758544922,112.55874633789062
2020-04-09,64.69374084472656,156.52857971191406,102.13800048828125,59.798255920410156,118.72968292236328,32.671226501464844,87.31877136230469,40.576839447021484,97.1622543334961,110.46484375
2020-04-13,65.96349334716797,156.87924194335938,108.44349670410156,59.988563537597656,117.50227355957031,32.39094543457031,83.43547821044922,38.86267852783203,98.25538635253906,100.84344482421875
2020-04-14,69.29489135742188,164.64218139648438,114.16600036621094,62.70547866821289,122.76494598388672,32.14097213745117,81.14968872070312,40.510589599609375,102.5008316040039,102.91085052490234
2020-04-15,68.66239929199219,162.9171142578125,115.38400268554688,62.31246566772461,124.13526916503906,30.663833618164062,77.1474380493164,39.425785064697266,102.72113800048828,98.53749084472656
2020-04-16,69.20796966552734,167.8079833984375,120.40950012207031,62.31890106201172,125.82504272460938,29.65635108947754,74.20735931396484,39.003440856933594,102.95840454101562,100.03062438964844
2020-04-17,68.26891326904297,169.28668212890625,118.75,63.38792419433594,127.80062103271484,32.73940658569336,80.87777709960938,39.79843521118164,105.6615982055664,103.69517517089844
2020-04-20,66.85187530517578,165.93124389648438,119.68049621582031,62.50326919555664,127.50638580322266,31.194093704223633,77.92918395996094,38.531436920166016,102.19575500488281,102.17940521240234
2020-04-21,64.78545379638672,159.06883239746094,116.40599822998047,60.07530212402344,125.83346557617188,31.027437210083008,75.66889953613281,37.579124450683594,101.4161376953125,97.94424438476562
2020-04-22,66.65151977539062,164.4716033935547,118.17449951171875,62.36747741699219,128.6160888671875,31.913724899291992,75.91531372070312,37.827552795410156,101.17887878417969,98.64862060546875
2020-04-23,66.3932113647461,162.48110961914062,119.97250366210938,62.9998664855957,130.73463439941406,32.91363525390625,75.95780181884766,37.322410583496094,101.85365295410156,100.6725845336914
2020-04-24,68.30995178222656,165.4478759765625,120.51100158691406,63.268978118896484,130.1881561279297,33.125728607177734,77.07945251464844,37.62053298950195,101.32474517822266,101.68011474609375
2020-04-27,68.35822296142578,164.97393798828125,118.80000305175781,62.984500885009766,129.70899963378906,33.28480911254883,80.40193176269531,38.73847198486328,100.19021606445312,102.71438598632812
2020-04-28,67.25017547607422,160.95501708984375,115.7040023803711,61.08781814575195,127.27106475830078,34.06503677368164,80.97122955322266,38.70534133911133,99.7125244140625,102.94622802734375
2020-04-29,69.45903015136719,168.17764282226562,118.635498046875,66.5191650390625,126.30421447753906,35.951229095458984,83.15506744384766,39.02001953125,99.87458801269531,107.04766082763672
2020-04-30,70.9243392944336,169.86488342285156,123.69999694824219,66.74317932128906,126.13607025146484,35.2012939453125,81.3706283569336,38.001461029052734,100.54846954345703,103.76651000976562
2020-05-01,69.78252410888672,165.46681213378906,114.302001953125,65.28709411621094,124.66488647460938,32.678810119628906,79.23778533935547,37.761314392089844,99.6528091430664,98.86260986328125
2020-05-04,70.76985931396484,169.51412963867188,115.79949951171875,65.5636215209961,124.6480712890625,33.996856689453125,78.2945785522461,37.38038635253906,98.7571029663086,96.04508972167969
2020-05-05,71.83201599121094,171.33399963378906,115.88999938964844,66.85816955566406,125.68212127685547,33.958988189697266,78.17562866210938,37.59568405151367,98.96183776855469,97.10610961914062
2020-05-06,72.5731430053711,173.0211944580078,117.56300354003906,66.68022918701172,124.48833465576172,33.32267761230469,76.70558166503906,37.05741882324219,96.4794692993164,96.00050354003906
2020-05-07,73.32389068603516,174.02593994140625,118.38050079345703,67.86224365234375,124.07642364501953,33.51205825805664,77.50431060791016,36.933204650878906,95.68614959716797,95.66168975830078
2020-05-08,75.06912994384766,175.0496063232422,118.98049926757812,68.60863494873047,125.00957489013672,34.98162078857422,78.77041625976562,38.18364334106445,98.91064453125,99.95928955078125
2020-05-11,76.25038146972656,177.00218200683594,120.44999694824219,69.56266021728516,125.3542709350586,34.64832305908203,76.45064544677734,37.71162414550781,98.36469268798828,96.838623046875
2020-05-12,75.37895965576172,172.9927520751953,117.84750366210938,68.1546630859375,123.69808197021484,34.06916809082031,73.95243072509766,37.115394592285156,97.71638488769531,93.61988067626953
2020-05-13,74.46883392333984,170.37672424316406,118.39600372314453,66.82395935058594,123.6896743774414,32.3780632019043,71.4032211303711,36.38666534423828,97.1789321899414,93.15624237060547
2020-05-14,74.92630767822266,171.1160125732422,119.44249725341797,67.24671936035156,124.11847686767578,32.66377639770508,74.36881256103516,36.18793487548828,97.08514404296875,94.68091583251953
2020-05-15,74.4833755493164,173.60887145996094,120.48899841308594,68.04959106445312,126.47237396240234,32.4321174621582,72.99223327636719,35.823551177978516,97.76757049560547,96.2234115600586
2020-05-18,76.23826599121094,175.26763916015625,121.31300354003906,68.65026092529297,126.53962707519531,35.01124954223633,76.8585205078125,37.23960876464844,99.13243865966797,102.55390167236328
2020-05-19,75.7977294921875,174.05433654785156,122.46649932861328,68.11599731445312,125.27860260009766,33.930179595947266,75.34600067138672,36.88352584838867,95.91645050048828,99.93254089355469
2020-05-20,77.27185821533203,176.46861267089844,124.89700317382812,69.8387222290039,124.1520767211914,35.0344123840332,77.60627746582031,38.001461029052734,96.63301086425781,103.15129089355469
2020-05-21,76.69575500488281,174.3490447998047,122.33699798583984,69.71927642822266,123.33660888671875,34.408931732177734,76.62059783935547,37.40523147583008,95.21694946289062,101.69795227050781
2020-05-22,77.1895523071289,174.42507934570312,121.84400177001953,70.04094696044922,122.21073913574219,34.4398307800293,76.0257797241211,37.28928756713867,96.05294036865234,100.2802734375
2020-05-26,76.66669464111328,172.58111572265625,121.09300231933594,70.44384765625,122.37159729003906,35.45139694213867,81.42160034179688,38.16706848144531,95.56671905517578,104.68486022949219
2020-05-27,77.0007553100586,172.80921936035156,120.51950073242188,70.38983917236328,122.65094757080078,35.70622253417969,86.13762664794922,38.69704818725586,97.15336608886719,109.15186309814453
2020-05-28,77.03462982177734,172.4195098876953,120.05500030517578,70.28872680664062,124.41169738769531,34.77959442138672,84.85453796386719,38.99517059326172,99.00447845458984,107.65394592285156
2020-05-29,76.9595718383789,174.1779022216797,122.11849975585938,71.0460205078125,125.9184799194336,35.11163330078125,82.68769836425781,38.65565490722656,98.88508605957031,107.11007690429688
2020-06-01,77.90603637695312,173.77870178222656,123.552001953125,71.11292266845703,124.59793090820312,35.73711395263672,83.78387451171875,38.91236114501953,100.01961517333984,107.43997955322266
2020-06-02,78.26669311523438,175.7557830810547,123.62049865722656,71.48165130615234,125.4952392578125,36.532470703125,84.06427001953125,38.837833404541016,100.71055603027344,109.95433044433594
2020-06-03,78.69758605957031,176.18350219726562,123.91999816894531,71.32999420166016,125.83382415771484,38.022796630859375,88.60186004638672,39.66593551635742,101.11149597167969,113.31573486328125
2020-06-04,78.01980590820312,173.86428833007812,123.02999877929688,70.09346008300781,124.20851135253906,37.91468811035156,90.44579315185547,39.6824951171875,98.99594116210938,114.98306274414062
2020-06-05,80.24189758300781,177.93235778808594,124.1500015258789,71.3681640625,124.69102478027344,40.9880256652832,94.51602935791016,40.65137481689453,100.94088745117188,120.47541046142578
2020-06-08,80.71630859375,179.0349578857422,126.2030029296875,71.76563262939453,124.24237823486328,42.26986312866211,96.40242767333984,41.28071594238281,101.55506896972656,122.79363250732422
2020-06-09,83.26516723632812,180.4036407470703,130.04299926757812,71.96585845947266,123.55671691894531,41.32778549194336,93.92969512939453,40.576839447021484,100.94940185546875,119.6462173461914
2020-06-10,85.40737915039062,187.09515380859375,132.37249755859375,72.59132385253906,125.1142807006836,39.111595153808594,90.12289428710938,40.26216506958008,101.70863342285156,118.08588409423828
2020-06-11,81.30693817138672,177.04840087890625,127.89800262451172,69.47891998291016,119.24798583984375,35.659889221191406,82.60272979736328,37.71162414550781,99.17508697509766,108.37616729736328
2020-06-12,82.0088882446289,178.44561767578125,127.2509994506836,70.02507781982422,120.3315200805664,36.42435836791992,84.86302947998047,38.1043586730957,98.62913513183594,109.80274963378906
2020-06-15,83.02311706542969,179.58624267578125,128.63400268554688,70.41264343261719,119.56966400146484,36.40119552612305,86.0356674194336,38.68929672241211,99.54190826416016,110.2129135131836
2020-06-16,85.22339630126953,183.98703002929688,130.7635040283203,71.68782806396484,122.28695678710938,37.2197151184082,86.72396087646484,39.0820426940918,100.77027893066406,116.00841522216797
2020-06-17,85.10480499267578,184.62387084960938,132.0489959716797,71.98866271972656,121.91449737548828,36.00737380981445,84.53165435791016,38.92326736450195,100.59967041015625,114.33218383789062
2020-06-18,85.13871002197266,186.60089111328125,132.69900512695312,71.07575225830078,121.39813995361328,36.231319427490234,84.0727767944336,39.26587677001953,101.75126647949219,113.76152038574219
2020-06-19,84.65216064453125,185.48883056640625,133.75050354003906,70.60592651367188,121.7536392211914,35.505455017089844,83.11258697509766,38.45532989501953,101.44417572021484,113.6456298828125
2020-06-22,86.86699676513672,190.64048767089844,135.6909942626953,71.8954849243164,121.38119506835938,35.84521484375,82.21186828613281,38.22135925292969,100.44610595703125,112.1566162109375
2020-06-23,88.72113800048828,191.91415405273438,138.2205047607422,72.55563354492188,120.93253326416016,36.061424255371094,83.21453857421875,38.13779830932617,100.42908477783203,112.5667724609375
2020-06-24,87.15504455566406,188.0456085205078,136.72000122070312,71.00538635253906,118.35916900634766,34.36260223388672,80.43590545654297,37.310516357421875,99.31157684326172,108.83086395263672
2020-06-25,88.31207275390625,190.42184448242188,137.72900390625,71.42169189453125,118.23218536376953,34.879966735839844,83.24004364013672,37.54448699951172,100.5655517578125,111.19367218017578
2020-06-26,85.5986099243164,186.61038208007812,134.64349365234375,67.5282211303711,116.65763854980469,33.683074951171875,78.67694091796875,36.40805435180664,98.29645538330078,109.1251220703125
2020-06-29,87.57136535644531,188.61593627929688,134.0189971923828,69.24449157714844,117.69884490966797,34.223609924316406,79.02535247802734,37.06819152832031,100.36933135986328,111.67513275146484
2020-06-30,88.30237579345703,193.43492126464844,137.9409942626953,70.2793197631836,119.04483032226562,34.53248977661133,79.92605590820312,37.33559799194336,101.99869537353516,112.78966522216797
2020-07-01,88.13534545898438,194.5660400390625,143.93499755859375,71.46627807617188,118.83321380615234,33.7525749206543,79.24628448486328,37.452579498291016,102.34840393066406,112.3973617553711
2020-07-02,88.13534545898438,196.0487823486328,144.51499938964844,72.85050964355469,119.33264923095703,34.03828430175781,79.50369262695312,37.50271987915039,103.11616516113281,113.8774642944336
2020-07-06,90.49300384521484,200.2689971923828,152.8520050048828,74.32344818115234,121.03410339355469,34.27766418457031,81.5114517211914,37.795188903808594,103.75594329833984,115.40211486816406
2020-07-07,90.21222686767578,197.9402618408203,150.00599670410156,73.84123992919922,120.924072265625,33.389644622802734,79.21194458007812,37.77846908569336,104.25924682617188,113.4137954711914
2020-07-08,92.31327056884766,202.29356384277344,154.0554962158203,74.51922607421875,121.27958679199219,33.31243133544922,80.05281829833984,37.66149139404297,104.83078002929688,114.24301147460938
2020-07-09,92.71023559570312,203.70977783203125,159.13150024414062,75.26560974121094,120.61932373046875,31.93791389465332,78.31961059570312,36.692169189453125,104.48102569580078,112.10311889648438
2020-07-10,92.87242126464844,203.09193420410156,160.0,76.27415466308594,120.51773834228516,32.934051513671875,82.60111236572266,37.72833251953125,105.68382263183594,114.13601684570312
2020-07-13,92.44398498535156,196.81869506835938,155.1999969482422,74.94694519042969,122.92183685302734,32.9417724609375,83.78518676757812,37.8119010925293,105.82032775878906,116.41856384277344
2020-07-14,93.97378540039062,198.0352783203125,154.1999969482422,75.37462615966797,125.2158432006836,34.03055953979492,84.26566314697266,38.329978942871094,106.70748901367188,122.044677734375
2020-07-15,94.62008666992188,197.7406768798828,150.44349670410156,75.1773910522461,125.50363159179688,34.46298599243164,85.56986236572266,38.772865295410156,106.20419311523438,123.3642349243164
2020-07-16,93.45577239990234,193.82464599609375,149.9949951171875,75.08024597167969,126.34173583984375,34.19272232055664,85.81010437011719,38.56394958496094,106.4260025024414,123.54259490966797
2020-07-17,93.26697540283203,192.83612060546875,148.09849548339844,75.17589569091797,126.42636108398438,33.605857849121094,84.2227783203125,39.123817443847656,107.16812133789062,122.97665405273438
2020-07-20,95.23247528076172,201.12442016601562,159.8419952392578,77.5047378540039,126.63803100585938,32.818214416503906,83.48487854003906,38.53889083862305,106.83543395996094,120.93754577636719
2020-07-21,93.9181137084961,198.41551208496094,156.9145050048828,77.11222076416016,126.75651550292969,34.47842025756836,85.29528045654297,39.441368103027344,106.6904296875,122.0514144897461
2020-07-22,94.18192291259766,201.26698303222656,154.99549865722656,77.55480194091797,126.98509216308594,33.675350189208984,84.6775131225586,40.51095199584961,107.6031723022461,123.04850006103516
2020-07-23,89.8951187133789,192.51295471191406,149.32749938964844,75.17094421386719,126.64649200439453,33.74484634399414,84.92636108398438,40.34383773803711,108.29936981201172,122.70711517333984
2020-07-24,89.67242431640625,191.3343505859375,150.44549560546875,74.74769592285156,125.38516235351562,33.53635025024414,84.32572937011719,40.51932144165039,108.127685546875,123.58750915527344
2020-07-27,91.7977066040039,193.75811767578125,152.760498046875,75.79937744140625,124.58943176269531,34.03055953979492,83.14166259765625,40.51095199584961,108.43671417236328,125.66255950927734
2020-07-28,90.28968811035156,192.01869201660156,150.01649475097656,74.52169799804688,124.29315948486328,33.6290283203125,83.50202941894531,40.2602653503418,109.77586364746094,123.9917221069336
2020-07-29,92.02040100097656,193.95767211914062,151.67649841308594,75.50596618652344,124.04768371582031,33.99967956542969,85.52694702148438,40.12657165527344,110.14498138427734,126.23747253417969
2020-07-30,93.13386535644531,193.8056182861328,152.593994140625,76.24244689941406,124.30162811279297,32.33173751831055,83.24463653564453,39.8508186340332,112.81472778320312,122.823974609375
2020-07-31,102.88389587402344,194.86065673828125,158.23399353027344,73.74359130859375,123.38744354248047,32.493900299072266,82.91858673095703,39.47477722167969,112.55716705322266,119.36552429199219
2020-08-03,105.47633361816406,205.81983947753906,155.59449768066406,73.48638153076172,124.73336791992188,32.62517166137695,82.45526123046875,38.68929672241211,112.70307922363281,118.37739562988281
2020-08-04,106.18070983886719,202.73077392578125,156.94149780273438,73.01753234863281,124.62328338623047,33.56724166870117,81.98335266113281,39.015193939208984,114.84915924072266,118.14383697509766
2020-08-05,106.56559753417969,202.39810180664062,160.25149536132812,73.30448913574219,125.6221923828125,33.86067581176758,83.40766143798828,39.458065032958984,114.54872131347656,121.242919921875
2020-08-06,110.28358459472656,205.6392822265625,161.25,74.58612060546875,124.90266418457031,33.69852066040039,83.43338012695312,39.67533493041992,113.92206573486328,120.72193145751953
2020-08-07,107.77620697021484,201.96083068847656,158.3730010986328,74.26002502441406,125.79149627685547,33.544090270996094,85.26953887939453,39.9427375793457,114.6431655883789,121.19804382324219
2020-08-10,109.34272003173828,197.9402618408203,157.4080047607422,74.1832046508789,125.30899047851562,34.37032699584961,86.35066986083984,39.87588119506836,115.11529541015625,127.57592010498047
2020-08-11,106.09085083007812,193.31141662597656,154.0334930419922,73.37635040283203,124.41169738769531,34.72554016113281,89.07910919189453,40.05136489868164,114.36843872070312,128.03407287597656
2020-08-12,109.6167221069336,198.83375549316406,158.11199951171875,74.69962310791016,126.6887435913086,34.717674255371094,88.32408905029297,40.46917724609375,116.28276824951172,128.07003784179688
2020-08-13,111.5566635131836,198.36798095703125,158.05099487304688,75.1659927368164,125.28356170654297,33.86723709106445,87.83502197265625,40.427391052246094,116.5574722290039,126.36325073242188
2020-08-14,111.4572525024414,198.55807495117188,157.4010009765625,74.57027435302734,125.48674011230469,34.01686096191406,87.86934661865234,40.48588562011719,115.97370147705078,125.72545623779297
2020-08-17,111.1662368774414,199.86973571777344,159.12049865722656,75.14566802978516,126.12163543701172,33.57589340209961,85.55268859863281,40.285343170166016,116.31709289550781,124.61156463623047
2020-08-18,112.09259033203125,201.01986694335938,165.62449645996094,77.10530090332031,127.05278778076172,33.4105339050293,84.36005401611328,40.460819244384766,117.18411254882812,124.297119140625
2020-08-19,112.23321533203125,199.80030822753906,163.0240020751953,76.55168914794922,127.3067855834961,33.04044723510742,84.55741119384766,39.58342742919922,116.54886627197266,123.9827651977539
2020-08-20,114.72362518310547,204.4498748779297,164.86849975585938,78.11980438232422,128.17861938476562,32.53647994995117,83.5449447631836,39.566707611083984,117.47596740722656,123.49764251708984
2020-08-21,120.6356201171875,202.96359252929688,164.23599243164062,78.08609771728516,129.31300354003906,32.292388916015625,83.50202941894531,39.508209228515625,117.98246002197266,124.35103607177734
2020-08-24,122.07844543457031,203.6019287109375,165.3730010986328,78.5608901977539,129.65382385253906,33.24517822265625,85.8530044555664,40.08478927612305,118.90096282958984,127.2705078125
2020-08-25,121.07697296142578,206.25070190429688,167.32449340820312,79.5867919921875,129.57716369628906,32.19002151489258,86.23053741455078,40.03464889526367,119.37308502197266,126.7944107055664
2020-08-26,122.7234878540039,210.7097625732422,172.09249877929688,81.48395538330078,129.7816925048828,31.504962921142578,85.0207290649414,40.24355697631836,118.7979507446289,127.4052734375
2020-08-27,121.25640869140625,215.88339233398438,170.0,80.7103271484375,130.3611297607422,31.292354583740234,87.81783294677734,40.30204391479492,118.64344787597656,128.7886199951172
2020-08-28,121.05998229980469,218.10342407226562,170.08999633789062,81.25102996826172,130.9235076904297,32.040409088134766,88.17822265625,41.6390495300293,119.12415313720703,129.02218627929688
2020-08-31,125.1653823852539,214.88294982910156,172.54800415039062,80.76038360595703,130.7275390625,31.449832916259766,85.96453857421875,41.388362884521484,118.74641418457031,127.83642578125
2020-09-01,130.1510467529297,216.54087829589844,174.95599365234375,82.02664947509766,129.11695861816406,31.048248291015625,85.92163848876953,41.04574966430664,118.61769104003906,131.196044921875
2020-09-02,127.45452117919922,220.71409606933594,176.57249450683594,85.1147689819336,131.08546447753906,30.859262466430664,87.2172622680664,42.77548599243164,120.61784362792969,134.08859252929688
2020-09-03,117.25040435791016,207.04153442382812,168.39999389648438,80.75939178466797,127.43827819824219,30.796276092529297,86.94268035888672,42.18219757080078,118.68637084960938,131.83383178710938
2020-09-04,117.32799530029297,204.13551330566406,164.7310028076172,78.36561584472656,126.62019348144531,30.77265739440918,88.82173919677734,42.650150299072266,118.42881774902344,133.1094207763672
2020-09-08,109.43241882324219,193.0926971435547,157.49200439453125,75.51043701171875,125.48686218261719,30.063966751098633,85.73287963867188,41.62232971191406,116.69478607177734,133.4148712158203
2020-09-09,113.79730224609375,201.3152313232422,163.4304962158203,76.6815414428711,127.56611633300781,29.88286018371582,86.54798126220703,41.939876556396484,118.5919189453125,137.1607208251953
2020-09-10,110.08232116699219,195.67469787597656,158.7554931640625,75.6318588256836,125.18861389160156,29.13480567932129,85.65564727783203,41.781105041503906,117.3471908569336,134.61854553222656
2020-09-11,108.63704681396484,194.3979949951172,155.81100463867188,75.12187957763672,125.92999267578125,29.056062698364258,86.71958923339844,42.6668701171875,118.58336639404297,138.18479919433594
2020-09-14,111.89614868164062,195.71282958984375,155.14849853515625,74.7784194946289,126.41568756103516,28.86707878112793,87.92081451416016,42.71741485595703,119.00398254394531,137.8973388671875
2020-09-15,112.07075500488281,198.92373657226562,157.80650329589844,76.08136749267578,126.87584686279297,28.559986114501953,85.18375396728516,43.00381088256836,119.00398254394531,133.4867401123047
2020-09-16,108.76314544677734,195.3698272705078,153.90499877929688,74.93998718261719,126.45828247070312,29.772613525390625,85.54411315917969,42.784786224365234,118.20564270019531,135.74139404296875
2020-09-17,107.0268783569336,193.33084106445312,150.43649291992188,73.698486328125,125.41017150878906,29.764741897583008,84.56597900390625,42.58261489868164,118.0511245727539,138.220703125
2020-09-18,103.63197326660156,190.92977905273438,147.74549865722656,71.91679382324219,127.12295532226562,29.284408569335938,84.38579559326172,42.498382568359375,117.92237091064453,136.8912811279297
2020-09-21,106.77469635009766,192.9783477783203,148.02349853515625,70.87850952148438,123.64623260498047,28.685970306396484,81.7774429321289,41.35273742675781,117.35579681396484,130.54930114746094
2020-09-22,108.45276641845703,197.62794494628906,156.44949340820312,72.3494644165039,122.88780975341797,27.977285385131836,80.88508605957031,41.8328971862793,118.42881774902344,132.18418884277344
2020-09-23,103.90357971191406,191.1204071044922,149.9929962158203,69.85012817382812,123.08377838134766,27.079620361328125,79.57232666015625,40.6114387512207,117.01239776611328,129.69590759277344
2020-09-24,104.97054290771484,193.59764099121094,150.989501953125,70.5177001953125,123.27979278564453,27.02449607849121,79.50369262695312,41.02421188354492,117.53604888916016,130.3786163330078
2020-09-25,108.90863037109375,198.0090789794922,154.75650024414062,71.3205795288086,124.12345123291016,27.276473999023438,80.19866180419922,41.041053771972656,118.136962890625,131.07032775878906
2020-09-28,111.5081787109375,199.55259704589844,158.70249938964844,72.2919692993164,125.35904693603516,27.80405616760254,82.5067367553711,41.512786865234375,118.47174835205078,132.6602783203125
2020-09-29,110.66427612304688,197.4754638671875,157.24400329589844,72.65673828125,125.31641387939453,26.993003845214844,81.81172943115234,41.209529876708984,117.82791900634766,132.417724609375
2020-09-30,112.33264923095703,200.40060424804688,157.43649291992188,72.63592529296875,126.86734008789062,27.03237533569336,82.60111236572266,41.5886116027832,119.31298065185547,133.9807586669922
2020-10-01,113.28324127197266,202.4300079345703,161.06300354003906,73.74111938476562,125.53800201416016,26.08745765686035,83.20172882080078,41.428558349609375,119.52764892578125,131.7889404296875
2020-10-02,109.62643432617188,196.45599365234375,156.25,72.14031219482422,124.61767578125,25.96934700012207,83.99111938476562,41.5801887512207,118.56614685058594,134.69044494628906
2020-10-05,113.00192260742188,200.4481964111328,159.9600067138672,73.4898452758789,126.31343078613281,26.567787170410156,85.76636505126953,41.59703826904297,119.65636444091797,137.87936401367188
2020-10-06,109.76222229003906,196.18923950195312,154.9980010986328,71.913330078125,124.63473510742188,26.29218864440918,84.88306427001953,41.226375579833984,119.84521484375,136.11871337890625
2020-10-07,111.62457275390625,199.9241943359375,159.7845001220703,72.31576538085938,126.01521301269531,26.378808975219727,86.36387634277344,41.7486572265625,120.78092956542969,139.0291748046875
2020-10-08,111.51786041259766,200.6387481689453,159.52749633789062,73.51958465576172,126.87584686279297,27.76468276977539,88.1391372680664,42.50680160522461,121.596435546875,140.7269287109375
2020-10-09,113.45783233642578,205.62184143066406,164.33250427246094,74.85871124267578,128.64828491210938,27.35521697998047,87.63688659667969,42.801639556884766,122.68663787841797,142.77505493164062
2020-10-12,120.66471862792969,210.94796752929688,172.14649963378906,77.54191589355469,129.3896484375,27.268604278564453,88.710693359375,43.037506103515625,124.03437042236328,146.07186889648438
2020-10-13,117.46380615234375,212.33901977539062,172.18150329589844,77.66483306884766,126.4241943359375,26.945755004882812,87.27314758300781,42.30463409423828,123.79399108886719,145.63169860839844
2020-10-14,117.55110168457031,210.43344116210938,168.1855010986328,77.48491668701172,126.20262908935547,26.890636444091797,86.78823852539062,42.220394134521484,123.64806365966797,146.97012329101562
2020-10-15,117.08551788330078,209.2901153564453,166.9324951171875,77.08992767333984,125.4272232055664,27.126867294311523,88.0871810913086,42.11089324951172,123.4677734375,148.25466918945312
2020-10-16,115.4462661743164,209.2901153564453,163.635498046875,77.6960678100586,126.20262908935547,26.85126304626465,87.90533447265625,42.14458084106445,123.94850158691406,151.5873565673828
2020-10-19,112.4975357055664,204.10696411132812,160.36050415039062,75.82514953613281,122.98157501220703,26.315814971923828,86.42449951171875,41.7992057800293,121.81959533691406,150.49143981933594
2020-10-20,113.98160552978516,204.51658630371094,160.85049438476562,76.87235260009766,123.17754364013672,26.53628921508789,86.91810607910156,42.32991409301758,122.30890655517578,151.802978515625
2020-10-21,113.36082458496094,204.6595458984375,159.2469940185547,78.6025161743164,122.64922332763672,26.111085891723633,86.05213928222656,42.11089324951172,122.96988677978516,150.37466430664062
2020-10-22,112.27444458007812,204.7452850341797,158.82000732421875,79.62693786621094,123.629150390625,27.4497127532959,89.09171295166016,42.69213104248047,122.09893035888672,152.4048614501953
2020-10-23,111.58578491210938,206.0220184326172,160.22000122070312,80.9313735961914,123.76549530029297,26.898513793945312,89.8970718383789,42.55735397338867,122.90171813964844,152.36868286132812
2020-10-26,111.5954818725586,200.16233825683594,160.3520050048828,78.51825714111328,122.68331146240234,26.26069450378418,87.67150115966797,41.950836181640625,121.96949768066406,147.49729919433594
2020-10-27,113.09893035888672,203.18272399902344,164.31649780273438,79.24134826660156,121.98452758789062,25.84335708618164,86.01750946044922,42.035072326660156,122.88445281982422,142.7162628173828
2020-10-28,107.86106872558594,193.11172485351562,158.13900756835938,74.87604522705078,117.90275573730469,24.85907554626465,83.60143280029297,40.400840759277344,118.82745361328125,136.61578369140625
2020-10-29,111.85735321044922,195.05540466308594,160.55050659179688,77.15980529785156,116.90575408935547,25.961471557617188,84.14700317382812,40.451385498046875,118.74974822998047,139.78802490234375
2020-10-30,105.59133911132812,192.91162109375,151.8074951171875,80.09527587890625,116.83759307861328,25.685869216918945,84.90039825439453,40.485084533691406,118.34405517578125,141.93902587890625
2020-11-02,105.50404357910156,192.77821350097656,150.2239990234375,80.5021743774414,118.18399047851562,26.764646530151367,86.81420135498047,40.95681381225586,119.55249786376953,147.5605010986328
2020-11-03,107.12389373779297,196.68466186523438,152.42050170898438,81.55978393554688,118.02205657958984,26.307947158813477,89.55069732666016,41.571754455566406,121.90042877197266,151.55526733398438
2020-11-04,111.49846649169922,206.1744842529297,162.05799865722656,86.5252685546875,118.78897094726562,26.166200637817383,86.81420135498047,41.420127868652344,121.39977264404297,140.29412841796875
2020-11-05,115.45597076416016,212.7487030029297,166.10000610351562,87.3504409790039,119.09577178955078,26.118953704833984,90.36469268798828,41.64756774902344,122.90171813964844,147.39785766601562
2020-11-06,115.32479095458984,213.15843200683594,165.56849670410156,87.21317291259766,121.21759796142578,25.81186294555664,89.1609878540039,41.65599060058594,123.63542938232422,145.7710418701172
2020-11-09,113.02200317382812,208.08004760742188,157.18699645996094,87.29691314697266,124.4813232421875,29.07968521118164,101.23273468017578,44.284236907958984,119.11231231689453,154.38409423828125
2020-11-10,112.68191528320312,201.04843139648438,151.75100708007812,86.1223373413086,126.35604858398438,29.724821090698242,100.90364074707031,45.472007751464844,121.07177734375,155.7217254638672
2020-11-11,116.10211944580078,206.32693481445312,156.8695068359375,86.59367370605469,125.94703674316406,29.418380737304688,99.3968276977539,45.13505172729492,122.63414001464844,153.15493774414062
2020-11-12,115.8300552368164,205.26931762695312,155.51400756835938,86.37510681152344,126.37307739257812,28.410348892211914,98.17581176757812,44.65488815307617,122.70320129394531,152.85670471191406
2020-11-13,115.87863159179688,206.288818359375,156.4405059814453,87.83415222167969,127.73649597167969,29.095813751220703,98.79064178466797,45.025535583496094,124.54178619384766,155.18850708007812
2020-11-16,116.8891372680664,206.9748077392578,156.55299377441406,87.921875,128.5460968017578,30.773176193237305,101.57910919189453,45.362491607666016,122.94487762451172,156.52609252929688
2020-11-17,116.00494384765625,204.3356170654297,156.7830047607422,87.30882263183594,127.267822265625,31.184452056884766,100.548583984375,45.21928405761719,122.47010803222656,155.36920166015625
2020-11-18,114.68350982666016,201.64173889160156,155.2729949951172,86.26704406738281,125.58055114746094,30.007064819335938,99.80384826660156,44.31793975830078,120.58836364746094,156.119384765625
2020-11-19,115.27619934082031,202.9217987060547,155.8509979248047,87.15567779541016,125.38459014892578,30.160293579101562,100.07230377197266,44.75597381591797,120.44164276123047,156.2639923095703
2020-11-20,114.0130615234375,200.98252868652344,154.97000122070312,86.0559310913086,124.71990203857422,29.789339065551758,99.2149887084961,44.368473052978516,120.24311065673828,155.65843200683594
2020-11-23,110.62202453613281,200.715087890625,154.91949462890625,85.61878967285156,123.44995880126953,31.74088478088379,102.07272338867188,44.37689971923828,119.7769546508789,157.9630889892578
2020-11-24,111.90458679199219,204.29739379882812,155.9029998779297,87.41983032226562,123.44995880126953,33.853721618652344,106.79226684570312,44.8317985534668,119.38849639892578,159.8791046142578
2020-11-25,112.74020385742188,204.3069610595703,159.2534942626953,87.43122100830078,123.28695678710938,32.91019821166992,105.67517852783203,44.58750915527344,119.70789337158203,157.82754516601562
2020-11-27,113.28431701660156,205.60610961914062,159.76699829101562,88.56568145751953,123.56153869628906,32.41020965576172,104.9737319946289,44.39374542236328,119.6474838256836,158.23422241210938
2020-11-30,115.67456817626953,204.4979705810547,158.40199279785156,86.9489974975586,124.14503479003906,30.748981475830078,102.08137512207031,43.80794906616211,119.87188720703125,156.8875732421875
2020-12-01,119.24053192138672,206.54232788085938,161.00399780273438,88.97899627685547,126.5218505859375,31.047359466552734,103.69208526611328,44.18151092529297,120.3034896850586,156.5893096923828
2020-12-02,119.59033966064453,205.73985290527344,160.17649841308594,90.44649505615234,127.11392211914062,32.2086067199707,105.68383026123047,44.240936279296875,119.43167114257812,157.140625
2020-12-03,119.45430755615234,204.660400390625,159.3365020751953,90.29137420654297,127.85186767578125,32.42634582519531,104.99105072021484,44.80975341796875,118.55120086669922,157.82754516601562
2020-12-04,118.78384399414062,204.77503967285156,158.12899780273438,90.38652038574219,128.94158935546875,33.61178970336914,105.943603515625,45.718177795410156,118.66341400146484,164.67816162109375
2020-12-07,120.2413330078125,204.7081756591797,157.89999389648438,90.052978515625,127.82614135742188,32.9827766418457,105.5452651977539,44.988040924072266,118.84468841552734,161.51492309570312
2020-12-08,120.85346221923828,206.3512725830078,158.864501953125,89.7704849243164,130.0399627685547,34.063392639160156,105.64920043945312,45.14936447143555,119.16409301757812,161.63241577148438
2020-12-09,118.3271713256836,202.32949829101562,155.2100067138672,88.1116943359375,131.36993408203125,34.514984130859375,104.8265151977539,45.27670669555664,117.74845123291016,162.74411010742188
2020-12-10,119.74578094482422,201.10671997070312,155.07449340820312,87.60568237304688,130.64060974121094,35.49076461791992,104.15103912353516,45.03899002075195,116.9715347290039,161.64144897460938
2020-12-11,118.93932342529297,203.7241973876953,155.8209991455078,87.96004486083984,131.24122619628906,35.321414947509766,103.53619384765625,45.29368209838867,117.83474731445312,162.0391387939453
2020-12-14,118.3271713256836,204.62217712402344,157.84849548339844,86.84295654296875,127.91194915771484,34.047264099121094,102.44508361816406,45.22576904296875,117.26505279541016,160.91844177246094
2020-12-15,124.25422668457031,204.5552978515625,158.25599670410156,87.28005981445312,129.19903564453125,34.708534240722656,104.19436645507812,45.70969009399414,117.95560455322266,164.2533721923828
2020-12-16,124.18622589111328,209.47500610351562,162.04800415039062,87.08727264404297,128.42674255371094,35.24077224731445,104.4974594116211,45.0474739074707,118.49079895019531,162.22894287109375
2020-12-17,125.05097961425781,209.6087646484375,161.8040008544922,86.26061248779297,131.81614685058594,35.063358306884766,103.6314697265625,45.22576904296875,119.33670806884766,161.93069458007812
2020-12-18,123.06883239746094,208.8158721923828,160.08250427246094,85.55238342285156,132.57977294921875,34.458534240722656,103.12055206298828,45.624786376953125,120.01863098144531,163.5484619140625
2020-12-21,124.59430694580078,212.63702392578125,160.3090057373047,85.96571350097656,131.30130004882812,33.82952880859375,106.99147033691406,44.835235595703125,118.70660400390625,162.825439453125
2020-12-22,128.14080810546875,213.9266815185547,160.3260040283203,85.25502014160156,131.0438690185547,33.25696563720703,105.3634262084961,44.792781829833984,117.86929321289062,159.58987426757812
2020-12-23,127.24691009521484,211.13722229003906,159.2635040283203,85.65200805664062,130.37457275390625,33.68437194824219,108.3077392578125,45.064453125,117.6880111694336,161.2528533935547
2020-12-24,128.22830200195312,212.78988647460938,158.63450622558594,85.9458999633789,130.82937622070312,33.547271728515625,107.83145141601562,45.370086669921875,118.87921142578125,162.2831573486328
2020-12-28,132.81446838378906,214.9010772705078,164.197998046875,87.91840362548828,131.4471435546875,33.66018295288086,108.54155731201172,45.98137283325195,119.70789337158203,161.20767211914062
2020-12-29,131.04605102539062,214.12725830078125,166.10000610351562,87.11553192138672,132.2623291015625,33.28116226196289,108.25580596923828,45.955902099609375,119.48345947265625,159.6531524658203
2020-12-30,129.9286651611328,211.76768493652344,164.29249572753906,86.04948425292969,133.90127563476562,33.547271728515625,108.55887603759766,46.219078063964844,118.9223861694336,162.7169952392578
2020-12-31,128.92784118652344,212.474609375,162.84649658203125,86.86178588867188,135.0424346923828,33.24082946777344,110.03970336914062,46.558677673339844,120.1050033569336,164.50648498535156
2021-01-04,125.74087524414062,207.95614624023438,159.3314971923828,85.54794311523438,134.28733825683594,33.46662902832031,109.00052642822266,44.792781829833984,118.96553039550781,164.6239471435547
2021-01-05,127.29545593261719,208.15672302246094,160.92550659179688,86.23782348632812,135.8662109375,35.07948684692383,109.59362030029297,44.300357818603516,119.72512817382812,165.97059631347656
2021-01-06,123.0105209350586,202.7593536376953,156.91900634765625,85.38684844970703,137.1447296142578,35.974609375,114.73969268798828,42.89103698730469,120.98540496826172,175.2072296142578
2021-01-07,127.20804595947266,208.529296875,158.10800170898438,87.93724060058594,137.6080780029297,36.25685501098633,118.50762176513672,42.41560363769531,119.85462951660156,175.54165649414062
2021-01-08,128.30599975585938,209.79981994628906,159.13499450683594,89.1014175415039,137.32492065429688,36.660072326660156,118.63848876953125,43.36647415161133,119.8028335571289,175.56875610351562
2021-01-11,125.32303619384766,207.76507568359375,155.7104949951172,87.04266357421875,136.75,37.772945404052734,120.40911102294922,42.619361877441406,118.9914321899414,175.2072296142578
2021-01-12,125.14813995361328,205.31951904296875,156.04150390625,86.10795593261719,135.68600463867188,38.61163330078125,122.30180358886719,42.54295349121094,118.30087280273438,178.53317260742188
2021-01-13,127.17887878417969,206.66647338867188,158.29449462890625,86.59465026855469,135.4800567626953,39.047088623046875,122.41520690917969,42.58539962768555,118.48213958740234,177.0419464111328
2021-01-14,125.2550277709961,203.49497985839844,156.37350463867188,85.78532409667969,137.84832763671875,40.57123565673828,123.13040924072266,41.795833587646484,117.22190856933594,178.40664672851562
2021-01-15,123.53520202636719,203.14144897460938,155.21249389648438,85.62176513671875,137.5480194091797,38.61968994140625,120.9236831665039,41.34587097167969,116.34143829345703,175.89414978027344
2021-01-19,124.20564270019531,206.76197814941406,156.03799438476562,88.43929290771484,139.67601013183594,39.38578796386719,120.40036010742188,41.184566497802734,115.3228759765625,176.32115173339844
2021-01-20,128.28656005859375,214.3087615966797,163.16900634765625,93.17727661132812,139.3328399658203,39.94223403930664,118.59486389160156,41.328895568847656,113.88131713867188,174.7583770751953
2021-01-21,132.9893341064453,214.91058349609375,165.34950256347656,93.37947845458984,138.77503967285156,38.7971076965332,117.60054016113281,41.55811309814453,113.76929473876953,174.62210083007812
2021-01-22,135.126953125,215.84677124023438,164.6114959716797,93.79629516601562,140.33670043945312,38.24872970581055,116.6934585571289,41.1675910949707,112.89221954345703,174.3949432373047
2021-01-25,138.86781311035156,219.26670837402344,164.6999969482422,93.88153839111328,142.42181396484375,37.821327209472656,115.23686981201172,41.41379165649414,114.83745574951172,170.21543884277344
2021-01-26,139.10098266601562,221.94151306152344,166.30650329589844,94.55901336669922,146.28311157226562,36.9907112121582,114.76586151123047,41.84678268432617,115.57557678222656,170.0972900390625
2021-01-27,138.03219604492188,222.4860076904297,161.62899780273438,90.14763641357422,144.0521697998047,36.571372985839844,111.52123260498047,41.201541900634766,111.48542785644531,164.11878967285156
2021-01-28,133.20310974121094,228.2463836669922,161.88099670410156,91.8455810546875,145.1505126953125,37.1439323425293,113.48368072509766,41.727928161621094,113.20487213134766,167.4896697998047
2021-01-29,128.2185516357422,221.5880584716797,160.30999755859375,90.56493377685547,139.97633361816406,36.16009521484375,112.22771453857422,40.878929138183594,111.33778381347656,166.12677001953125
2021-02-01,130.33676147460938,228.93418884277344,167.1439971923828,93.82157135009766,139.61593627929688,36.224613189697266,113.05631256103516,41.159095764160156,111.99778747558594,167.83494567871094
2021-02-02,131.16265869140625,228.8004913330078,169.0,95.11261749267578,138.36317443847656,36.79717254638672,116.53644561767578,41.56660842895508,111.8414535522461,174.9037628173828
2021-02-03,130.1423797607422,232.1343994140625,165.62649536132812,102.03919982910156,137.71961975097656,38.240665435791016,117.87096405029297,41.40531539916992,111.98041534423828,173.94973754882812
2021-02-04,133.49459838867188,231.18862915039062,166.5500030517578,101.77900695800781,138.99815368652344,38.974525451660156,120.58352661132812,41.60905456542969,112.04985809326172,174.13143920898438
2021-02-05,133.08102416992188,231.37017822265625,167.6074981689453,103.5235366821289,141.10899353027344,40.28092575073242,120.34801483154297,42.152408599853516,112.51881408691406,175.35804748535156
2021-02-08,133.22698974609375,231.62811279296875,166.14700317382812,103.30992889404297,141.51229858398438,42.01474380493164,122.23197174072266,42.38163757324219,112.17144775390625,179.40126037597656
2021-02-09,132.35121154785156,232.86996459960938,165.25,102.85743713378906,142.67066955566406,41.52267074584961,121.74357604980469,42.19486618041992,111.73725891113281,179.24684143066406
2021-02-10,131.7478790283203,231.9624481201172,164.32899475097656,103.40705871582031,143.13400268554688,41.92452621459961,121.81334686279297,42.10996627807617,111.34647369384766,179.6466064453125
2021-02-11,131.49485778808594,233.55776977539062,163.10650634765625,103.51956939697266,142.49050903320312,40.8747673034668,121.47315979003906,42.70427322387695,111.4419937133789,180.2190399169922
2021-02-12,131.72840881347656,234.0354461669922,163.885498046875,103.830810546875,142.9366912841797,41.432456970214844,123.20015716552734,43.035369873046875,110.8254165649414,179.8919219970703
2021-02-16,129.6070556640625,232.80311584472656,163.44749450683594,104.60742950439453,141.6409912109375,42.679046630859375,126.16569519042969,42.67879104614258,111.08595275878906,183.8806915283203
2021-02-17,127.32026672363281,233.8180694580078,165.4320068359375,104.99994659423828,142.14723205566406,43.34332275390625,126.55818939208984,42.55992889404297,111.55490112304688,183.8079833984375
2021-02-18,126.22069549560547,233.42544555664062,166.4114990234375,104.36505126953125,142.2158966064453,42.662635803222656,126.9855728149414,43.10327911376953,112.48408508300781,181.64549255371094
2021-02-19,126.3763427734375,230.725341796875,162.4949951171875,103.52254486083984,139.84764099121094,42.949668884277344,129.10507202148438,42.54295349121094,110.39122009277344,190.72235107421875
2021-02-22,122.61048889160156,224.54002380371094,159.03700256347656,101.81022644042969,139.7613067626953,44.532508850097656,130.3174285888672,42.98443603515625,109.92230224609375,198.12734985351562
2021-02-23,122.47422790527344,223.35272216796875,159.72500610351562,102.10065460205078,138.52662658691406,45.14760208129883,131.3640899658203,42.90801239013672,110.73860168457031,200.0535888671875
2021-02-24,121.97795867919922,224.57827758789062,157.97650146484375,103.27473449707031,140.3829345703125,46.500789642333984,133.67543029785156,43.05234909057617,110.86016082763672,202.13421630859375
2021-02-25,117.73526000976562,219.25465393066406,152.85800170898438,99.91156005859375,140.5297393798828,45.72988510131836,131.86122131347656,42.593902587890625,109.92230224609375,201.5436248779297
2021-02-26,117.99799346923828,222.50057983398438,154.64649963378906,100.20693969726562,136.8170166015625,44.58991241455078,128.36367797851562,41.59207534790039,107.27367401123047,196.14662170410156
2021-03-01,124.35234069824219,226.86669921875,157.3070068359375,102.57347106933594,137.55960083007812,46.25476837158203,131.26817321777344,42.36466979980469,107.93365478515625,199.67193603515625
2021-03-02,121.7541732788086,223.92723083496094,154.72650146484375,102.31674194335938,137.3005828857422,45.984127044677734,130.8407745361328,42.534461975097656,107.59498596191406,196.09213256835938
2021-03-03,118.77645111083984,217.88546752929688,150.25,99.68655395507812,134.88296508789062,46.35316848754883,133.3701629638672,42.432586669921875,106.95236206054688,195.2652587890625
2021-03-04,116.89839172363281,217.09071350097656,148.8784942626953,100.80265808105469,132.1632537841797,48.14923095703125,131.32046508789062,42.39862060546875,106.07527160644531,193.32089233398438
2021-03-05,118.1536865234375,221.7537078857422,150.0229949951172,103.9319076538086,134.7793731689453,49.969905853271484,131.62571716308594,43.12025833129883,109.40126037597656,200.03541564941406
2021-03-08,113.22980499267578,217.72271728515625,147.59750366210938,99.49275970458984,135.9018096923828,49.92069625854492,133.3701629638672,43.841915130615234,110.55620574951172,201.3255615234375
2021-03-09,117.83256530761719,223.8410186767578,153.1425018310547,101.121337890625,136.16082763671875,49.149784088134766,132.42820739746094,43.1796989440918,109.57493591308594,196.98252868652344
2021-03-10,116.75242614746094,222.5388641357422,152.8820037841797,100.91466522216797,137.4127960205078,50.65879440307617,135.30650329589844,43.67210006713867,110.58226776123047,200.8531036376953
2021-03-11,118.67915344238281,227.04861450195312,155.67950439453125,104.10389709472656,137.40419006347656,50.28155517578125,134.6000518798828,43.196685791015625,110.20886993408203,199.67193603515625
2021-03-12,117.77417755126953,225.72727966308594,154.47450256347656,101.59910583496094,137.8013458251953,50.822818756103516,136.19613647460938,43.11106491088867,111.2770004272461,208.0673370361328
2021-03-15,120.654541015625,224.82723999023438,154.08399963378906,101.81914520263672,138.5093536376953,49.52703857421875,135.51580810546875,43.684627532958984,111.64173126220703,209.64830017089844
2021-03-16,122.19205474853516,227.6039276123047,154.59300231933594,103.2787094116211,139.32958984375,48.4772834777832,133.8935089111328,43.847286224365234,111.97172546386719,205.75950622558594
2021-03-17,121.40384674072266,226.96241760253906,156.7864990234375,103.19593811035156,138.81153869628906,48.690513610839844,135.27157592773438,43.864402770996094,111.52015686035156,212.27410888671875
2021-03-18,117.2876205444336,220.91111755371094,151.39950561523438,100.1786880493164,138.55250549316406,46.59101104736328,137.50448608398438,43.290836334228516,111.76329040527344,209.59376525878906
2021-03-19,116.76213836669922,220.55685424804688,153.7480010986328,100.45722198486328,138.18125915527344,46.32857131958008,135.31521606445312,43.496299743652344,111.16410827636719,204.69644165039062
2021-03-22,120.0707015991211,225.95706176757812,155.5435028076172,100.64208984375,138.57838439941406,45.85289764404297,131.6780548095703,43.6589469909668,113.04853057861328,205.35975646972656
2021-03-23,119.2435531616211,227.47946166992188,156.875,101.16939544677734,138.4488983154297,45.287017822265625,130.3610076904297,43.9928092956543,115.15007019042969,198.3000030517578
2021-03-24,116.85945892333984,225.4496307373047,154.35350036621094,100.73329162597656,139.7958221435547,46.2055549621582,131.37278747558594,44.104095458984375,115.1153335571289,201.00758361816406
2021-03-25,117.34600830078125,222.46226501464844,152.31300354003906,100.72979736328125,139.84767150878906,46.0743293762207,133.05618286132812,44.53213882446289,115.91425323486328,203.7515411376953
2021-03-26,117.9493408203125,226.42625427246094,152.60150146484375,100.3467025756836,142.40330505371094,47.329124450683594,135.27157592773438,45.40530776977539,117.62503051757812,208.52163696289062
2021-03-29,118.1244888305664,225.2389678955078,153.7864990234375,101.39044952392578,143.36175537109375,47.07488250732422,133.16957092285156,46.09871292114258,119.46601867675781,209.17579650878906
2021-03-30,116.67457580566406,221.99307250976562,152.76449584960938,101.42415618896484,142.47242736816406,46.49259948730469,134.7395477294922,45.49946975708008,117.62503051757812,211.77439880371094
2021-03-31,118.86406707763672,225.7464141845703,154.70399475097656,102.21959686279297,141.90257263183594,45.787296295166016,132.77703857421875,45.12281036376953,117.60762786865234,210.67495727539062
2021-04-01,119.69119262695312,232.0467071533203,158.0500030517578,105.55303955078125,140.59019470214844,47.06666946411133,134.06796264648438,44.95158386230469,116.6089859008789,211.4654541015625
2021-04-05,122.51316833496094,238.4810028076172,161.3365020751953,109.97283172607422,141.10821533203125,46.336769104003906,134.77859497070312,45.208404541015625,118.49344635009766,212.3468475341797
2021-04-06,122.81482696533203,237.32240295410156,161.1909942626953,109.49211120605469,141.07371520996094,46.2055549621582,133.8310546875,45.53371047973633,118.53681945800781,209.55740356445312
2021-04-07,124.45934295654297,239.2756805419922,163.96949768066406,110.96752166748047,141.2636260986328,46.41057205200195,135.9279327392578,45.610755920410156,118.74524688720703,209.348388671875
2021-04-08,126.85318756103516,242.48326110839844,164.96499633789062,111.53251647949219,140.71102905273438,45.92671585083008,136.09461975097656,45.473793029785156,119.1968002319336,209.4120635986328
2021-04-09,129.4221649169922,244.9727325439453,168.61000061035156,112.53560638427734,139.2259979248047,45.82009506225586,137.11233520507812,45.52515411376953,118.42394256591797,209.65736389160156
2021-04-12,127.70951080322266,245.03018188476562,168.96949768066406,111.24457550048828,139.56272888183594,45.51665496826172,136.8228302001953,45.670684814453125,118.90155029296875,209.82090759277344
2021-04-13,130.81369018554688,247.50048828125,170.0,111.73077392578125,137.6977081298828,45.688880920410156,135.19094848632812,45.448097229003906,117.32976531982422,208.38536071777344
2021-04-14,128.47830200195312,244.72381591796875,166.64999389648438,111.11026000976562,138.0775909423828,47.009273529052734,132.66419982910156,45.439544677734375,117.7552719116211,211.32009887695312
2021-04-15,130.8818359375,248.4675750732422,168.95449829101562,113.25820922851562,138.4833984375,46.730430603027344,133.5064239501953,45.653564453125,119.17942810058594,211.265625
2021-04-16,130.5509490966797,249.6548309326172,169.9720001220703,113.13431549072266,140.0807342529297,46.467979431152344,134.49786376953125,45.953182220458984,119.1881332397461,212.02877807617188
2021-04-19,131.2126922607422,247.73992919921875,168.60049438476562,113.48172760009766,140.46925354003906,46.320377349853516,133.9275665283203,46.22712326049805,118.6323471069336,211.14747619628906
2021-04-20,129.52920532226562,247.2802734375,166.7344970703125,112.94895935058594,143.7416534423828,45.34442901611328,130.96214294433594,46.372650146484375,119.62236785888672,206.8225555419922
2021-04-21,129.9087371826172,249.5016326904297,168.1009979248047,112.91624450683594,143.83665466308594,45.92671585083008,132.0763702392578,46.74931335449219,118.84074401855469,211.21104431152344
2021-04-22,128.3907012939453,246.23666381835938,165.45199584960938,111.63610076904297,142.61920166015625,45.32802963256836,129.29515075683594,46.60378646850586,117.66094207763672,207.9673614501953
2021-04-23,130.7066650390625,250.04737854003906,167.04400634765625,113.98575592041016,142.9127960205078,45.57405471801758,131.7693328857422,46.62947082519531,117.05790710449219,210.02096557617188
2021-04-26,131.09588623046875,250.4303741455078,170.4499969482422,114.48136901855469,141.70401000976562,45.664276123046875,132.09390258789062,45.936058044433594,114.71569061279297,210.4316864013672
2021-04-27,130.77481079101562,250.83253479003906,170.8715057373047,113.54219055175781,140.89236450195312,46.262962341308594,132.69931030273438,45.86758041381836,114.64578247070312,210.23089599609375
2021-04-28,129.986572265625,243.7375946044922,172.9250030517578,116.91529083251953,139.85629272460938,47.657161712646484,133.55906677246094,45.87613296508789,114.83806610107422,212.019775390625
2021-04-29,129.88925170898438,241.7747344970703,173.5655059814453,118.58646392822266,141.7730712890625,48.337867736816406,136.15606689453125,46.44969940185547,115.80814361572266,207.6114501953125
2021-04-30,127.923583984375,241.45877075195312,173.37100219726562,116.64071655273438,140.50384521484375,46.94365692138672,134.94529724121094,46.209991455078125,116.60343170166016,208.19557189941406
2021-05-03,128.97454833984375,241.15235900878906,169.32449340820312,116.12429809570312,142.64512634277344,48.239444732666016,134.5504913330078,46.63802719116211,117.98429107666016,208.2502899169922
2021-05-04,124.41072845458984,237.25537109375,165.593505859375,114.32774353027344,144.85545349121094,48.54290008544922,136.41046142578125,46.34695816040039,117.58226013183594,213.0328369140625
2021-05-05,124.65399169921875,235.99151611328125,163.52699279785156,114.72124481201172,144.25106811523438,50.00270462036133,138.2002410888672,46.22712326049805,116.63838958740234,217.11260986328125
2021-05-06,126.24986267089844,239.1129150390625,165.31849670410156,115.84033203125,144.8295440673828,50.47837829589844,140.98143005371094,46.689388275146484,118.10664367675781,216.37332153320312
2021-05-07,126.92243194580078,241.7268524169922,164.58050537109375,116.56291198730469,145.48574829101562,51.2000846862793,141.46400451660156,46.6637077331543,118.1153793334961,219.9510955810547
2021-05-10,123.64729309082031,236.67132568359375,159.52450561523438,113.58035278320312,147.01397705078125,51.32310485839844,141.4464569091797,47.00613021850586,120.31774139404297,221.4296875
2021-05-11,122.73103332519531,235.76173400878906,161.19549560546875,112.5053939819336,145.81382751464844,49.69105911254883,139.09510803222656,46.50105667114258,119.72347259521484,218.40866088867188
2021-05-12,119.6702880859375,228.83908081054688,157.5970001220703,109.0455551147461,145.2267303466797,49.95732498168945,138.1388702392578,46.2613639831543,118.45622253417969,216.60150146484375
2021-05-13,121.81474304199219,232.6977996826172,158.07350158691406,110.47241973876953,146.74636840820312,49.34159469604492,141.692138671875,46.6637077331543,120.3614501953125,219.11141967773438
2021-05-14,124.23213195800781,237.60012817382812,161.14500427246094,112.91773223876953,146.97085571289062,50.564735412597656,143.89427185058594,46.85204315185547,120.61492156982422,221.08282470703125
2021-05-17,123.08191680908203,234.75636291503906,163.51950073242188,113.44010925292969,147.1176300048828,51.74626922607422,144.47332763671875,46.774986267089844,120.37020111083984,223.41932678222656
2021-05-18,121.6977767944336,232.74566650390625,161.61399841308594,112.12921905517578,147.16940307617188,50.281829833984375,142.43789672851562,46.51818084716797,119.1379165649414,218.56381225585938
2021-05-19,121.54180908203125,233.32144165039062,161.58999633789062,112.57676696777344,146.84994506835938,49.07533264160156,141.3499298095703,46.372650146484375,119.38262939453125,216.19078063964844
2021-05-20,124.09565734863281,236.5460662841797,162.38400268554688,114.33367919921875,147.70472717285156,48.95884323120117,141.10426330566406,46.7835578918457,120.60619354248047,214.47494506835938
2021-05-21,122.26313781738281,235.28884887695312,160.1540069580078,113.69831085205078,147.6097412109375,49.02540969848633,142.70986938476562,46.75788497924805,120.60619354248047,216.5285186767578
2021-05-24,123.89097595214844,240.67276000976562,162.24949645996094,117.014404296875,148.1744842529297,49.59952926635742,143.48194885253906,46.911964416503906,120.57122802734375,218.1804962158203
2021-05-25,123.69603729248047,241.5748291015625,162.95249938964844,117.1051025390625,147.76614379882812,48.47623825073242,141.99920654296875,46.90340042114258,120.98197174072266,216.464599609375
2021-05-26,123.64729309082031,241.35415649414062,163.25799560546875,117.96945190429688,146.88865661621094,49.04204559326172,141.9816131591797,47.108856201171875,120.71102905273438,216.95742797851562
2021-05-27,122.11693572998047,239.2620086669922,161.5054931640625,117.09568786621094,146.66278076171875,48.725868225097656,144.1925811767578,47.50265884399414,117.96680450439453,220.21578979492188
2021-05-28,121.46383666992188,239.61708068847656,161.15350341796875,116.80673217773438,147.04501342773438,48.567771911621094,144.09603881835938,47.33142852783203,117.8531723022461,220.0332794189453
2021-06-01,121.14217376708984,237.42897033691406,160.9324951171875,118.0125503540039,143.81307983398438,50.30678939819336,145.68405151367188,47.322872161865234,116.13152313232422,221.5665740966797
2021-06-02,121.90247344970703,237.33302307128906,161.69949340820312,117.48771667480469,144.39517211914062,50.7061767578125,145.69285583496094,47.511207580566406,116.63838958740234,222.2054901123047
2021-06-03,120.42084503173828,235.80706787109375,159.35049438476562,116.34732055664062,144.25616455078125,50.9058723449707,145.78933715820312,47.63105773925781,118.72718048095703,222.5522918701172
2021-06-04,122.71150207519531,240.68231201171875,160.31100463867188,118.62660217285156,144.1953582763672,51.130531311035156,146.02622985839844,48.144683837890625,118.81454467773438,222.7165985107422
2021-06-07,122.72126007080078,243.5806427001953,159.90049743652344,119.05928039550781,143.21359252929688,50.79771423339844,145.3419189453125,47.973472595214844,119.22528839111328,218.8284912109375
2021-06-08,123.5400619506836,242.3905792236328,163.20550537109375,118.86796569824219,141.95379638671875,51.69634246826172,144.7628631591797,47.639625549316406,117.84445190429688,219.1935577392578
2021-06-09,123.92021179199219,243.36947631835938,164.0574951171875,119.33879852294922,143.8651885986328,52.129024505615234,142.9554901123047,47.494083404541016,117.80075073242188,214.16458129882812
2021-06-10,122.92595672607422,246.8723907470703,167.4824981689453,120.68634796142578,145.1597137451172,52.21223068237305,140.7270050048828,47.86219024658203,118.6747055053711,206.02334594726562
2021-06-11,124.13465118408203,247.49618530273438,167.3415069580078,120.44200897216797,143.31785583496094,51.72962951660156,140.6305694580078,48.076194763183594,117.8619384765625,201.4324493408203
2021-06-14,127.1856460571289,249.41558837890625,169.19349670410156,121.36930847167969,143.674072265625,51.64641571044922,138.24415588378906,47.912322998046875,117.9056625366211,199.88999938964844
2021-06-15,126.36682891845703,247.94723510742188,169.156494140625,120.35232543945312,142.9095458984375,53.52689743041992,136.14727783203125,47.79157638549805,117.67839813232422,200.30072021484375
2021-06-16,126.86394500732422,247.00677490234375,170.7624969482422,119.71099090576172,142.85740661621094,53.33552551269531,137.1035614013672,47.15332794189453,116.04412841796875,198.20150756835938
2021-06-17,128.46253967285156,250.3848876953125,174.46200561523438,120.67345428466797,143.54376220703125,51.579856872558594,133.14669799804688,47.394832611083984,117.10163116455078,191.16461181640625
2021-06-18,127.16614532470703,248.97410583496094,174.34500122070312,119.05531311035156,140.72882080078125,50.25686264038086,129.7777099609375,46.37706756591797,115.3886489868164,190.6260986328125
2021-06-21,128.95970153808594,252.04513549804688,172.697998046875,120.74185180664062,142.3447723388672,52.0790901184082,131.97982788085938,46.885948181152344,116.29756164550781,194.59637451171875
2021-06-22,130.59727478027344,254.80908203125,175.27200317382812,121.25530242919922,142.15367126464844,53.077579498291016,131.78684997558594,47.058448791503906,116.34126281738281,194.5233154296875
2021-06-23,130.32432556152344,254.5787811279297,175.1909942626953,121.05360412597656,141.29354858398438,53.46865463256836,132.58522033691406,46.67893981933594,116.17521667480469,195.125732421875
2021-06-24,130.04164123535156,255.94154357910156,172.45399475097656,121.42330932617188,141.9364776611328,53.68497848510742,133.80471801757812,46.91181945800781,116.25385284423828,200.191162109375
2021-06-25,129.74920654296875,254.3389129638672,170.072998046875,121.43174743652344,142.66624450683594,53.801475524902344,135.1558380126953,46.851444244384766,117.91439056396484,197.4257049560547
2021-06-28,131.3770751953125,257.88970947265625,172.1945037841797,121.45899963378906,142.501220703125,52.42856216430664,135.40150451660156,46.79969787597656,118.26397705078125,197.38922119140625
2021-06-29,132.88790893554688,260.461669921875,172.40699768066406,121.19782257080078,142.5098419189453,52.10405731201172,135.2348175048828,46.454689025878906,117.4599380493164,196.3213348388672
2021-06-30,133.5020294189453,259.9818420410156,172.00799560546875,121.01641082763672,143.12673950195312,52.4868049621582,136.4630889892578,46.670318603515625,117.9231185913086,198.63047790527344
2021-07-01,133.80418395996094,260.65362548828125,171.64849853515625,121.3683090209961,144.1866455078125,52.636573791503906,137.81423950195312,46.54093551635742,118.19403839111328,197.7908172607422
2021-07-02,136.42623901367188,266.4598388671875,175.5489959716797,124.15657806396484,146.8104705810547,52.56169891357422,137.68190002441406,46.7307014465332,118.77085876464844,198.7491455078125
2021-07-06,138.4342498779297,266.4693908691406,183.78700256347656,125.08087158203125,145.9329376220703,51.06397247314453,135.36996459960938,46.4719352722168,118.84072875976562,194.87925720214844
2021-07-07,140.91986083984375,268.6478576660156,184.82899475097656,125.36238098144531,147.1840057373047,50.26519012451172,135.52879333496094,46.851444244384766,119.73223114013672,195.9471435546875
2021-07-08,139.62347412109375,266.2391052246094,186.57049560546875,123.94495391845703,146.89730834960938,50.04052734375,133.1903839111328,46.68756866455078,119.71473693847656,193.59239196777344
2021-07-09,141.44627380371094,266.73809814453125,185.9669952392578,124.41527557373047,147.47946166992188,50.947486877441406,137.45245361328125,46.97219467163086,119.75843048095703,198.43881225585938
2021-07-12,140.8516845703125,266.14306640625,185.92750549316406,125.85948944091797,147.24485778808594,50.89755630493164,139.4202423095703,46.989444732666016,119.85456085205078,199.49749755859375
2021-07-13,141.9628448486328,269.6556091308594,183.8679962158203,126.22225952148438,147.06239318847656,50.656272888183594,137.3465576171875,47.45519256591797,119.70600128173828,196.40350341796875
2021-07-14,145.38427734375,271.1239318847656,184.08399963378906,127.10989379882812,148.0615234375,49.532962799072266,136.87884521484375,48.52471160888672,120.58869171142578,193.16343688964844
2021-07-15,144.73118591308594,269.7035217285156,181.55999755859375,125.88871002197266,146.2804718017578,49.05037307739258,137.17889404296875,48.679962158203125,121.61993408203125,192.95350646972656
2021-07-16,142.6939239501953,269.43487548828125,178.68150329589844,125.85401916503906,146.04586791992188,47.69409942626953,134.0463409423828,48.64546203613281,122.7998046875,189.79556274414062
2021-07-19,138.8533935546875,265.8455810546875,177.47950744628906,123.48306274414062,144.9859619140625,46.05491638183594,129.68727111816406,48.06758117675781,122.73863220214844,186.34539794921875
2021-07-20,142.4599609375,268.0626220703125,178.6595001220703,125.10021209716797,146.35000610351562,46.56248474121094,132.1050567626953,48.15383529663086,122.08316802978516,190.8232421875
2021-07-21,141.7289276123047,270.05865478515625,179.25999450683594,126.42794799804688,147.25355529785156,48.06020736694336,134.88461303710938,48.774845123291016,121.65492248535156,193.364990234375
2021-07-22,143.0935821533203,274.6075744628906,181.90150451660156,127.2927474975586,147.67926025390625,47.51935958862305,133.1815948486328,48.705833435058594,121.18883514404297,191.92437744140625
2021-07-23,144.80914306640625,277.9953308105469,182.83200073242188,131.84588623046875,149.2517547607422,47.46112060546875,132.92567443847656,49.171592712402344,122.93889617919922,192.26388549804688
2021-07-26,145.228271484375,277.4003601074219,184.99099731445312,132.85691833496094,149.32130432128906,48.659297943115234,133.81690979003906,49.214717864990234,123.369873046875,193.6403045654297
2021-07-27,143.06434631347656,274.99139404296875,181.3195037841797,130.7406768798828,150.00759887695312,48.11845779418945,133.6404571533203,49.38721466064453,123.87114715576172,192.6033935546875
2021-07-28,141.3195343017578,274.68438720703125,181.51600646972656,134.8978271484375,149.5906219482422,48.44295883178711,133.8610382080078,48.9387092590332,122.0331039428711,194.01651000976562
2021-07-29,141.9628448486328,274.9530944824219,179.99600219726562,134.58407592773438,149.5906219482422,49.03372573852539,135.0081787109375,49.206092834472656,122.66630554199219,195.044189453125
2021-07-30,142.17730712890625,273.4272155761719,166.37950134277344,133.5423583984375,149.60797119140625,47.902122497558594,133.93161010742188,49.188846588134766,125.08479309082031,189.71299743652344
2021-08-02,141.8459014892578,273.3407897949219,166.57400512695312,133.66921997070312,149.66885375976562,47.910438537597656,133.3933868408203,49.05946731567383,124.7770004272461,188.25401306152344
2021-08-03,143.63946533203125,275.548095703125,168.31199645996094,134.4379119873047,151.5106964111328,48.42631530761719,134.91111755371094,49.093955993652344,126.59747314453125,191.31875610351562
2021-08-04,143.23980712890625,274.9627380371094,167.73599243164062,133.93783569335938,150.6157989501953,47.29470443725586,133.45516967773438,48.38670349121094,125.26065826416016,187.66673278808594
2021-08-05,143.3470001220703,277.85137939453125,168.79949951171875,135.05393981933594,150.90252685546875,47.5942497253418,135.14051818847656,48.73170852661133,125.3222427368164,190.11669921875
2021-08-06,142.66366577148438,277.7938232421875,167.2469940185547,134.5454559326172,150.39865112304688,48.143409729003906,138.97901916503906,48.85246276855469,124.36363220214844,191.18113708496094
2021-08-09,142.6148681640625,276.7093505859375,167.093505859375,135.70962524414062,150.91990661621094,47.5942497253418,138.82899475097656,48.861083984375,125.0407943725586,191.67662048339844
2021-08-10,142.13648986816406,274.8954772949219,166.03399658203125,135.6045684814453,150.97203063964844,48.40968322753906,140.53201293945312,48.99047088623047,125.11998748779297,196.42979431152344
2021-08-11,142.3903350830078,275.3849792480469,164.60549926757812,135.08120727539062,150.99810791015625,48.55112075805664,142.2086181640625,48.930084228515625,125.42780303955078,203.3943328857422
2021-08-12,145.3482208251953,278.1296691894531,165.1750030517578,135.98817443847656,152.21441650390625,48.44131851196289,142.76451110839844,49.02495574951172,125.71800994873047,202.09136962890625
2021-08-13,145.55325317382812,281.0471496582031,164.69850158691406,136.51695251464844,153.12667846679688,47.95143127441406,141.16734313964844,49.3613395690918,126.32484436035156,200.5590057373047
2021-08-16,147.5251922607422,282.72662353515625,164.94949340820312,137.0938262939453,154.508056640625,47.25035095214844,140.2408447265625,49.57697296142578,127.20429992675781,199.7698211669922
2021-08-17,146.6173553466797,281.2679138183594,162.09800720214844,135.4603729248047,155.92416381835938,46.929386138916016,138.546630859375,49.40446853637695,127.41534423828125,195.85166931152344
2021-08-18,142.87844848632812,279.5468444824219,160.06100463867188,134.25848388671875,153.94334411621094,45.94112777709961,137.28480529785156,48.73170852661133,126.02580261230469,192.5208282470703
2021-08-19,143.21034240722656,285.35430908203125,159.3874969482422,134.48745727539062,155.14230346679688,44.53899383544922,136.13766479492188,49.042213439941406,127.5120849609375,187.6024932861328
2021-08-20,144.66494750976562,292.6524353027344,159.99749755859375,136.22158813476562,155.8981170654297,44.54743957519531,136.52593994140625,48.85246276855469,127.60004425048828,188.0521240234375
2021-08-23,146.14874267578125,292.9313659667969,163.2935028076172,138.8106231689453,155.22515869140625,46.38035202026367,138.2730712890625,48.679962158203125,126.9492416381836,191.9060516357422
2021-08-24,146.06089782714844,290.9794616699219,165.28900146484375,140.0198974609375,153.28497314453125,46.76044845581055,139.1290283203125,48.309085845947266,125.92025756835938,195.0717010498047
2021-08-25,144.8308868408203,290.39288330078125,164.95899963378906,140.83021545410156,152.2711944580078,46.84491729736328,141.99684143066406,48.36083221435547,125.47176361083984,197.06289672851562
2021-08-26,144.03036499023438,287.585205078125,165.8000030517578,140.19737243652344,151.4583740234375,46.211421966552734,142.72923278808594,47.90369415283203,125.25189208984375,193.8329620361328
2021-08-27,145.06517028808594,288.1910095214844,167.48150634765625,142.73829650878906,151.13499450683594,47.10675811767578,143.8763885498047,47.99858856201172,125.1551284790039,195.2919464111328
2021-08-30,149.47764587402344,291.9120788574219,171.07850646972656,143.31964111328125,151.77301025390625,46.59151077270508,141.5732879638672,48.455711364746094,125.70040130615234,194.0256805419922
2021-08-31,148.21835327148438,290.267822265625,173.5395050048828,143.42568969726562,151.309814453125,46.050933837890625,141.14088439941406,48.567832946777344,125.2254867553711,193.4934844970703
2021-09-01,148.8821563720703,290.21978759765625,173.9499969482422,143.93914794921875,151.84292602539062,45.41743469238281,140.93797302246094,48.89558792114258,126.50070190429688,190.8232421875
2021-09-02,149.99501037597656,289.56591796875,173.156005859375,142.02761840820312,152.88291931152344,46.52394485473633,141.59092712402344,48.9645881652832,126.59747314453125,194.32846069335938
2021-09-03,150.62954711914062,289.5563659667969,173.90249633789062,142.47613525390625,152.97906494140625,46.34656524658203,140.73504638671875,48.930084228515625,126.68541717529297,193.03466796875
2021-09-07,152.9626922607422,288.63323974609375,175.46449279785156,143.0123748779297,150.60189819335938,46.07627487182617,140.48794555664062,48.01582336425781,126.21050262451172,191.0709991455078
2021-09-08,151.42030334472656,288.66217041015625,176.27499389648438,142.42803955078125,150.23484802246094,45.65393829345703,139.86138916015625,48.662715911865234,127.16911315917969,189.73133850097656
2021-09-09,150.40509033203125,285.81597900390625,174.20799255371094,142.2793731689453,146.88751220703125,45.6877326965332,140.4702606201172,48.17970275878906,126.63265991210938,188.4925994873047
2021-09-10,145.42636108398438,284.3351745605469,173.45750427246094,139.63780212402344,145.9261474609375,45.59481430053711,138.85548400878906,47.96407699584961,126.7557601928711,188.11631774902344
2021-09-13,145.99256896972656,285.56591796875,172.85850524902344,141.08148193359375,144.90362548828125,46.768890380859375,141.0614776611328,48.36083221435547,128.11891174316406,189.2082977294922
2021-09-14,144.59658813476562,288.25823974609375,172.5,141.29161071777344,144.0297088623047,46.10160827636719,138.59957885742188,48.395591735839844,127.8990478515625,185.65721130371094
2021-09-15,145.48489379882812,293.0948486328125,173.7895050048828,143.16004943847656,144.57150268554688,47.655792236328125,139.56138610839844,48.56071090698242,127.62644958496094,188.77708435058594
2021-09-16,145.25064086914062,293.47943115234375,174.41200256347656,142.3477783203125,144.396728515625,47.148990631103516,139.49961853027344,48.10012435913086,126.73814392089844,186.82257080078125
2021-09-17,142.58554077148438,288.33526611328125,173.12600708007812,139.56246948242188,143.98594665527344,46.59151077270508,139.13780212402344,47.309326171875,126.9404067993164,183.28976440429688
2021-09-20,139.53976440429688,282.9793701171875,167.7864990234375,137.50025939941406,143.16445922851562,45.349857330322266,134.97288513183594,46.97909927368164,125.66525268554688,175.09568786621094
2021-09-21,140.01812744140625,283.4601745605469,167.18150329589844,137.8109893798828,143.793701171875,45.30763626098633,134.99050903320312,46.97040557861328,125.85872650146484,174.1964569091797
2021-09-22,142.38059997558594,287.09478759765625,169.00250244140625,139.05050659179688,143.2693328857422,46.63374710083008,137.5759735107422,47.03992462158203,126.28966522216797,175.58201599121094
2021-09-23,143.33724975585938,288.037109375,170.8000030517578,139.97482299804688,144.0821075439453,48.2132682800293,142.2262420654297,46.96171569824219,126.80850219726562,180.41770935058594
2021-09-24,143.42510986328125,287.8351745605469,171.2760009765625,140.96502685546875,143.64515686035156,48.64403533935547,143.86753845214844,46.83137130737305,126.24568176269531,180.60125732421875
2021-09-27,141.91197204589844,282.85443115234375,170.2899932861328,139.83206176757812,142.60508728027344,50.088417053222656,147.34420776367188,46.588035583496094,124.5835189819336,183.5192108154297
2021-09-28,138.5343017578125,272.61407470703125,165.79800415039062,134.63613891601562,142.29046630859375,50.61211013793945,146.55006408691406,45.74509048461914,123.64249420166016,184.0238800048828
2021-09-29,139.4324188232422,273.0756530761719,165.05599975585938,133.17262268066406,143.34800720214844,50.57832336425781,146.43533325195312,46.023170471191406,124.9001235961914,181.56472778320312
2021-09-30,138.13404846191406,271.0757141113281,164.2519989013672,132.50108337402344,141.1455535888672,49.682979583740234,144.4411163330078,45.59735870361328,122.94773864746094,176.15090942382812
2021-10-01,139.2566680908203,277.9794616699219,164.16299438476562,135.34288024902344,140.24542236328125,51.46521759033203,147.47659301757812,46.0753059387207,122.75422668457031,178.31646728515625
2021-10-04,135.83021545410156,272.2198181152344,159.48899841308594,132.48472595214844,139.15289306640625,52.13248825073242,147.31776428222656,46.04925537109375,122.05943298339844,177.21531677246094
2021-10-05,137.7532958984375,277.6525573730469,161.0500030517578,134.82745361328125,139.46755981445312,52.04801940917969,149.72349548339844,46.12746047973633,122.53436279296875,176.6372528076172
2021-10-06,138.62216186523438,281.8352355957031,163.10049438476562,136.35589599609375,139.75599670410156,51.09355545043945,150.0430908203125,46.67494201660156,124.170166015625,176.04998779296875
2021-10-07,139.88148498535156,283.5083923339844,165.1215057373047,138.00132751464844,141.0057373046875,51.237152099609375,150.992919921875,46.82267379760742,125.16393280029297,179.6194610595703
2021-10-08,139.50071716308594,283.5083923339844,164.43099975585938,138.556884765625,140.64739990234375,52.52103805541992,151.10833740234375,47.03123474121094,124.64509582519531,179.0780487060547
2021-10-11,139.4128875732422,282.91217041015625,162.31500244140625,137.69305419921875,140.05313110351562,51.997344970703125,147.93028259277344,47.12682342529297,125.16393280029297,176.99508666992188
2021-10-12,138.14382934570312,281.61407470703125,162.3665008544922,135.2497100830078,137.81576538085938,51.727054595947266,146.79397583007812,47.12682342529297,124.97923278808594,174.26983642578125
2021-10-13,137.5580596923828,284.9122009277344,164.21400451660156,136.3727569580078,139.13548278808594,51.58346176147461,142.9235076904297,47.13552474975586,125.26948547363281,173.37060546875
2021-10-14,140.3402862548828,291.10443115234375,164.9929962158203,139.91038513183594,139.9307861328125,52.36899948120117,145.11619567871094,47.457054138183594,126.68541717529297,178.31646728515625
2021-10-15,141.3946075439453,292.5082702636719,170.4510040283203,140.12545776367188,140.9707794189453,52.867347717285156,147.90367126464844,47.344085693359375,127.01080322265625,182.61997985839844
2021-10-18,143.0639190673828,295.4697570800781,172.33700561523438,141.52308654785156,139.9394989013672,52.842010498046875,147.8503875732422,46.874813079833984,125.18155670166016,181.8491973876953
2021-10-19,145.22137451171875,296.3735656738281,172.20750427246094,141.97804260253906,143.21685791015625,53.63599395751953,149.64361572265625,47.05731201171875,123.70405578613281,184.56524658203125
2021-10-20,145.70948791503906,295.5851745605469,170.7530059814453,140.52294921875,143.13821411132812,53.93162536621094,151.65872192382812,47.47443389892578,124.187744140625,187.36395263671875
2021-10-21,145.92417907714844,298.8062744140625,171.75050354003906,140.63894653320312,142.80612182617188,52.951812744140625,150.46917724609375,47.231117248535156,123.29399108886719,185.48291015625
2021-10-22,145.1530303955078,297.2678527832031,166.77749633789062,136.35736083984375,143.08578491210938,53.315025329589844,152.4931640625,47.318023681640625,124.62135314941406,185.1322479248047
2021-10-25,145.10415649414062,296.2774963378906,166.01849365234375,136.2389373779297,143.400390625,54.35395431518555,151.7474822998047,47.12682342529297,124.6390380859375,186.57162475585938
2021-10-26,145.7680206298828,298.1813049316406,168.80349731445312,138.08409118652344,144.85992431640625,55.61249542236328,152.15582275390625,47.33539581298828,126.40888214111328,184.20037841796875
2021-10-27,145.30917358398438,310.7389831542969,169.62449645996094,144.93235778808594,143.10325622558594,54.168128967285156,148.98667907714844,48.247867584228516,125.5062484741211,180.96182250976562
2021-10-28,148.9407501220703,311.8735656738281,172.32850646972656,144.5670928955078,142.32540893554688,54.32016372680664,151.23260498046875,48.699745178222656,126.25839233398438,188.30621337890625
2021-10-29,146.2366180419922,318.8639221191406,168.6215057373047,146.7447967529297,142.35166931152344,54.45530700683594,150.8153839111328,48.986515045166016,126.53276062011719,188.23240661621094
2021-11-01,145.41661071777344,316.7004089355469,165.90550231933594,142.23577880859375,142.47401428222656,55.435115814208984,150.73548889160156,48.81271743774414,126.2230224609375,189.4964599609375
2021-11-02,146.45140075683594,320.3158264160156,165.6374969482422,144.1542510986328,144.7201385498047,54.750953674316406,151.33026123046875,48.75189208984375,127.4795913696289,191.1018829345703
2021-11-03,147.8863983154297,321.15234375,169.1999969482422,145.30953979492188,144.25689697265625,53.99919891357422,151.38351440429688,48.91700744628906,128.35565185546875,187.80799865722656
2021-11-04,147.36903381347656,323.4985046386719,173.85000610351562,146.96432495117188,143.85487365722656,54.40463638305664,149.39501953125,49.18639373779297,128.5945587158203,187.8448944091797
2021-11-05,147.8969268798828,323.1331481933594,175.94949340820312,147.54368591308594,142.8323211669922,54.91987609863281,149.18197631835938,49.39496994018555,129.2317352294922,189.95777893066406
2021-11-08,147.07574462890625,324.02734375,174.44900512695312,147.72109985351562,142.34288024902344,55.51114273071289,150.0785675048828,48.95176696777344,128.26719665527344,197.68045043945312
2021-11-09,147.43743896484375,323.02728271484375,178.81149291992188,147.60960388183594,142.0282745361328,56.051727294921875,148.94229125976562,49.0908088684082,128.65655517578125,193.58383178710938
2021-11-10,144.61207580566406,318.075439453125,174.1024932861328,144.61119079589844,143.56649780273438,54.947479248046875,148.8002471923828,49.29068374633789,129.9219512939453,190.6866912841797
2021-11-11,144.5631866455078,319.6427917480469,173.625,144.48532104492188,142.5089569091797,55.0501823425293,148.79136657714844,49.30805969238281,129.55026245117188,192.40281677246094
2021-11-12,146.63577270507812,323.76776123046875,176.25750732421875,147.37120056152344,144.2132110595703,54.6307373046875,148.12554931640625,49.195091247558594,129.69186401367188,193.08560180664062
2021-11-15,146.64553833007812,323.1426696777344,177.28399658203125,147.147216796875,142.9110107421875,55.10155487060547,147.85923767089844,49.20377731323242,130.43516540527344,191.64627075195312
2021-11-16,147.62318420410156,326.450439453125,177.03500366210938,146.5762939453125,142.16810607910156,55.657955169677734,146.79397583007812,48.85618209838867,130.2493438720703,189.54257202148438
2021-11-17,150.05752563476562,326.6719665527344,177.4499969482422,146.7457733154297,142.70123291015625,55.0501823425293,146.00389099121094,48.58677673339844,130.1697235107422,187.28204345703125
2021-11-18,154.3395233154297,328.7430725097656,184.80299377441406,148.5215301513672,141.93214416503906,54.45096969604492,144.74334716796875,48.15226745605469,130.18740844726562,185.84271240234375
2021-11-19,156.95962524414062,330.5155029296875,183.82850646972656,147.61753845214844,142.36036682128906,51.93429183959961,142.85247802734375,47.9089469909668,129.9219512939453,184.93849182128906
2021-11-22,157.4191131591797,327.3558654785156,178.6284942626953,145.01609802246094,140.48667907714844,52.65335464477539,145.89739990234375,48.204410552978516,130.78915405273438,186.72850036621094
2021-11-23,157.8004150390625,325.2847900390625,179.0019989013672,144.5006561279297,141.35755920410156,54.040103912353516,149.38616943359375,48.56071090698242,132.24038696289062,189.45033264160156
2021-11-24,158.31851196289062,325.50634765625,179.02049255371094,144.83570861816406,140.9617156982422,54.33970260620117,148.21435546875,48.16965103149414,131.55020141601562,191.0557861328125
2021-11-26,153.3032684326172,317.5784606933594,175.22799682617188,140.93331909179688,140.04681396484375,52.430789947509766,143.74908447265625,46.69232177734375,130.4971466064453,183.36073303222656
2021-11-29,156.65655517578125,324.2734069824219,178.07850646972656,144.2513885498047,140.5306396484375,52.72182846069336,143.12771606445312,47.43098831176758,131.86878967285156,180.76806640625
2021-11-30,161.60340881347656,318.4550476074219,175.35350036621094,140.6503143310547,137.17018127441406,51.22381591796875,140.99717712402344,45.933441162109375,127.93977355957031,178.39683532714844
2021-12-01,161.0852508544922,317.9637756347656,172.18600463867188,139.81175231933594,139.06153869628906,51.1810188293457,140.1627197265625,45.80208206176758,129.55026245117188,176.66224670410156
2021-12-02,160.09783935546875,317.3954772949219,171.8679962158203,141.7094268798828,138.19065856933594,52.456478118896484,143.1099395751953,46.47640609741211,130.3113250732422,181.57078552246094
2021-12-03,158.2207794189453,311.15325927734375,169.489501953125,140.75338745117188,140.2051544189453,52.122623443603516,140.5177764892578,46.88801574707031,132.62979125976562,182.5026397705078
2021-12-06,161.6229705810547,314.21661376953125,171.36849975585938,141.89674377441406,143.3368377685547,52.71328353881836,142.1778106689453,48.08781051635742,134.6384735107422,185.71353149414062
2021-12-07,167.35191345214844,322.6261901855469,176.1645050048828,145.97511291503906,143.70632934570312,53.303932189941406,144.31724548339844,48.35053253173828,134.28456115722656,188.67527770996094
2021-12-08,171.1646728515625,322.6742858886719,176.1580047607422,146.884033203125,144.5684356689453,53.4580078125,142.6660919189453,48.16660690307617,134.88624572753906,188.39849853515625
2021-12-09,170.6562957763672,320.87286376953125,174.17100524902344,146.34085083007812,145.9407196044922,53.59496307373047,142.44415283203125,48.04401397705078,135.67385864257812,188.34315490722656
2021-12-10,175.43698120117188,329.96636962890625,172.21200561523438,146.70065307617188,145.58004760742188,53.93736267089844,141.87600708007812,49.28759002685547,137.5675048828125,187.7249755859375
2021-12-13,171.80995178222656,326.9416809082031,169.5675048828125,144.5447998046875,148.18394470214844,52.756080627441406,140.18930053710938,50.583709716796875,139.52317810058594,185.6858367919922
2021-12-14,170.43150329589844,316.2877197265625,169.0915069580078,142.6421356201172,149.80259704589844,52.679039001464844,141.2634735107422,50.618736267089844,140.036376953125,186.0457305908203
2021-12-15,175.2903289794922,322.3660583496094,173.31500244140625,145.15390014648438,150.55030822753906,52.44791030883789,140.2071075439453,50.846439361572266,140.57623291015625,186.8853302001953
2021-12-16,168.40777587890625,312.9739074707031,168.87100219726562,143.17543029785156,152.19537353515625,52.53350830078125,142.3997802734375,51.363136291503906,142.5672607421875,190.22532653808594
2021-12-17,167.3128204345703,311.9142761230469,170.0175018310547,140.47933959960938,147.9904327392578,51.38645553588867,139.15953063964844,50.55743408203125,139.33738708496094,185.79652404785156
2021-12-20,165.95388793945312,308.16717529296875,167.07899475097656,140.3623504638672,147.56813049316406,50.6417236328125,136.6561737060547,50.39104461669922,139.69129943847656,180.34361267089844
2021-12-21,169.12142944335938,315.2762145996094,170.41700744628906,142.21151733398438,147.09315490722656,51.788780212402344,138.56478881835938,50.59246063232422,139.60281372070312,182.9732666015625
2021-12-22,171.71217346191406,320.96923828125,171.03700256347656,145.12814331054688,147.7265167236328,52.20821762084961,139.10630798339844,50.9515266418457,140.98330688476562,186.51626586914062
2021-12-23,172.33782958984375,322.40460205078125,171.06849670410156,145.6251983642578,148.0080108642578,52.23391342163086,139.60342407226562,50.98656463623047,141.6735076904297,190.25302124023438
2021-12-27,176.2973175048828,329.8797302246094,169.66949462890625,146.6064910888672,149.25717163085938,52.978641510009766,140.4023895263672,51.363136291503906,143.3282928466797,190.41912841796875
2021-12-28,175.280517578125,328.7237854003906,170.66099548339844,145.39773559570312,149.8553466796875,52.807430267333984,140.8284912109375,51.56455993652344,144.09812927246094,190.6405487060547
2021-12-29,175.3685302734375,329.3981018066406,169.2010040283203,145.36602783203125,150.9109649658203,52.34518814086914,140.75747680664062,51.6258544921875,145.2927703857422,191.29562377929688
2021-12-30,174.2149200439453,326.8646545410156,168.64450073242188,144.91549682617188,151.5795440673828,52.03702926635742,140.68643188476562,51.47698211669922,144.03622436523438,190.14231872558594
2021-12-31,173.59902954101562,323.9747009277344,166.7169952392578,143.57888793945312,150.48875427246094,52.379425048828125,140.57106018066406,51.853553771972656,144.7529754638672,190.75128173828125
2022-01-03,177.939697265625,322.46240234375,170.4044952392578,143.7171173095703,150.90216064453125,54.39106750488281,143.54490661621094,51.9323844909668,144.15121459960938,190.9911651611328
2022-01-04,175.68138122558594,316.93310546875,167.52200317382812,143.13034057617188,150.49754333496094,56.43693161010742,148.98667907714844,52.79936599731445,144.6556396484375,201.21424865722656
2022-01-05,171.00827026367188,304.76666259765625,164.35699462890625,136.56402587890625,151.50038146972656,57.138858795166016,146.2628631591797,53.23725891113281,145.31051635742188,202.75509643554688
2022-01-06,168.15357971191406,302.3584289550781,163.25399780273438,136.5367889404297,150.9813232421875,58.48280715942383,147.8167724609375,52.9570198059082,144.08929443359375,204.82188415527344
2022-01-07,168.3197479248047,302.51263427734375,162.5540008544922,135.81271362304688,153.022216796875,58.962154388427734,149.28135681152344,52.83440399169922,144.00965881347656,206.85174560546875
2022-01-10,168.3393096923828,302.734130859375,161.48599243164062,137.45068359375,152.26568603515625,58.6112060546875,149.4242706298828,52.921974182128906,142.04518127441406,204.49896240234375
2022-01-11,171.1646728515625,303.41802978515625,165.36199951171875,138.5078125,150.6470489501953,61.07651138305664,149.57606506347656,52.939491271972656,140.3992462158203,202.93968200683594
2022-01-12,171.60464477539062,306.5872802734375,165.20700073242188,140.18740844726562,149.36273193359375,60.896751403808594,150.42446899414062,53.01832580566406,140.70895385742188,205.20016479492188
2022-01-13,168.3393096923828,293.6117248535156,161.21400451660156,137.36892700195312,148.45664978027344,60.46018600463867,150.23692321777344,53.333580017089844,140.07179260253906,209.44444274902344
2022-01-14,169.1996612548828,298.81353759765625,162.13800048828125,138.25457763671875,147.6473388671875,61.52164840698242,141.0028839111328,53.76270294189453,141.4168701171875,211.234375
2022-01-18,166.00279235839844,291.5405578613281,158.91749572753906,134.80267333984375,146.99635314941406,62.55742263793945,135.0908660888672,53.333580017089844,138.69137573242188,212.0924530029297
2022-01-19,162.51263427734375,292.19561767578125,156.2989959716797,133.92892456054688,146.53892517089844,62.58310317993164,133.00115966796875,53.421165466308594,143.3548583984375,205.50979614257812
2022-01-20,160.8310546875,290.529296875,151.66749572753906,132.13583374023438,145.36895751953125,62.72005081176758,131.86700439453125,53.20221710205078,144.12889099121094,200.8462677001953
2022-01-21,158.778076171875,285.1636657714844,142.64300537109375,129.20579528808594,145.03465270996094,61.778446197509766,129.5629425048828,52.939491271972656,144.68048095703125,198.49131774902344
2022-01-24,158.0056915283203,285.4910888671875,144.54400634765625,129.6543426513672,143.36322021484375,62.309181213378906,129.44683837890625,52.510379791259766,143.5060577392578,198.71385192871094
2022-01-25,156.20684814453125,277.9004211425781,139.98599243164062,125.8193359375,147.46261596679688,64.14103698730469,130.85784912109375,52.38776397705078,141.94021606445312,198.6953125
2022-01-26,156.11886596679688,285.8186340332031,138.87249755859375,128.09713745117188,148.12237548828125,63.490474700927734,132.0991973876953,52.19509506225586,140.7035675048828,198.67674255371094
2022-01-27,155.65939331054688,288.83380126953125,139.6374969482422,127.87113189697266,150.06651306152344,64.3037109375,129.76832580566406,52.238887786865234,141.5754852294922,196.711181640625
2022-01-28,166.52090454101562,296.9447326660156,143.97799682617188,132.17893981933594,151.12210083007812,64.44064331054688,130.9293212890625,53.28104019165039,142.79428100585938,186.50338745117188
2022-01-31,170.8714141845703,299.5648498535156,149.57350158691406,134.11427307128906,151.5619659423828,65.02273559570312,132.70648193359375,53.42991638183594,142.74984741210938,186.87425231933594
2022-02-01,170.7052001953125,297.4264221191406,151.19349670410156,136.43421936035156,150.3216094970703,69.19152069091797,134.98373413085938,53.03582763671875,142.11814880371094,190.3881072998047
2022-02-02,171.90768432617188,301.953857421875,150.6125030517578,146.69918823242188,151.9842071533203,69.01177215576172,133.9031219482422,53.57879638671875,144.66265869140625,190.00799560546875
2022-02-03,169.033447265625,290.1920471191406,138.8455047607422,141.83233642578125,151.9753875732422,68.20709991455078,132.7957763671875,53.95537185668945,146.03277587890625,185.97491455078125
2022-02-04,168.7495880126953,294.70989990234375,157.63949584960938,142.03353881835938,150.9813232421875,69.68799591064453,136.242919921875,53.38612747192383,143.710693359375,183.95375061035156
2022-02-07,168.03501892089844,289.903076171875,157.9355010986328,137.97755432128906,150.4799346923828,70.5268783569336,136.6983642578125,53.94661331176758,142.63417053222656,185.2610626220703
2022-02-08,171.13807678222656,293.38055419921875,161.4134979248047,138.17379760742188,150.87579345703125,68.70360565185547,139.2703399658203,54.29691696166992,142.3139190673828,186.81863403320312
2022-02-09,172.5574493408203,299.7864990234375,161.1894989013672,140.34750366210938,150.85821533203125,68.37469482421875,139.850830078125,53.4561882019043,141.99362182617188,188.76564025878906
2022-02-10,168.4852752685547,291.2806091308594,159.0034942626953,137.401611328125,149.0372314453125,67.71693420410156,139.2703399658203,53.75394821166992,139.83169555664062,188.27423095703125
2022-02-11,165.07876586914062,284.21002197265625,153.2935028076172,133.1022491455078,147.53298950195312,69.42196655273438,137.45745849609375,52.79936599731445,139.0487823486328,186.5775909423828
2022-02-14,165.31373596191406,284.1715087890625,155.16700744628906,134.33482360839844,145.6768341064453,68.3573989868164,136.180419921875,53.14092254638672,139.44908142089844,185.32595825195312
2022-02-15,169.14112854003906,289.4406433105469,156.510498046875,135.40782165527344,147.18112182617188,67.50054931640625,138.17190551757812,53.34235382080078,139.52027893066406,188.5894317626953
2022-02-16,168.9062042236328,289.1028137207031,158.10049438476562,136.52740478515625,147.09315490722656,67.81212615966797,138.4219512939453,53.333580017089844,140.57899475097656,188.8026885986328
2022-02-17,165.31373596191406,280.63726806640625,154.65249633789062,131.3740997314453,146.1958465576172,67.70828247070312,135.23374938964844,54.402008056640625,142.1893310546875,180.5511932373047
2022-02-18,163.76707458496094,277.9345397949219,152.60150146484375,129.25686645507812,144.62879943847656,66.95529174804688,135.86785888671875,54.76982498168945,142.26051330566406,177.96446228027344
2022-02-22,160.84999084472656,277.7317810058594,150.19749450683594,128.67251586914062,142.66336059570312,66.17633056640625,135.62673950195312,54.54213333129883,140.5078125,177.2783660888672
2022-02-23,156.6897735595703,270.5404357910156,144.82699584960938,126.46659088134766,142.73419189453125,66.44462585449219,132.78680419921875,53.937862396240234,138.755126953125,173.06915283203125
2022-02-24,159.30337524414062,284.3631896972656,151.35800170898438,131.5247344970703,140.00733947753906,65.6051025390625,129.08961486816406,52.992034912109375,135.01846313476562,171.23341369628906
2022-02-25,161.36880493164062,286.9888610839844,153.7884979248047,133.27772521972656,146.96607971191406,67.37071228027344,132.1438446044922,55.04130935668945,140.78363037109375,173.4307403564453
2022-02-28,161.63311767578125,288.41748046875,153.56300354003906,133.86993408203125,145.7000732421875,67.87271881103516,126.63377380371094,54.50709533691406,138.69287109375,173.91282653808594
2022-03-01,159.75363159179688,284.7108154296875,151.14199829101562,132.88316345214844,145.1953887939453,68.5218276977539,121.85598754882812,54.27064895629883,136.39752197265625,169.50894165039062
2022-03-02,163.04269409179688,289.76885986328125,152.05250549316406,133.38870239257812,147.00148010253906,69.69892883300781,124.38329315185547,54.673492431640625,136.8245391845703,178.57632446289062
2022-03-03,162.7196502685547,285.6471252441406,147.89849853515625,132.72262573242188,149.16171264648438,70.14033508300781,123.49916076660156,54.708518981933594,137.33164978027344,180.65316772460938
2022-03-04,159.7242889404297,279.7975158691406,145.64100646972656,130.7471466064453,150.0470428466797,72.78011322021484,120.02519989013672,54.79610061645508,138.02561950683594,181.40411376953125
2022-03-07,155.93597412109375,269.22760009765625,137.4530029296875,125.26771545410156,152.4640350341797,75.40259552001953,115.39033508300781,53.491233825683594,135.97933959960938,182.3683624267578
2022-03-08,154.11526489257812,266.2738037109375,136.01449584960938,125.98734283447266,149.37420654296875,75.97380828857422,114.57765197753906,51.37188720703125,130.5967254638672,194.69931030273438
2022-03-09,159.5089111328125,278.48468017578125,139.2790069580078,132.24729919433594,149.9408416748047,71.65496063232422,119.16790008544922,51.63461685180664,132.35833740234375,194.49537658691406
2022-03-10,155.17245483398438,275.6756896972656,146.8175048828125,131.26553344726562,150.2064208984375,73.87931060791016,117.75688171386719,50.688804626464844,128.9508514404297,196.35890197753906
2022-03-11,151.46249389648438,270.3473205566406,145.52450561523438,128.72903442382812,149.9319610595703,73.49847412109375,115.10453796386719,50.72382736206055,127.42057800292969,199.17739868164062
2022-03-14,147.4392852783203,266.8433837890625,141.85299682617188,124.84397888183594,152.00367736816406,70.86735534667969,116.24766540527344,51.65924072265625,129.04869079589844,199.7429656982422
2022-03-15,151.81491088867188,277.1815490722656,147.3665008544922,128.06243896484375,155.94342041015625,66.83411407470703,118.31058502197266,52.61229705810547,133.69285583496094,200.6886749267578
2022-03-16,156.21983337402344,284.1702575683594,153.10400390625,132.10906982421875,154.50918579101562,66.58309936523438,123.5973892211914,52.47109603881836,133.23907470703125,200.3363037109375
2022-03-17,157.2281036376953,284.97137451171875,157.23899841308594,132.66265869140625,156.52774047851562,68.3573989868164,125.16020202636719,53.02705383300781,133.65725708007812,205.54685974121094
2022-03-18,160.51718139648438,290.0005187988281,161.25050354003906,134.92906188964844,154.79244995117188,68.08907318115234,125.11559295654297,53.03586959838867,133.58607482910156,204.81439208984375
2022-03-21,161.8876190185547,288.77459716796875,161.4915008544922,134.9052734375,155.66897583007812,71.14429473876953,124.71371459960938,53.45945358276367,134.09320068359375,207.41043090820312
2022-03-22,165.2549591064453,293.5045166015625,164.88900756835938,138.63865661621094,154.9341278076172,70.83272552490234,127.36605834960938,53.65359878540039,135.12527465820312,206.48326110839844
2022-03-23,166.6156463623047,289.0931701660156,163.4080047607422,137.06015014648438,154.34979248046875,71.94922637939453,124.82978057861328,53.30061721801758,134.1821746826172,205.9826202392578
2022-03-24,170.39410400390625,293.5430908203125,163.64950561523438,140.3276824951172,155.1466064453125,72.16560363769531,125.64246368408203,53.81243896484375,134.41351318359375,206.01968383789062
2022-03-25,171.0303955078125,293.1377258300781,164.77349853515625,140.42779541015625,156.63400268554688,73.7408218383789,126.74089813232422,54.29779815673828,135.97042846679688,207.08590698242188
2022-03-28,171.89183044433594,299.9140319824219,168.99049377441406,140.2122039794922,157.43963623046875,71.6722640991211,125.80322265625,54.6419563293457,136.90463256835938,205.68592834472656
2022-03-29,175.1808624267578,304.46044921875,169.31500244140625,141.25294494628906,157.35997009277344,71.29146575927734,126.08004760742188,54.853736877441406,138.31027221679688,204.9349365234375
2022-03-30,174.0159912109375,302.96429443359375,166.30099487304688,140.6909637451172,158.997802734375,72.51181030273438,125.50847625732422,54.89785385131836,137.3583526611328,206.82630920410156
2022-03-31,170.92269897460938,297.6069641113281,162.99749755859375,137.84523010253906,156.90841674804688,71.48186492919922,121.73988342285156,54.71255111694336,135.94375610351562,206.5852508544922
2022-04-01,170.6290283203125,298.6784973144531,163.55999755859375,138.91868591308594,157.7583465576172,71.94058227539062,120.83790588378906,55.480289459228516,137.9811553955078,203.7574920654297
2022-04-04,174.6718292236328,304.0357360839844,168.34649658203125,141.71485900878906,156.23558044433594,71.9751968383789,121.37371063232422,55.18907928466797,137.08251953125,204.7216796875
2022-04-05,171.36317443847656,300.08782958984375,164.05499267578125,139.35531616210938,157.244873046875,71.6030502319336,119.96125030517578,55.12730407714844,137.56297302246094,200.2807159423828
2022-04-06,168.20140075683594,289.1028137207031,158.75599670410156,135.3478546142578,161.33511352539062,72.3992919921875,118.29688262939453,55.68325424194336,139.5291748046875,200.45681762695312
2022-04-07,168.50486755371094,290.9079284667969,157.7845001220703,134.6941375732422,160.9190216064453,73.61100769042969,117.93701171875,55.98329162597656,141.33523559570312,200.16946411132812
2022-04-08,166.49815368652344,286.66064453125,154.4604949951172,132.11599731445312,161.2377166748047,75.16024780273438,120.09620666503906,56.327457427978516,142.43846130371094,201.2170867919922
2022-04-11,162.24981689453125,275.3572082519531,151.1219940185547,127.69125366210938,159.2191619873047,72.57238006591797,119.65538024902344,56.309810638427734,141.89573669433594,200.3085174560547
2022-04-12,164.11944580078125,272.2682800292969,150.78750610351562,126.59198760986328,159.2722625732422,74.08702087402344,118.34185791015625,56.971649169921875,141.46868896484375,200.91116333007812
2022-04-13,166.80162048339844,277.6352844238281,155.54100036621094,128.7523193359375,159.94509887695312,75.13427734375,114.52726745605469,57.12166976928711,141.86904907226562,202.3667449951172
2022-04-14,161.7995147705078,270.11566162109375,151.7064971923828,125.61612701416016,159.2722625732422,76.01709747314453,113.4656753540039,57.37758255004883,141.0772247314453,211.211669921875
2022-04-18,161.58416748046875,270.7817077636719,152.78500366210938,126.55431365966797,157.2891387939453,76.6402587890625,115.57090759277344,56.86575698852539,139.7338104248047,213.1679229736328
2022-04-19,163.86497497558594,275.395751953125,158.11549377441406,128.86634826660156,162.08767700195312,75.95649719238281,117.9639892578125,57.42170715332031,141.82455444335938,215.2447509765625
2022-04-20,163.69854736328125,276.4189453125,153.9980010986328,126.91461181640625,162.80477905273438,76.12960052490234,118.37784576416016,58.207096099853516,145.59681701660156,217.9519805908203
2022-04-21,162.9056854248047,271.06170654296875,148.29600524902344,123.71746063232422,162.33554077148438,75.32469940185547,117.46017456054688,58.42771530151367,145.4832000732422,215.62486267089844
2022-04-22,158.3734130859375,264.51702880859375,144.35000610351562,118.583984375,160.72422790527344,73.68022918701172,114.08642578125,57.58054733276367,144.26644897460938,201.50204467773438
2022-04-25,159.4404296875,270.97479248046875,146.07400512695312,121.99225616455078,164.68170166015625,71.19625854492188,114.05045318603516,58.189449310302734,145.4295196533203,201.87466430664062
2022-04-26,153.4888153076172,260.8393249511719,139.39100646972656,117.60714721679688,163.50418090820312,71.2221908569336,110.67669677734375,57.40406036376953,142.96018981933594,195.9125213623047
2022-04-27,153.26365661621094,273.38800048828125,138.16700744628906,113.28994750976562,161.22007751464844,73.25614166259766,109.23725128173828,57.85411071777344,142.57550048828125,199.3220977783203
2022-04-28,160.18431091308594,279.5754699707031,144.59649658203125,117.48076629638672,162.42410278320312,75.47181701660156,110.96460723876953,58.410072326660156,146.19894409179688,197.90609741210938
2022-04-29,154.32083129882812,267.8858947753906,124.28150177001953,113.10655212402344,159.76806640625,73.78408813476562,107.38394165039062,57.01577377319336,143.6401824951172,196.1360626220703
2022-05-02,154.62432861328125,274.5946044921875,124.5,115.5583267211914,158.15675354003906,74.7880859375,108.36457824707031,55.98329162597656,141.69873046875,197.5614471435547
2022-05-03,156.11219787597656,271.99798583984375,124.25350189208984,116.3027114868164,157.84689331054688,76.32866668701172,110.68569946289062,55.665611267089844,139.75726318359375,199.00537109375
2022-05-04,162.51409912109375,279.913330078125,125.92849731445312,121.1864242553711,159.53790283203125,79.36659240722656,114.34733581542969,57.38640213012695,140.78616333007812,207.3616943359375
2022-05-05,153.45941162109375,267.72174072265625,116.40699768066406,115.48150634765625,156.49229431152344,78.16353607177734,111.48641204833984,56.927528381347656,138.1916046142578,201.1573028564453
2022-05-06,154.18490600585938,265.1927490234375,114.77249908447266,114.72917938232422,156.1470489501953,79.35792541503906,111.30648040771484,57.130496978759766,139.56942749023438,199.9648895263672
2022-05-09,149.06756591796875,255.39505004882812,108.78900146484375,111.52210235595703,156.9969940185547,73.10034942626953,109.63310241699219,57.01577377319336,139.22048950195312,192.17684936523438
2022-05-10,151.4693603515625,260.1443176269531,108.85900115966797,113.38954162597656,156.7844696044922,73.58503723144531,106.96111297607422,56.48629379272461,138.48683166503906,189.10263061523438
2022-05-11,143.61700439453125,251.5050048828125,105.37200164794922,112.60401153564453,155.93453979492188,75.11698150634766,106.28636169433594,56.75103759765625,136.53643798828125,191.17076110839844
2022-05-12,139.75453186035156,246.48553466796875,106.93049621582031,111.85218811035156,157.47506713867188,75.45797729492188,106.19638061523438,56.927528381347656,135.98175048828125,189.13987731933594
2022-05-13,144.2149658203125,252.05516052246094,113.05500030517578,115.0304946899414,156.572021484375,77.69637298583984,107.14103698730469,57.99530029296875,137.4400634765625,190.35093688964844
2022-05-16,142.6758575439453,252.4219970703125,110.81050109863281,113.4391098022461,157.6609649658203,79.52377319335938,106.3943099975586,58.207096099853516,138.78207397460938,193.0153045654297
2022-05-17,146.30308532714844,257.557373046875,115.36849975585938,115.44927215576172,158.3161163330078,80.53804779052734,109.9209976196289,58.048248291015625,138.38841247558594,198.5116424560547
2022-05-18,138.04876708984375,245.83084106445312,107.11250305175781,110.91598510742188,155.3768310546875,79.26145935058594,108.04068756103516,54.00657653808594,129.76376342773438,193.71395874023438
2022-05-19,134.64706420898438,244.9213409423828,107.31900024414062,109.41380310058594,153.99569702148438,79.6899185180664,106.43930053710938,52.9476318359375,126.7755126953125,192.6147003173828
2022-05-20,134.88235473632812,244.36019897460938,107.59100341796875,107.95077514648438,156.6870574951172,80.31946563720703,105.56661224365234,53.81243896484375,126.85604858398438,184.28631591796875
2022-05-23,140.293701171875,252.18751525878906,107.55699920654297,110.50810241699219,159.88589477539062,82.09444427490234,112.09818267822266,55.471466064453125,129.772705078125,190.1832275390625
2022-05-24,137.5978240966797,251.19097900390625,104.0999984741211,105.03860473632812,161.63230895996094,82.54035186767578,113.68159484863281,56.495113372802734,132.08094787597656,191.58067321777344
2022-05-25,137.75469970703125,253.996826171875,106.7750015258789,104.87504577636719,160.04624938964844,84.20166778564453,114.47328186035156,56.539241790771484,129.91586303710938,194.99021911621094
2022-05-26,140.95054626464844,257.26702880859375,111.07749938964844,106.84508514404297,159.90371704101562,84.49893951416016,116.45255279541016,56.742210388183594,131.0521240234375,198.41851806640625
2022-05-27,146.69517517089844,264.3686828613281,115.14649963378906,111.32931518554688,161.35606384277344,85.32958984375,118.09893035888672,57.077545166015625,133.05615234375,202.2845458984375
2022-05-31,145.9109344482422,263.0431823730469,120.20950317382812,112.76211547851562,159.96604919433594,83.93936157226562,118.9626235961914,55.93034362792969,132.3046417236328,201.08282470703125
2022-06-01,145.78350830078125,263.575439453125,121.68399810791016,112.89097595214844,158.3444061279297,85.54817199707031,116.87539672851562,55.65678787231445,130.30055236816406,202.6851348876953
2022-06-02,148.2343292236328,265.6652526855469,125.51100158691406,116.58869171142578,157.8454132080078,85.3995361328125,118.75569915771484,56.23921203613281,131.70518493652344,204.9489288330078
2022-06-03,142.51905822753906,261.2532958984375,122.3499984741211,113.53425598144531,157.19497680664062,86.6411361694336,117.10032653808594,55.56853485107422,130.5242156982422,207.6505126953125
2022-06-06,143.26409912109375,260.0245361328125,124.79000091552734,115.79373168945312,157.17715454101562,86.42253875732422,116.71347045898438,55.480289459228516,130.01425170898438,208.33056640625
2022-06-07,145.78350830078125,263.6528015136719,123.0,116.11984252929688,158.90574645996094,90.38343811035156,117.01937103271484,55.81562423706055,131.4636688232422,211.5631561279297
2022-06-08,145.0482635498047,261.6306457519531,121.18000030517578,116.16395568847656,157.9612579345703,91.45016479492188,115.15706634521484,55.49794006347656,129.82638549804688,214.07839965820312
2022-06-09,139.83294677734375,256.19317626953125,116.1500015258789,113.826171875,154.78033447265625,89.47409057617188,112.73693084716797,54.53606414794922,127.48230743408203,208.36781311035156
2022-06-10,134.43142700195312,244.77622985839844,109.6500015258789,110.18445587158203,153.74673461914062,87.83901977539062,107.55487823486328,54.191898345947266,126.99919891357422,200.45864868164062
2022-06-13,129.2847137451172,234.3945770263672,103.66999816894531,105.45738220214844,152.19630432128906,83.80818176269531,104.35208129882812,54.130126953125,123.59943389892578,192.72650146484375
2022-06-14,130.14743041992188,236.55218505859375,102.30999755859375,105.77754974365234,149.86183166503906,84.02678680419922,102.61573028564453,52.64577102661133,119.74339294433594,192.54949951171875
2022-06-15,132.7648468017578,243.58616638183594,107.66999816894531,108.79975128173828,151.4656982421875,82.96878814697266,103.83027648925781,53.03685760498047,118.553466796875,191.90670776367188
2022-06-16,127.50055694580078,237.01661682128906,103.66000366210938,105.10154724121094,151.54586791992188,79.90850830078125,102.04894256591797,52.50355529785156,119.27815246582031,181.46360778808594
2022-06-17,128.97103881835938,239.6095428466797,106.22000122070312,106.20178985595703,150.99342346191406,75.30059051513672,101.68907165527344,52.82353973388672,118.41927337646484,179.46070861816406
2022-06-21,133.1962127685547,245.50189208984375,108.68000030517578,110.56360626220703,154.15658569335938,79.98721313476562,104.20812225341797,53.95235824584961,122.00689697265625,182.93551635742188
2022-06-22,132.68643188476562,244.91165161132812,108.94999694824219,110.50761413574219,156.5890655517578,76.8219985961914,103.62334442138672,54.35234069824219,123.91258239746094,174.97976684570312
2022-06-23,135.54896545410156,250.4556121826172,112.44000244140625,111.25547790527344,160.08189392089844,74.50491333007812,102.48977661132812,55.00119400024414,127.3123779296875,166.4464569091797
2022-06-24,138.87225341796875,259.0086669921875,116.45999908447266,116.9380874633789,162.42532348632812,75.98260498046875,105.54862976074219,56.0322380065918,129.1464385986328,172.79986572265625
2022-06-27,138.87225341796875,256.2898864746094,113.22000122070312,114.81541442871094,162.27383422851562,77.84500885009766,104.70293426513672,55.916690826416016,128.1622772216797,174.75619506835938
2022-06-28,134.73533630371094,248.1529083251953,107.4000015258789,111.02303314208984,157.65826416015625,80.00467681884766,104.19915008544922,55.356719970703125,126.07768249511719,174.61647033691406
2022-06-29,136.49009704589844,251.81016540527344,108.91999816894531,110.71971893310547,157.702880859375,77.04930877685547,103.73129272460938,55.75670623779297,127.222900390625,170.9273681640625
2022-06-30,134.0294647216797,248.4915313720703,106.20999908447266,108.00527954101562,158.16622924804688,74.8808822631836,101.31121063232422,55.916690826416016,128.64541625976562,166.53028869628906
2022-07-01,136.19598388671875,251.1522674560547,109.55999755859375,107.78176879882812,159.95716857910156,76.5509262084961,102.60672760009766,57.22327423095703,130.7210693359375,166.0924072265625
2022-07-05,138.77423095703125,254.31605529785156,113.5,112.26749420166016,158.72755432128906,74.15516662597656,102.21646118164062,56.245548248291016,129.4595489501953,161.87234497070312
2022-07-06,140.10745239257812,257.5670471191406,114.33000183105469,113.56500244140625,158.87010192871094,72.81737518310547,101.55388641357422,56.36110305786133,130.66738891601562,160.5215606689453
2022-07-07,143.46995544433594,259.6858825683594,116.33000183105469,117.73898315429688,159.04833984375,75.1432113647461,104.1224594116211,55.916690826416016,130.62265014648438,167.94630432128906
2022-07-08,144.14637756347656,258.9698791503906,115.54000091552734,118.30445861816406,158.852294921875,75.26561737060547,103.79571533203125,56.12112045288086,129.74586486816406,166.84701538085938
2022-07-11,142.01907348632812,255.92221069335938,111.75,114.65978240966797,158.9146728515625,74.8808822631836,102.43428039550781,55.943359375,130.65841674804688,163.046142578125
2022-07-12,142.98959350585938,245.43411254882812,109.22000122070312,113.01834869384766,156.6870880126953,73.88411712646484,102.53411102294922,55.703369140625,129.5043182373047,162.5524444580078
2022-07-13,142.62689208984375,244.5149688720703,110.4000015258789,110.3747787475586,156.32177734375,74.18138122558594,101.57203674316406,55.44560241699219,130.35421752929688,161.97483825683594
2022-07-14,145.5482177734375,245.83084106445312,110.62999725341797,109.3974609375,156.53561401367188,72.6949691772461,98.02323150634766,55.26783752441406,129.9695281982422,158.31365966796875
2022-07-15,147.2147979736328,248.3851318359375,113.55000305175781,110.7950439453125,158.80772399902344,73.91907501220703,102.51597595214844,55.55226516723633,129.7906036376953,161.5183563232422
2022-07-18,144.17579650878906,245.99533081054688,113.76000213623047,108.07170104980469,155.2436065673828,75.28309631347656,101.46311950683594,54.796756744384766,128.21595764160156,161.62083435058594
2022-07-19,148.02845764160156,251.1038818359375,118.20999908447266,112.80970001220703,152.98043823242188,77.18049621582031,103.97722625732422,55.57892990112305,128.8690643310547,168.3749542236328
2022-07-20,150.02830505371094,253.75489807128906,122.7699966430664,112.89889526367188,152.1072235107422,78.02861022949219,103.95906829833984,54.66342544555664,126.64132690429688,168.82525634765625
2022-07-21,152.29286193847656,256.2414855957031,124.62999725341797,113.33502960205078,152.6417999267578,76.7258071899414,104.66703033447266,54.53899383544922,126.7610855102539,169.7820587158203
2022-07-22,151.05763244628906,251.90692138671875,122.41999816894531,106.9516372680664,153.36354064941406,76.13998413085938,104.15876770019531,54.743431091308594,128.7871856689453,167.558837890625
2022-07-25,149.94009399414062,250.4265899658203,121.13999938964844,106.56507110595703,153.66653442382812,78.6756591796875,104.57625579833984,55.27672576904297,129.66065979003906,170.55130004882812
2022-07-26,148.61663818359375,243.7216033935547,114.80999755859375,104.0969467163086,154.7535858154297,78.3696060180664,102.94255065917969,56.18333435058594,129.91281127929688,170.00721740722656
2022-07-27,153.7045135498047,260.0148010253906,120.97000122070312,112.0662841796875,154.3258819580078,80.06590270996094,104.59440612792969,56.00556182861328,131.14645385742188,173.77828979492188
2022-07-28,154.25350952148438,267.4359130859375,122.27999877929688,113.2160873413086,155.2169189453125,81.00147247314453,104.20413970947266,56.938846588134766,133.32562255859375,176.2078857421875
2022-07-29,159.31195068359375,271.6252136230469,134.9499969482422,115.29762268066406,155.5020294189453,84.75250244140625,104.70333862304688,57.036617279052734,125.08618927001953,185.97323608398438
2022-08-01,158.33160400390625,268.98394775390625,135.38999938964844,113.8504638671875,154.9585418701172,82.61032104492188,103.65958404541016,57.34769821166992,128.67913818359375,182.7931671142578
2022-08-02,156.8611297607422,265.8974609375,134.16000366210938,114.11808776855469,154.07638549804688,82.2518310546875,102.04399871826172,56.56554412841797,127.82366180419922,172.14602661132812
2022-08-03,162.86070251464844,273.29913330078125,139.52000427246094,117.04216766357422,155.56442260742188,79.5849838256836,103.11499786376953,56.81441116333008,130.46209716796875,171.54566955566406
2022-08-04,162.5469970703125,274.4407653808594,142.57000732421875,117.15119171142578,153.06951904296875,76.23616790771484,101.98046875,56.592201232910156,130.2549591064453,172.2679901123047
2022-08-05,162.3212432861328,273.724853515625,140.8000030517578,116.4375228881836,152.46363830566406,77.33785247802734,105.06637573242188,56.334434509277344,130.31800842285156,173.9095916748047
2022-08-08,161.8500213623047,271.2189025878906,139.41000366210938,116.26900482177734,151.65280151367188,77.77503967285156,103.78663635253906,55.97001266479492,130.8132781982422,174.30357360839844
2022-08-09,161.89910888671875,273.1346130371094,137.8300018310547,115.60490417480469,151.63497924804688,79.2090072631836,104.72147369384766,56.04112243652344,130.50714111328125,174.5099639892578
2022-08-10,166.1399688720703,279.7718811035156,142.69000244140625,118.64791107177734,152.07159423828125,79.9609603881836,107.45343780517578,56.574432373046875,131.74078369140625,178.90957641601562
2022-08-11,165.4037322998047,277.701416015625,140.63999938964844,117.79547882080078,148.92620849609375,82.27407836914062,109.04176330566406,56.19223403930664,130.80429077148438,181.98646545410156
2022-08-12,168.9475555419922,282.4326171875,143.5500030517578,120.61051940917969,147.2867431640625,82.98920440673828,110.84793853759766,56.618865966796875,132.0739288330078,184.65054321289062
2022-08-15,170.01759338378906,283.94195556640625,143.17999267578125,121.00700378417969,147.9906768798828,81.5059814453125,111.14745330810547,57.329933166503906,133.77586364746094,183.81568908691406
2022-08-16,169.8605194091797,283.2066345214844,144.77999877929688,120.6303482055664,149.30938720703125,80.7467041015625,112.20938110351562,57.80101013183594,135.009521484375,185.2884521484375
2022-08-17,171.35269165039062,282.4600830078125,142.10000610351562,118.49922943115234,149.3183135986328,81.40001678466797,111.26543426513672,57.667694091796875,134.38815307617188,183.7969207763672
2022-08-18,170.95999145507812,281.3450622558594,142.3000030517578,119.11378479003906,148.59657287597656,83.32467651367188,110.40320587158203,57.96990966796875,134.865478515625,185.1289520263672
2022-08-19,168.37820434570312,277.44720458984375,138.22999572753906,116.1798095703125,150.85977172851562,83.05982208251953,107.6712417602539,57.925453186035156,134.8294219970703,183.4873504638672
2022-08-22,164.50054931640625,269.302734375,133.22000122070312,113.23590850830078,150.33056640625,82.9980239868164,105.89231872558594,57.06328201293945,134.46925354003906,179.8851318359375
2022-08-23,164.166748046875,268.0326232910156,133.6199951171875,112.85923767089844,149.0209197998047,86.52064514160156,104.84854888916016,57.1254997253418,131.87582397460938,184.9976348876953
2022-08-24,164.46128845214844,267.40234375,133.8000030517578,112.69075012207031,148.52755737304688,87.03272247314453,105.1026840209961,57.205501556396484,131.30856323242188,182.13650512695312
2022-08-25,166.91549682617188,270.36932373046875,137.27999877929688,115.62474060058594,149.91790771484375,87.48296356201172,107.59866333007812,57.48102951049805,131.20045471191406,186.564208984375
2022-08-26,160.62289428710938,259.9365539550781,130.75,109.37018585205078,147.3524627685547,86.40589141845703,104.07707977294922,56.094459533691406,128.12982177734375,180.03526306152344
2022-08-29,158.42391967773438,257.16357421875,129.7899932861328,108.45828247070312,146.21324157714844,88.3923110961914,103.82294464111328,55.75670623779297,127.58953094482422,179.9038848876953
2022-08-30,155.99917602539062,254.97222900390625,128.72999572753906,107.98249816894531,145.7019500732422,85.02860260009766,103.8410873413086,55.241172790527344,126.22982788085938,175.36361694335938
2022-08-31,154.34014892578125,253.51785278320312,126.7699966430664,107.26881408691406,144.72422790527344,84.39295196533203,103.22392272949219,54.8500862121582,124.21270751953125,173.27171325683594
2022-09-01,155.06663513183594,252.48037719726562,127.81999969482422,108.77545928955078,148.31224060058594,82.87442016601562,103.9318618774414,55.107845306396484,125.74357604980469,171.14231872558594
2022-09-02,152.95596313476562,248.27239990234375,127.51000213623047,106.90206909179688,145.9800262451172,84.39295196533203,103.20577239990234,54.35234069824219,123.5103530883789,169.63194274902344
2022-09-06,151.6993865966797,245.54788208007812,126.11000061035156,105.87123107910156,146.37474060058594,83.82791137695312,103.23298645019531,54.37900161743164,122.13262939453125,169.47250366210938
2022-09-07,153.1032257080078,250.24069213867188,129.47999572753906,108.48800659179688,147.17306518554688,83.11279296875,105.19346618652344,55.383392333984375,123.97859954833984,169.66012573242188
2022-09-08,151.63067626953125,250.65757751464844,129.82000732421875,107.42740631103516,148.3571014404297,83.79261016845703,107.64404296875,55.21450424194336,124.14067077636719,171.8083038330078
2022-09-09,154.48736572265625,256.41693115234375,133.27000427246094,109.6774673461914,148.64414978027344,85.19635009765625,108.161376953125,55.392269134521484,126.03170776367188,177.7556915283203
2022-09-12,160.43638610839844,258.54034423828125,136.4499969482422,109.88561248779297,148.58135986328125,86.17633056640625,109.44112396240234,55.55226516723633,127.05828094482422,180.48550415039062
2022-09-13,151.02203369140625,244.32618713378906,126.81999969482422,103.40310668945312,144.71524047851562,84.16339874267578,105.63818359375,53.7479362487793,124.42884063720703,172.896484375
2022-09-14,152.46511840820312,244.54920959472656,128.5500030517578,104.0771255493164,147.70230102539062,86.22930145263672,105.39311981201172,54.0323600769043,124.72600555419922,173.21542358398438
2022-09-15,149.5789794921875,237.917236328125,126.27999877929688,102.00550079345703,148.0790252685547,83.72196960449219,106.9814682006836,53.29819869995117,123.7624740600586,171.18919372558594
2022-09-16,147.93955993652344,237.29672241210938,123.52999877929688,101.8964614868164,150.3395233154297,82.29171752929688,106.26443481445312,53.30715560913086,124.51886749267578,168.356201171875
2022-09-19,151.6503448486328,237.08340454101562,124.66000366210938,102.16409301757812,149.15542602539062,82.28289794921875,107.24466705322266,53.710044860839844,124.25775909423828,170.83273315429688
2022-09-20,154.0260009765625,235.07632446289062,122.19000244140625,100.25105285644531,147.98037719726562,81.6119384765625,105.12991333007812,53.62946701049805,123.81654357910156,166.96786499023438
2022-09-21,150.90426635742188,231.6827850341797,118.54000091552734,98.40739440917969,146.4644317626953,80.29644012451172,102.09844970703125,53.18181228637695,122.22266387939453,161.30186462402344
2022-09-22,149.9421844482422,233.65101623535156,117.30999755859375,99.25983428955078,149.06576538085938,79.96096801757812,100.93669891357422,53.056461334228516,122.6548843383789,159.98858642578125
2022-09-23,147.6745147705078,230.68411254882812,113.77999877929688,97.87214660644531,149.55014038085938,75.70557403564453,99.05789947509766,52.46554946899414,122.08760070800781,154.0693359375
2022-09-26,148.00828552246094,230.22842407226562,115.1500015258789,97.30715942382812,148.63519287109375,74.14289093017578,96.92500305175781,51.811973571777344,122.20465087890625,152.54965209960938
2022-09-27,148.98013305664062,229.2200469970703,114.41000366210938,96.64305114746094,147.95346069335938,75.69673919677734,96.07184600830078,50.47795104980469,118.84584045410156,152.3807830810547
2022-09-28,147.0953369140625,233.73829650878906,118.01000213623047,99.1706314086914,149.2272186279297,78.4512710571289,98.01415252685547,51.01512908935547,118.84584045410156,157.37136840820312
2022-09-29,139.8701171875,230.27688598632812,114.80000305175781,96.5637435913086,147.58566284179688,78.2923583984375,96.35320281982422,50.64806365966797,115.89225769042969,155.62652587890625
2022-09-30,135.66851806640625,225.81675720214844,113.0,94.80931091308594,146.5362091064453,77.08283233642578,94.8465576171875,50.1556396484375,113.68608093261719,153.91925048828125
2022-10-03,139.8407440185547,233.41835021972656,115.87999725341797,97.77302551269531,146.39263916015625,81.15283203125,97.7781753540039,50.71968078613281,115.72115325927734,160.62649536132812
2022-10-04,143.42384338378906,241.31077575683594,121.08999633789062,100.74665832519531,148.56341552734375,84.11042785644531,102.35258483886719,50.83607482910156,117.15294647216797,168.50628662109375
2022-10-05,143.71835327148438,241.6210479736328,120.94999694824219,100.53849792480469,148.10594177246094,87.50947570800781,101.08885955810547,50.35260772705078,116.34251403808594,167.33372497558594
2022-10-06,142.7660675048828,239.2843475341797,120.30000305175781,100.52859497070312,145.2355194091797,90.10506439208984,99.02845764160156,49.26926803588867,113.89318084716797,167.73707580566406
2022-10-07,137.52391052246094,227.11605834960938,114.55999755859375,97.81267547607422,143.70162963867188,89.19572448730469,97.0504379272461,48.80370330810547,111.90311431884766,166.55511474609375
2022-10-10,137.8478546142578,222.2777557373047,113.66999816894531,96.99989318847656,143.8900146484375,87.26223754882812,96.14386749267578,48.69626998901367,111.4438705444336,167.6057586669922
2022-10-11,136.4342498779297,218.55458068847656,112.20999908447266,96.32585144042969,145.9710693359375,86.52064514160156,93.3691635131836,48.77685546875,111.86710357666016,168.618896484375
2022-10-12,135.8059844970703,218.88424682617188,112.9000015258789,96.7025146484375,145.93516540527344,86.9002914428711,94.88013458251953,49.367759704589844,112.04721069335938,168.38433837890625
2022-10-13,140.3708038330078,227.11605834960938,112.52999877929688,98.1893310546875,148.141845703125,89.93733215332031,100.1548080444336,50.021339416503906,113.7401123046875,171.79893493652344
2022-10-14,135.84524536132812,221.60879516601562,106.9000015258789,95.7113037109375,147.5229034423828,87.57125854492188,101.82146453857422,49.22450637817383,112.63249969482422,167.1554718017578
2022-10-17,139.80142211914062,230.30596923828125,113.79000091552734,99.0913314819336,149.4335174560547,88.83374786376953,106.09798431396484,49.86017990112305,114.66758728027344,169.60385131835938
2022-10-18,141.1168670654297,231.24649047851562,116.36000061035156,99.8843002319336,148.91326904296875,88.99269104003906,108.8268814086914,50.53166198730469,115.5950927734375,172.18353271484375
2022-10-19,141.224853515625,229.28790283203125,115.06999969482422,98.75433349609375,147.72921752929688,91.6324234008789,106.69320678710938,50.10191345214844,116.66667175292969,172.9902801513672
2022-10-20,140.76345825195312,228.96791076660156,115.25,99.0913314819336,148.10594177246094,91.75602722167969,106.34523010253906,49.31403732299805,115.16398620605469,169.35995483398438
2022-10-21,144.5723876953125,234.75634765625,119.31999969482422,100.24112701416016,151.33522033691406,93.45995330810547,111.93126678466797,50.10191345214844,116.60591888427734,179.63449096679688
2022-10-24,146.71246337890625,239.7303466796875,119.81999969482422,101.61892700195312,153.37142944335938,94.11327362060547,112.06861877441406,51.543373107910156,117.32234954833984,180.65440368652344
2022-10-25,149.54953002929688,243.03665161132812,120.5999984741211,103.56169891357422,153.1292266845703,93.47762298583984,112.3616714477539,52.77891159057617,118.67359924316406,183.9973907470703
2022-10-26,146.61428833007812,224.2848358154297,115.66000366210938,94.09561920166016,154.47476196289062,94.59003448486328,113.65287017822266,53.17284393310547,119.5079345703125,185.9994354248047
2022-10-27,142.14764404296875,219.8538360595703,110.95999908447266,91.40946197509766,154.56443786621094,94.95201110839844,114.10157775878906,53.29819869995117,119.59860229492188,200.3346405029297
2022-10-28,152.88723754882812,228.6964569091797,103.41000366210938,95.44367980957031,156.86080932617188,97.7330093383789,115.45687103271484,54.39942932128906,122.62757110595703,207.13397216796875
2022-10-31,150.5312042236328,225.07022094726562,102.44000244140625,93.67932891845703,156.05349731445312,97.83012390136719,115.27371215820312,53.58469009399414,122.1287612915039,204.41429138183594
2022-11-01,147.8904571533203,221.23062133789062,96.79000091552734,89.6748275756836,155.26409912109375,98.8012924194336,117.35244750976562,53.39667892456055,122.3192138671875,206.34072875976562
2022-11-02,142.37342834472656,213.40609741210938,92.12000274658203,86.20559692382812,152.8780517578125,96.77069854736328,116.27188110351562,52.653568267822266,120.55989074707031,202.60110473632812
2022-11-03,136.33607482910156,207.73399353027344,89.30000305175781,82.69670104980469,153.13818359375,98.08617401123047,116.48250579833984,52.626708984375,119.73463439941406,207.05845642089844
2022-11-04,136.07058715820312,214.6568603515625,90.9800033569336,85.81902313232422,153.81993103027344,99.15442657470703,119.66929626464844,53.056461334228516,121.92022705078125,215.1704559326172
2022-11-07,136.60154724121094,220.9397430419922,90.52999877929688,87.71223449707031,155.1654510498047,100.32862854003906,120.3011703491211,53.262386322021484,123.78834533691406,215.88812255859375
2022-11-08,137.171875,221.90933227539062,89.9800033569336,88.11863708496094,155.93687438964844,100.6464614868164,120.37442016601562,53.360862731933594,124.0694808959961,217.0213623046875
2022-11-09,132.61915588378906,217.6819305419922,86.13999938964844,86.55252838134766,154.69003295898438,96.14385986328125,118.80848693847656,52.61775207519531,123.77022552490234,212.9889678955078
2022-11-10,144.4188995361328,235.59019470214844,96.62999725341797,93.11434173583984,156.50198364257812,97.55644989013672,123.69853973388672,54.50687026977539,128.03253173828125,219.51443481445312
2022-11-11,147.20166015625,239.59458923339844,100.79000091552734,95.56262969970703,151.81959533691406,100.60232543945312,123.9000244140625,54.90081787109375,127.84207153320312,223.3296356201172
2022-11-14,145.80535888671875,234.20372009277344,98.48999786376953,94.8588638305664,154.2056427001953,100.8960189819336,122.62714385986328,54.37257385253906,127.8511734008789,223.3390655517578
2022-11-15,147.53598022460938,234.6109619140625,98.94000244140625,97.57479095458984,154.63621520996094,101.57238006591797,121.73888397216797,54.283042907714844,127.40682220458984,221.5353240966797
2022-11-16,146.30685424804688,235.0387420654297,97.12000274658203,97.98118591308594,155.59603881835938,100.48661804199219,121.90370178222656,54.184566497802734,128.54037475585938,219.4861297607422
2022-11-17,148.2046661376953,234.99014282226562,94.8499984741211,97.4954833984375,156.8518524169922,100.62012481689453,121.37255096435547,54.35466384887695,127.75143432617188,217.6162872314453
2022-11-18,148.76512145996094,234.54287719726562,94.13999938964844,96.57366180419922,158.0538330078125,99.74793243408203,122.56302642822266,54.73965835571289,129.29310607910156,218.55117797851562
2022-11-21,145.5398712158203,235.3498992919922,92.45999908447266,94.7597427368164,158.86634826660156,98.76007843017578,121.839599609375,55.581260681152344,130.9345703125,219.25003051757812
2022-11-22,147.67367553710938,238.2473602294922,93.19999694824219,96.1969985961914,159.63377380371094,101.61688232421875,123.66191101074219,55.82299041748047,132.05905151367188,224.05677795410156
2022-11-23,148.54881286621094,240.726806640625,94.12999725341797,97.5946044921875,159.80526733398438,101.10960388183594,124.98059844970703,56.073673248291016,132.81173706054688,223.73570251464844
2022-11-25,145.63819885253906,240.63931274414062,93.41000366210938,96.60338592529297,160.01292419433594,100.75361633300781,125.21869659423828,56.12739562988281,133.05662536621094,222.58355712890625
2022-11-28,141.81312561035156,235.06790161132812,93.94999694824219,95.2057876586914,160.09417724609375,97.72772979736328,123.03005981445312,56.1363410949707,132.9477996826172,219.372802734375
2022-11-29,138.8140106201172,233.67750549316406,92.41999816894531,94.35334014892578,158.9746551513672,98.37739562988281,125.05386352539062,55.93938064575195,131.9320831298828,222.03587341308594
2022-11-30,145.55953979492188,248.07752990722656,96.54000091552734,100.10237884521484,160.6990509033203,99.08938598632812,126.53734588623047,57.35498809814453,135.2694091796875,223.25405883789062
2022-12-01,145.83485412597656,247.64002990722656,95.5,100.10237884521484,161.36712646484375,98.6087875366211,124.76081848144531,57.517295837402344,135.35101318359375,222.5741424560547
2022-12-02,145.3432159423828,247.9608917236328,94.12999725341797,99.55722045898438,161.49354553222656,97.772216796875,123.77181243896484,58.0222282409668,136.58436584472656,222.9896697998047
2022-12-05,144.18289184570312,243.2742919921875,91.01000213623047,98.60564422607422,161.40322875976562,95.0934066772461,120.3011703491211,57.228763580322266,135.20591735839844,219.62774658203125
2022-12-06,140.52499389648438,238.33489990234375,88.25,96.12761688232422,158.98370361328125,92.45018768310547,120.50260925292969,57.20170593261719,135.3782196044922,215.58592224121094
2022-12-07,138.58786010742188,237.6056671142578,88.45999908447266,94.10555267333984,159.94972229003906,92.2455062866211,120.42021942138672,57.2918815612793,136.2488250732422,216.23751831054688
2022-12-08,140.26934814453125,240.5518035888672,90.3499984741211,92.88634490966797,159.9767608642578,92.9307632446289,121.68390655517578,57.53532791137695,137.22824096679688,218.06959533691406
2022-12-09,139.78750610351562,238.62660217285156,89.08999633789062,92.01409912109375,158.65872192382812,92.1476058959961,121.02459716796875,56.93120574951172,136.86546325683594,214.6415557861328
2022-12-12,142.07861328125,245.52035522460938,90.55000305175781,92.48987579345703,160.5546112060547,94.41703033447266,122.90187072753906,57.679588317871094,138.27114868164062,220.09051513671875
2022-12-13,143.04225158691406,249.8083038330078,92.48999786376953,94.78948211669922,161.7914276123047,95.44938659667969,122.78279876708984,57.697628021240234,138.06256103515625,222.38526916503906
2022-12-14,140.82000732421875,250.09999084472656,91.58000183105469,94.23438262939453,162.2879638671875,94.74630737304688,122.16928100585938,57.697628021240234,138.606689453125,221.4314727783203
2022-12-15,134.22193908691406,242.1172332763672,88.44999694824219,90.0614013671875,160.23863220214844,93.83853912353516,119.1381607055664,56.90415573120117,137.0377960205078,217.82406616210938
2022-12-16,132.26515197753906,237.9168243408203,87.86000061035156,89.4666748046875,158.5955047607422,93.17996215820312,118.39640045166016,56.57956314086914,136.43019104003906,219.76943969726562
2022-12-19,130.16087341308594,233.79415893554688,84.91999816894531,87.66267395019531,158.4239959716797,93.59823608398438,119.10152435302734,56.660709381103516,136.39389038085938,219.36331176757812
2022-12-20,130.09207153320312,235.1068115234375,85.19000244140625,88.23756408691406,158.5955047607422,94.95101165771484,119.67845153808594,56.615631103515625,136.44834899902344,222.0547332763672
2022-12-21,133.18946838378906,237.66400146484375,86.7699966430664,88.79265594482422,160.41017150878906,96.1702651977539,121.02459716796875,57.52631378173828,137.69979858398438,228.2780303955078
2022-12-22,130.02322387695312,231.5967254638672,83.79000091552734,86.98865509033203,159.82333374023438,94.2301254272461,119.65098571777344,57.11154556274414,138.0172119140625,224.3211669921875
2022-12-23,129.65940856933594,232.12179565429688,85.25,88.44573974609375,160.22959899902344,96.72205352783203,120.2187271118164,57.544342041015625,138.40719604492188,226.52151489257812
2022-12-27,127.85991668701172,230.40077209472656,83.04000091552734,86.62190246582031,160.1844024658203,98.06592559814453,120.63998413085938,57.89598846435547,139.6133270263672,229.60955810546875
2022-12-28,123.9365234375,228.03807067871094,81.81999969482422,85.26394653320312,159.48928833007812,96.45504760742188,121.29932403564453,57.31892776489258,137.80865478515625,226.05880737304688
2022-12-29,127.44696807861328,234.3386688232422,84.18000030517578,87.6725845336914,160.30181884765625,97.18482971191406,121.99526977539062,57.66156005859375,138.37998962402344,226.83316040039062
2022-12-30,127.7615966796875,233.18162536621094,84.0,87.45453643798828,159.480224609375,98.1637954711914,122.80115509033203,57.35498809814453,137.44589233398438,226.22879028320312
2023-01-03,122.98271942138672,232.9482879638672,85.81999969482422,88.33670043945312,160.87059020996094,94.79082489013672,123.7352066040039,56.759891510009766,137.4549560546875,225.58660888671875
2023-01-04,124.25118255615234,222.75836181640625,85.13999938964844,87.30583953857422,162.6219940185547,95.06670379638672,124.88904571533203,56.73284149169922,138.05349731445312,227.92861938476562
2023-01-05,122.93354797363281,216.1562957763672,83.12000274658203,85.4423599243164,161.42129516601562,97.19374084472656,124.86134338378906,56.083648681640625,136.33950805664062,226.90869140625
2023-01-06,127.45677947998047,218.70376586914062,86.08000183105469,86.57234191894531,162.73036193847656,98.36849975585938,127.25066375732422,57.16564178466797,139.5861358642578,235.01123046875
2023-01-09,127.97789764404297,220.8331298828125,87.36000061035156,87.24636840820312,158.5142364501953,96.53517150878906,126.72479248046875,56.453330993652344,137.88121032714844,232.89590454101562
2023-01-10,128.54824829101562,222.51524353027344,89.87000274658203,87.64285278320312,158.1350555419922,97.97692108154297,127.85951232910156,56.02052688598633,137.74514770507812,236.5694122314453
2023-01-11,131.26220703125,229.2436981201172,95.08999633789062,90.71561431884766,157.88230895996094,99.11605834960938,128.80966186523438,55.912322998046875,136.62969970703125,236.7771759033203
2023-01-12,131.18356323242188,231.90785217285156,95.2699966430664,90.32903289794922,157.08782958984375,100.76250457763672,128.68052673339844,55.19100570678711,135.8588409423828,240.87570190429688
2023-01-13,132.5110321044922,232.60794067382812,98.12000274658203,91.3103256225586,156.5732421875,100.7002182006836,131.927734375,55.38936233520508,136.82925415039062,244.07696533203125
2023-01-17,133.67132568359375,233.69696044921875,96.05000305175781,90.48761749267578,155.60723876953125,100.50443267822266,129.8889923095703,55.614784240722656,136.43019104003906,241.99945068359375
2023-01-18,132.95346069335938,229.2826385498047,95.45999908447266,90.31912231445312,153.25997924804688,98.43970489501953,125.98681640625,53.92866134643555,132.77549743652344,238.75088500976562
2023-01-19,133.0124969482422,225.51004028320312,93.68000030517578,92.23216247558594,153.0523223876953,99.07158660888672,124.30784606933594,53.847503662109375,129.96754455566406,233.18109130859375
2023-01-20,135.569091796875,233.57057189941406,97.25,97.15846252441406,152.33908081054688,100.87821960449219,124.61227416992188,54.172115325927734,130.46945190429688,236.9385528564453
2023-01-23,138.7550048828125,235.86521911621094,97.5199966430664,98.91291046142578,151.9508819580078,100.3531265258789,126.63255310058594,54.3073616027832,128.71730041503906,239.775634765625
2023-01-24,140.15133666992188,235.3401641845703,96.31999969482422,96.84129333496094,151.9508819580078,101.28759765625,127.72112274169922,54.595890045166016,129.41998291015625,244.43447875976562
2023-01-25,139.4925079345703,233.94973754882812,97.18000030517578,94.38308715820312,153.03424072265625,100.75361633300781,128.3391876220703,54.93852996826172,129.3287353515625,245.22206115722656
2023-01-26,141.55747985839844,241.1351776123047,99.22000122070312,96.66287231445312,152.47451782226562,104.80299377441406,129.1325225830078,54.8303337097168,128.8085479736328,248.7138671875
2023-01-27,143.4945526123047,241.290771484375,102.23999786376953,98.49661254882812,151.87863159179688,102.88956451416016,129.44622802734375,54.54179382324219,128.27931213378906,251.01004028320312
2023-01-30,140.61349487304688,235.9916229248047,100.55000305175781,96.08797454833984,146.25418090820312,101.06510925292969,128.3484344482422,54.67704391479492,128.68080139160156,248.12557983398438
2023-01-31,141.88197326660156,240.95046997070312,103.12999725341797,97.97126007080078,147.5361785888672,103.24553680419922,129.11410522460938,55.29017639160156,129.9310302734375,239.38661193847656
2023-02-01,143.00289916992188,245.75372314453125,105.1500015258789,99.54729461669922,148.890380859375,102.11527252197266,128.77279663085938,55.2991943359375,130.67018127441406,236.77723693847656
2023-02-02,148.30299377441406,257.2757263183594,112.91000366210938,106.79304504394531,149.45010375976562,98.92028045654297,128.1731414794922,54.352439880371094,129.7393798828125,232.37454223632812
2023-02-03,151.92156982421875,251.19869995117188,103.38999938964844,103.85906219482422,148.61050415039062,99.6055679321289,130.1565399169922,53.94669723510742,130.1409149169922,235.0882568359375
2023-02-06,149.19776916503906,249.6623992919922,102.18000030517578,101.9955825805664,147.48202514648438,99.43647003173828,130.9222412109375,54.253257751464844,129.03668212890625,238.5610809326172
2023-02-07,152.06903076171875,260.1537170410156,102.11000061035156,106.69393157958984,147.51809692382812,102.27547454833984,132.5181427001953,54.16309356689453,127.77739715576172,236.89112854003906
2023-02-08,149.38461303710938,259.3467102050781,100.05000305175781,98.49661254882812,147.70770263671875,101.38550567626953,131.58645629882812,53.847503662109375,126.45414733886719,236.1415252685547
2023-02-09,148.35215759277344,256.3227844238281,98.23999786376953,94.17493438720703,145.71249389648438,101.76818084716797,129.5384521484375,53.75734329223633,125.06703186035156,233.6840057373047
2023-02-10,148.71652221679688,255.81723022460938,97.61000061035156,93.7387924194336,146.38961791992188,106.05785369873047,130.11041259765625,53.75734329223633,126.1712417602539,235.00286865234375
2023-02-13,151.5133819580078,263.8096923828125,99.54000091552734,93.77845764160156,146.93130493164062,105.64531707763672,131.5218505859375,54.64097595214844,127.82299041748047,235.4583282470703
2023-02-14,150.87327575683594,264.6361083984375,99.69999694824219,93.84783935546875,146.29031372070312,104.40770721435547,132.10304260253906,53.73029327392578,127.10205841064453,231.8621826171875
2023-02-15,152.97091674804688,262.52093505859375,101.16000366210938,96.08797454833984,143.8798065185547,104.09381103515625,132.6565399169922,53.73029327392578,126.81006622314453,235.98020935058594
2023-02-16,151.37550354003906,255.5319061279297,98.1500015258789,94.67054748535156,142.85964965820312,103.78890228271484,130.8299560546875,53.39667892456055,125.14920806884766,233.91171264648438
2023-02-17,150.233154296875,251.54519653320312,97.19999694824219,93.52072143554688,145.84213256835938,99.79804229736328,131.21742248535156,54.208168029785156,127.76824951171875,235.1167449951172
2023-02-21,146.22494506835938,246.29127502441406,94.58000183105469,90.98323822021484,143.66893005371094,99.69939422607422,128.80966186523438,53.91964340209961,127.67698669433594,228.3988800048828
2023-02-22,146.64842224121094,245.16053771972656,95.79000091552734,90.8444595336914,143.46885681152344,98.40798950195312,127.82260131835938,54.081947326660156,128.21542358398438,225.72311401367188
2023-02-23,147.1309814453125,248.3382568359375,95.81999969482422,90.09114837646484,143.4234161376953,99.31376647949219,128.84657287597656,54.18112564086914,127.80477905273438,225.77999877929688
2023-02-24,144.48182678222656,242.92835998535156,93.5,88.34661102294922,141.8230438232422,99.32272338867188,130.00892639160156,53.955711364746094,127.08381652832031,224.091064453125
2023-02-27,145.6734619140625,243.84461975097656,93.76000213623047,89.0801010131836,141.51390075683594,99.14337158203125,131.14366149902344,53.93767166137695,126.97430419921875,227.7061767578125
2023-02-28,145.17120361328125,243.123291015625,94.2300033569336,89.26844024658203,139.35885620117188,98.56941986083984,132.24139404296875,53.65816116333008,125.53245544433594,227.2981719970703
2023-03-01,143.1031036376953,240.05284118652344,92.16999816894531,89.5657958984375,138.7314453125,99.44828033447266,131.50338745117188,53.07207489013672,125.62370300292969,235.9517059326172
2023-03-02,143.69400024414062,244.7706298828125,92.12999725341797,91.1913833618164,138.62232971191406,99.90565490722656,130.13809204101562,53.847503662109375,127.69523620605469,239.2822265625
2023-03-03,148.73622131347656,248.8450927734375,94.9000015258789,92.82688903808594,140.0499267578125,101.170166015625,132.5273895263672,53.59503936767578,128.62603759765625,242.25216674804688
2023-03-06,151.4936981201172,250.38523864746094,93.75,94.29386901855469,141.45021057128906,102.0670166015625,131.75250244140625,54.42457962036133,128.07852172851562,240.9901885986328
2023-03-07,149.2975616455078,247.73390197753906,93.55000305175781,93.03504180908203,140.11355590820312,100.093994140625,127.87793731689453,54.10899353027344,125.53245544433594,233.5511474609375
2023-03-08,150.5482940673828,247.2952423095703,93.91999816894531,93.42161560058594,139.0860595703125,98.6321792602539,127.1214828491211,54.136043548583984,125.55070495605469,235.9991912841797
2023-03-09,148.3029022216797,245.9501190185547,92.25,91.5085678100586,137.52207946777344,97.86988067626953,120.23959350585938,53.61307907104492,124.62902069091797,228.6360626220703
2023-03-10,146.24462890625,242.31427001953125,90.7300033569336,89.83342742919922,137.85850524902344,96.6591796875,123.29307556152344,53.387657165527344,125.19481658935547,215.39952087402344
2023-03-13,148.1847381591797,247.5097198486328,92.43000030517578,90.30921173095703,139.17697143554688,95.54711151123047,121.07905578613281,53.92866134643555,126.06173706054688,213.20770263671875
2023-03-14,150.2725372314453,254.20628356933594,94.87999725341797,93.14405822753906,139.958984375,95.90585327148438,124.18791198730469,54.12702560424805,127.62225341796875,214.12808227539062
2023-03-15,150.6664276123047,258.7389221191406,96.19999694824219,95.2652587890625,140.34999084472656,91.13478088378906,118.32077026367188,54.48768997192383,129.42910766601562,206.14817810058594
2023-03-16,153.48300170898438,269.2272033691406,100.04000091552734,99.43826293945312,140.0590057373047,90.60564422607422,120.61781311035156,54.78751754760742,130.3964385986328,207.52406311035156
2023-03-17,152.64593505859375,272.375732421875,98.94999694824219,100.72683715820312,138.5586700439453,89.53843688964844,116.06062316894531,54.53312683105469,130.43292236328125,204.01327514648438
2023-03-20,155.0094757080078,265.3574523925781,97.70999908447266,100.3303451538086,139.93170166015625,91.8791275024414,117.28756713867188,55.060096740722656,132.44058227539062,209.04220581054688
2023-03-21,156.86094665527344,266.8682861328125,100.61000061035156,103.9978256225586,139.93170166015625,95.99552917480469,120.43330383300781,54.80569839477539,131.4823455810547,213.41644287109375
2023-03-22,155.43292236328125,265.4159240722656,98.69999694824219,102.4614486694336,137.3493194580078,93.79832458496094,117.32445526123047,54.56037902832031,131.40028381347656,208.70062255859375
2023-03-23,156.51620483398438,270.650390625,98.70999908447266,104.67184448242188,137.42210388183594,92.74007415771484,117.01081085205078,54.4422607421875,131.21774291992188,208.21670532226562
2023-03-24,157.8162078857422,273.48687744140625,98.12999725341797,104.51327514648438,138.80419921875,92.84769439697266,115.23037719726562,55.33266830444336,133.89158630371094,205.9110107421875
2023-03-27,155.87611389160156,269.4026794433594,98.04000091552734,101.55945587158203,139.39524841308594,94.88348388671875,118.53295135498047,55.741539001464844,133.18887329101562,206.8503875732422
2023-03-28,155.25567626953125,268.2817077636719,97.23999786376953,100.14201354980469,138.04949951171875,96.06727600097656,118.89273071289062,55.805137634277344,133.56301879882812,208.89988708496094
2023-03-29,158.3282928466797,273.4284362792969,100.25,100.49884796142578,139.40432739257812,97.71742248535156,119.13258361816406,56.204917907714844,133.97366333007812,211.5946502685547
2023-03-30,159.89413452148438,276.87908935546875,102.0,100.00324249267578,139.51345825195312,98.19273376464844,118.77279663085938,56.195823669433594,134.5577392578125,213.05587768554688
2023-03-31,162.39553833007812,281.0216979980469,103.29000091552734,102.81829071044922,140.94102478027344,98.34519958496094,120.2119140625,56.359375,135.68930053710938,217.1359405517578
2023-04-03,163.6462860107422,279.978759765625,102.41000366210938,103.4427490234375,142.62322998046875,104.14762115478516,120.07354736328125,56.695552825927734,136.43759155273438,218.11328125
2023-04-04,163.114501953125,279.9300231933594,103.94999694824219,103.79959106445312,144.114501953125,103.15214538574219,118.46836853027344,56.522918701171875,137.09463500976562,206.32850646972656
2023-04-05,161.2728729248047,277.1617431640625,101.0999984741211,103.5517807006836,150.5886688232422,104.91888427734375,118.64503479003906,57.058982849121094,138.03460693359375,202.6090087890625
2023-04-06,162.15921020507812,284.2384948730469,102.05999755859375,107.46705627441406,150.17039489746094,103.1790771484375,118.51485443115234,57.09532928466797,138.91067504882812,198.47195434570312
2023-04-10,159.56915283203125,282.084228515625,102.16999816894531,105.50446319580078,149.41566467285156,102.7216796875,118.90536499023438,56.959041595458984,137.76083374023438,204.50668334960938
2023-04-11,158.3578338623047,275.68988037109375,99.91999816894531,104.42404174804688,149.37020874023438,103.44810485839844,119.49109649658203,56.859100341796875,137.487060546875,209.3173828125
2023-04-12,157.66845703125,276.33319091796875,97.83000183105469,103.72028350830078,149.05197143554688,103.34048461914062,119.47248840332031,56.959041595458984,137.86123657226562,209.22251892089844
2023-04-13,163.0455322265625,282.5228576660156,102.4000015258789,106.48577880859375,151.04331970214844,103.82476043701172,119.92808532714844,57.37698745727539,138.5,210.33267211914062
2023-04-14,162.70086669921875,278.9162902832031,102.51000213623047,107.91311645507812,150.7978057861328,104.07588195800781,128.9838104248047,57.2861213684082,137.7973175048828,212.23983764648438
2023-04-17,162.72055053710938,281.5091552734375,102.73999786376953,105.03860473632812,150.6432342529297,102.86516571044922,130.0065460205078,57.658653259277344,137.84295654296875,213.7200469970703
2023-04-18,163.94171142578125,281.09002685546875,102.30000305175781,103.58151245117188,146.40591430664062,104.8740463256836,131.4662322998047,57.749507904052734,137.98895263671875,213.68214416503906
2023-04-19,165.0841064453125,281.16802978515625,104.30000305175781,103.26433563232422,147.78802490234375,104.54222106933594,131.29888916015625,57.85853958129883,138.016357421875,213.16024780273438
2023-04-20,164.11895751953125,278.8870544433594,103.80999755859375,104.36455535888672,148.7427978515625,103.70817565917969,130.91770935058594,58.112937927246094,138.52230834960938,210.9019775390625
2023-04-21,162.51373291015625,278.5458679199219,106.95999908447266,104.4835205078125,147.93353271484375,104.04000854492188,130.6666717529297,58.19471740722656,143.3157196044922,210.13877868652344
2023-04-24,162.8190155029297,274.6566162109375,106.20999908447266,105.03860473632812,148.8336944580078,106.0040283203125,130.84329223632812,58.10385513305664,143.57289123535156,213.1533966064453
2023-04-25,161.28273010253906,268.46697998046875,102.56999969482422,102.93722534179688,150.19766235351562,104.49737548828125,127.99827575683594,58.01299285888672,143.60958862304688,208.57418823242188
2023-04-26,161.2728729248047,287.913330078125,104.9800033569336,102.7984619140625,147.869873046875,103.53778076171875,125.72970581054688,57.74040985107422,141.94749450683594,206.24642944335938
2023-04-27,165.8522491455078,297.1344909667969,109.81999969482422,106.64435577392578,148.2154083251953,104.775390625,127.4218521118164,57.85853958129883,143.6830291748047,204.4719696044922
2023-04-28,167.1029510498047,299.503173828125,105.44999694824219,106.39654541015625,148.8519287109375,106.12959289550781,128.52825927734375,58.28556823730469,143.60040283203125,208.7363739013672
2023-05-01,167.0143280029297,297.8459777832031,102.05000305175781,106.25777435302734,148.760986328125,102.83824920654297,131.28030395507812,58.42185974121094,143.77487182617188,207.27674865722656
2023-05-02,165.9802703857422,297.6997985839844,103.62999725341797,104.39431762695312,150.06129455566406,98.73979949951172,129.16046142578125,58.15837097167969,143.6463165283203,205.25424194335938
2023-05-03,164.90682983398438,296.7153625488281,103.6500015258789,104.4835205078125,148.09718322753906,96.79370880126953,126.42699432373047,57.831275939941406,143.462646484375,205.72174072265625
2023-05-04,163.2720489501953,297.6997985839844,104.0,103.76985168457031,147.42433166503906,95.09870910644531,124.69767761230469,57.89487838745117,142.80149841308594,200.7036590576172
2023-05-05,170.93392944335938,302.80755615234375,105.66000366210938,104.6421127319336,147.92442321777344,97.46631622314453,127.13362121582031,58.167449951171875,143.27902221679688,205.197021484375
2023-05-08,170.86495971679688,300.85797119140625,105.83000183105469,106.82278442382812,147.5880126953125,97.85194396972656,127.44041442871094,58.07658767700195,142.60865783691406,204.9108428955078
2023-05-09,169.1612091064453,299.2497253417969,106.62000274658203,106.40646362304688,146.4423065185547,97.87885284423828,126.8268051147461,57.59503936767578,141.14857482910156,203.67062377929688
2023-05-10,170.92404174804688,304.4256286621094,110.19000244140625,110.7677993774414,146.9878692626953,96.62329864501953,126.89187622070312,57.69499206542969,141.44241333007812,203.36529541015625
2023-05-11,171.1111602783203,302.28118896484375,112.18000030517578,115.5454330444336,146.3877410888672,94.87449645996094,126.49210357666016,58.0220832824707,141.7729949951172,200.36976623535156
2023-05-12,170.18417358398438,301.1699523925781,110.26000213623047,116.47718048095703,146.19677734375,94.86552429199219,124.67908477783203,58.24922561645508,143.21473693847656,199.90231323242188
2023-05-15,169.69110107421875,301.6475830078125,111.19999694824219,115.4859619140625,145.07833862304688,95.04646301269531,125.72970581054688,58.09476089477539,143.2606201171875,201.57179260253906
2023-05-16,169.69110107421875,303.8700256347656,113.4000015258789,118.4595947265625,144.8873748779297,92.73973083496094,124.88362121582031,57.44059371948242,143.0126953125,197.669921875
2023-05-17,170.30247497558594,306.7420654296875,115.5,119.77789306640625,144.56910705566406,94.82030487060547,128.72348022460938,57.37698745727539,142.4066162109375,202.3445587158203
2023-05-18,172.62986755371094,311.1575927734375,118.1500015258789,121.75041198730469,144.10536193847656,95.67967224121094,129.6997528076172,57.058982849121094,140.06500244140625,204.8440399169922
2023-05-19,172.7383575439453,310.9817810058594,116.25,121.68102264404297,144.49639892578125,96.12294006347656,129.40219116210938,57.08623504638672,140.6527099609375,204.90127563476562
2023-05-22,171.79159545898438,313.7560729980469,115.01000213623047,123.9509048461914,143.71763610839844,94.95599365234375,128.3330078125,55.88690948486328,136.9704132080078,204.4051971435547
2023-05-23,169.18809509277344,307.972900390625,114.98999786376953,121.48278045654297,143.6626739501953,96.24958038330078,126.99417114257812,55.78696823120117,135.4919891357422,202.92649841308594
2023-05-24,169.46424865722656,306.5955505371094,116.75,119.83737182617188,143.52523803710938,97.32605743408203,125.83195495605469,55.31450653076172,134.37167358398438,200.05494689941406
2023-05-25,170.59835815429688,318.3865661621094,115.0,122.39471435546875,141.46388244628906,95.58016967773438,126.1387710571289,54.887474060058594,133.50852966308594,200.32205200195312
2023-05-26,173.00460815429688,325.1954040527344,120.11000061035156,123.5147705078125,141.40890502929688,94.95599365234375,127.31956481933594,54.75117874145508,133.51768493652344,202.058349609375
2023-05-30,174.8487548828125,323.55426025390625,121.66000366210938,122.58302307128906,141.42723083496094,94.11471557617188,127.80303192138672,54.315067291259766,131.47914123535156,200.24571228027344
2023-05-31,174.79945373535156,320.7994689941406,120.58000183105469,121.7900619506836,142.05941772460938,92.43215942382812,126.17597961425781,54.206031799316406,130.85472106933594,196.28659057617188
2023-06-01,177.60020446777344,324.8926086425781,122.7699966430664,122.63258361816406,141.5829620361328,93.49959564208984,127.91463470458984,54.514957427978516,132.19537353515625,199.4539031982422
2023-06-02,178.4482879638672,327.64739990234375,124.25,123.5742416381836,143.80926513671875,95.6706314086914,130.6015625,55.56890869140625,134.5461883544922,216.20626831054688
2023-06-05,177.09722900390625,328.1749572753906,125.30000305175781,124.90245819091797,145.0460968017578,95.24546813964844,129.3185272216797,55.196380615234375,134.01358032226562,212.2375946044922
2023-06-06,176.7323455810547,325.9671936035156,126.61000061035156,126.1910400390625,144.91781616210938,96.0234375,129.5509796142578,54.79661178588867,132.68206787109375,216.25393676757812
2023-06-07,175.36158752441406,315.9052429199219,121.2300033569336,121.42330932617188,145.22927856445312,98.17638397216797,130.80612182617188,54.71483612060547,132.96673583984375,224.71597290039062
2023-06-08,178.07354736328125,317.7418518066406,124.25,121.06649017333984,146.82342529296875,97.86882781982422,130.84329223632812,54.85112762451172,134.4727325439453,223.6665496826172
2023-06-09,178.45816040039062,319.2364807128906,123.43000030517578,121.15567779541016,146.5943603515625,97.14512634277344,131.10365295410156,54.94198989868164,134.58287048339844,224.21986389160156
2023-06-12,181.2490234375,324.1794128417969,126.56999969482422,122.55328369140625,146.49359130859375,96.2676773071289,131.09434509277344,54.70576095581055,133.52687072753906,226.9578857421875
2023-06-13,180.77566528320312,326.56304931640625,126.66000366210938,122.74163055419922,147.26316833496094,96.2857666015625,132.04266357421875,54.92381286621094,133.20547485351562,234.1510772705078
2023-06-14,181.4068145751953,329.5426025390625,126.41999816894531,122.58302307128906,148.01443481445312,95.12786865234375,131.5499267578125,55.29633712768555,134.454345703125,232.12860107421875
2023-06-15,183.43832397460938,340.05389404296875,127.11000061035156,123.99054718017578,150.0024871826172,95.78823852539062,133.0375213623047,56.05620193481445,136.3184356689453,236.27850341796875
2023-06-16,182.3634033203125,334.4172058105469,125.48999786376953,122.44425964355469,150.4605712890625,95.1007308959961,133.195556640625,56.45901870727539,137.3193817138672,233.98890686035156
2023-06-20,182.45216369628906,330.23614501953125,125.77999877929688,122.0180435180664,150.3689422607422,92.92064666748047,132.516845703125,56.08366394042969,136.0521697998047,230.05841064453125
2023-06-21,181.4167022705078,325.8499755859375,124.83000183105469,119.49044799804688,150.1399383544922,93.96094512939453,132.32162475585938,56.23929977416992,137.22755432128906,230.3732147216797
2023-06-22,184.41464233398438,331.8577575683594,130.14999389648438,122.0676040649414,151.7340087890625,93.4453125,129.7740936279297,56.62381362915039,137.6958770751953,226.4236297607422
2023-06-23,184.09906005859375,327.27618408203125,129.3300018310547,121.26471710205078,151.6057586669922,92.63116455078125,129.0954132080078,56.02873229980469,136.32762145996094,223.65701293945312
2023-06-26,182.7085418701172,321.0046081542969,127.33000183105469,117.29987335205078,149.91087341308594,94.34085845947266,129.41148376464844,56.04704666137695,136.46536254882812,226.05157470703125
2023-06-27,185.45997619628906,326.8366394042969,129.17999267578125,117.28995513916016,149.59938049316406,94.57605743408203,129.4207763671875,55.92802810668945,137.76016235351562,229.61959838867188
2023-06-28,186.633544921875,328.0870056152344,129.0399932861328,119.12369537353516,149.29705810546875,95.344970703125,128.85365295410156,55.406192779541016,137.73260498046875,230.7452850341797
2023-06-29,186.9688262939453,327.3055114746094,127.9000015258789,118.05319213867188,150.3414764404297,96.52093505859375,133.35360717773438,54.94844436645508,137.17245483398438,233.00628662109375
2023-06-30,191.28826904296875,332.6686706542969,130.36000061035156,118.64791107177734,151.64242553710938,97.01848602294922,135.2224578857422,55.13154220581055,139.339599609375,234.73301696777344
2023-07-03,189.79916381835938,330.1775817871094,130.22000122070312,118.8461685180664,149.65435791015625,97.20846557617188,136.31024169921875,55.46112823486328,140.0374755859375,235.9541473388672
2023-07-05,188.68482971191406,330.3338623046875,130.3800048828125,120.67990112304688,149.1596221923828,96.71092224121094,135.40216064453125,55.87309646606445,139.79872131347656,233.56915283203125
2023-07-06,189.1581573486328,333.3816833496094,128.36000061035156,119.05432891845703,148.05108642578125,93.1015625,134.0635223388672,55.442813873291016,139.5691680908203,229.5146026611328
2023-07-07,188.04379272460938,329.4253845214844,129.77999877929688,118.42985534667969,145.89810180664062,93.31866455078125,135.121337890625,54.710411071777344,136.6398468017578,233.9030303955078
2023-07-10,186.00242614746094,324.1599426269531,127.12999725341797,115.4264907836914,146.1363067626953,94.70270538330078,135.87957763671875,54.298439025878906,136.69493103027344,237.36607360839844
2023-07-11,185.47975158691406,324.78509521484375,128.77999877929688,116.11042022705078,145.330078125,95.86060333251953,138.00460815429688,54.490692138671875,135.97866821289062,241.2202606201172
2023-07-12,187.1463623046875,329.4057922363281,130.8000030517578,117.88468170166016,144.82618713378906,96.33098602294922,138.68800354003906,54.783653259277344,136.68577575683594,241.935791015625
2023-07-13,187.90570068359375,334.7396545410156,134.3000030517578,123.44538879394531,145.4949951171875,94.56702423095703,139.36203002929688,55.25056076049805,136.77757263183594,244.09182739257812
2023-07-14,188.05364990234375,337.25994873046875,134.67999267578125,124.31765747070312,146.4661102294922,91.31046295166016,140.20452880859375,55.75408172607422,137.78770446777344,243.8628387451172
2023-07-17,191.3080291748047,337.7386779785156,133.55999755859375,123.5544204711914,145.73321533203125,91.70845794677734,143.58395385742188,55.671688079833984,136.8143310546875,245.6182403564453
2023-07-18,191.0515899658203,351.18060302734375,132.8300018310547,122.6722412109375,145.72402954101562,91.2923583984375,143.84609985351562,55.45197296142578,137.0714569091797,251.67616271972656
2023-07-19,192.40267944335938,346.87249755859375,135.36000061035156,120.95744323730469,145.4308624267578,91.92559051513672,144.3983917236328,56.43155288696289,138.00807189941406,251.90625
2023-07-20,190.4599151611328,338.852294921875,129.9600067138672,118.15231323242188,154.26260375976562,93.54483032226562,146.17706298828125,57.11818313598633,139.1271209716797,250.3147735595703
2023-07-21,189.28636169433594,335.8239440917969,130.0,118.96510314941406,155.92088317871094,93.97903442382812,145.05368041992188,57.1639518737793,141.31715393066406,247.01673889160156
2023-07-24,190.0851593017578,337.1329650878906,128.8000030517578,120.46183776855469,156.73623657226562,95.45352172851562,147.9088897705078,57.18226623535156,141.7699432373047,248.66580200195312
2023-07-25,190.943115234375,342.8672790527344,129.1300048828125,121.13584899902344,157.93641662597656,95.5982666015625,146.80426025390625,56.990013122558594,142.10260009765625,251.24473571777344
2023-07-26,191.81097412109375,329.9626159667969,128.14999389648438,128.13381958007812,158.23875427246094,95.0645523071289,147.68421936035156,57.722412109375,142.2504425048828,247.65911865234375
2023-07-27,190.54867553710938,323.0755615234375,128.25,128.2626495361328,159.1273956298828,95.3630599975586,146.05535888671875,57.1639518737793,140.55943298339844,247.63987731933594
2023-07-28,193.12255859375,330.5487365722656,132.2100067138672,131.41470336914062,159.85116577148438,94.2232666015625,146.8885040283203,57.2005729675293,144.53289794921875,249.6819610595703
2023-07-31,193.73402404785156,328.15545654296875,133.67999267578125,131.55348205566406,153.48391723632812,97.00946044921875,147.87147521972656,56.69705581665039,144.43125915527344,254.22642517089844
2023-08-01,192.90562438964844,328.5656433105469,131.69000244140625,130.3937530517578,154.7298583984375,96.44860076904297,147.14126586914062,56.550567626953125,144.3850555419922,276.73736572265625
2023-08-02,189.91751098632812,319.9300842285156,128.2100067138672,127.25162506103516,155.66433715820312,95.24546813964844,145.47494506835938,56.724517822265625,144.69923400878906,275.70196533203125
2023-08-03,188.52700805664062,319.1094055175781,128.91000366210938,127.32101440429688,156.33314514160156,96.90087890625,146.36428833007812,56.43155288696289,145.07806396484375,269.8345642089844
2023-08-04,179.4739227294922,320.2035217285156,139.57000732421875,126.98401641845703,154.86727905273438,97.17227172851562,146.05535888671875,55.580135345458984,143.48870849609375,265.03125
2023-08-07,176.37734985351562,322.47967529296875,142.22000122070312,130.37393188476562,158.58688354492188,96.97325897216797,146.74807739257812,56.01957702636719,145.00418090820312,270.0263366699219
2023-08-08,177.31419372558594,318.5135498046875,139.94000244140625,130.2450714111328,158.66018676757812,97.45270538330078,145.92430114746094,55.772396087646484,145.16127014160156,271.21502685546875
2023-08-09,175.72645568847656,314.7818298339844,137.85000610351562,128.5203857421875,158.5594024658203,99.10811614990234,143.96774291992188,55.90056610107422,144.97645568847656,272.7873840332031
2023-08-10,175.5094757080078,315.46563720703125,138.55999755859375,128.5501251220703,157.73484802246094,99.61469268798828,143.75245666503906,55.772396087646484,144.25567626953125,272.1067199707031
2023-08-11,175.5687255859375,313.5901184082031,138.41000366210938,128.4212188720703,159.2740020751953,101.16156005859375,144.5856170654297,56.00127029418945,145.09658813476562,273.4489440917969
2023-08-14,177.21788024902344,316.5500183105469,140.57000732421875,130.17568969726562,158.89837646484375,101.24298858642578,144.88519287109375,55.73577117919922,143.95999145507812,272.7969665527344
2023-08-15,175.2329864501953,314.42034912109375,137.6699981689453,128.6393280029297,158.44029235839844,98.64372253417969,141.19683837890625,55.36042022705078,143.035888671875,265.9228820800781
2023-08-16,174.36399841308594,313.6568298339844,135.07000732421875,127.56881713867188,157.93641662597656,96.98385620117188,140.59771728515625,55.369571685791016,141.57586669921875,263.1809387207031
2023-08-17,171.8261260986328,310.2109375,133.97999572753906,128.77809143066406,159.42054748535156,98.86261749267578,139.1373291015625,55.48859405517578,140.55943298339844,263.813720703125
2023-08-18,172.3099822998047,309.8193664550781,133.22000122070312,126.33971405029297,158.02804565429688,100.35832214355469,139.45562744140625,55.799869537353516,140.9567413330078,262.50018310546875
2023-08-21,173.64309692382812,315.1056823730469,134.67999267578125,127.2417221069336,153.31898498535156,99.14533233642578,139.9330596923828,55.32379913330078,140.24525451660156,261.4935302734375
2023-08-22,175.0157470703125,315.6734619140625,134.25,127.94548034667969,152.1004638671875,98.58900451660156,137.03103637695312,54.985069274902344,140.30067443847656,259.0487976074219
2023-08-23,178.85714721679688,320.1178894042969,135.52000427246094,131.20657348632812,150.7353973388672,97.72259521484375,137.95779418945312,55.17731857299805,141.61285400390625,261.76202392578125
2023-08-24,174.1763458251953,313.23590087890625,131.83999633789062,128.6393280029297,151.2484588623047,96.99298095703125,137.82675170898438,55.03083801269531,140.9567413330078,258.1858825683594
2023-08-25,176.37850952148438,316.18255615234375,133.25999450683594,128.7384490966797,153.4170379638672,98.7258071899414,137.6582489013672,55.287174224853516,141.88084411621094,261.3114318847656
2023-08-28,177.93875122070312,316.88739013671875,133.13999938964844,129.8585205078125,151.6083526611328,99.55574798583984,138.13568115234375,55.442813873291016,142.10260009765625,263.4493713378906
2023-08-29,181.8196563720703,321.49822998046875,134.91000366210938,133.38723754882812,151.62681579589844,100.14855194091797,139.25901794433594,55.387882232666016,142.18577575683594,268.4731140136719
2023-08-30,185.30555725097656,321.8702087402344,135.07000732421875,134.68569946289062,151.09158325195312,101.1244125366211,138.69732666015625,55.36042022705078,142.34286499023438,270.67816162109375
2023-08-31,185.52279663085938,320.8619384765625,138.00999450683594,134.97314453125,149.1998291015625,101.40713500976562,136.98423767089844,54.774497985839844,142.62008666992188,269.5277099609375
2023-09-01,187.0929412841797,321.7429504394531,138.1199951171875,134.46766662597656,148.09246826171875,103.53213500976562,137.44293212890625,54.298439025878906,142.7771759033203,274.4364318847656
2023-09-05,187.32994079589844,326.5300598144531,137.27000427246094,134.5767059326172,148.27699279785156,103.541259765625,135.9263916015625,53.84983825683594,140.8643798828125,270.0071105957031
2023-09-06,180.62478637695312,325.8741455078125,135.36000061035156,133.27822875976562,145.81312561035156,104.4350357055664,135.70172119140625,53.81321716308594,140.587158203125,271.224609375
2023-09-07,175.3415985107422,322.96661376953125,137.85000610351562,134.0711669921875,147.6772003173828,103.92430877685547,134.5409393310547,53.40125274658203,141.92703247070312,269.8153381347656
2023-09-08,175.95387268066406,327.2348937988281,138.22999572753906,135.18133544921875,148.16627502441406,105.4382553100586,134.64390563964844,53.40125274658203,141.31715393066406,270.6302185058594
2023-09-11,177.119140625,330.82769775390625,143.10000610351562,135.71656799316406,150.10418701171875,104.11582946777344,135.233642578125,53.90476989746094,142.9989471435547,270.4097595214844
2023-09-12,174.0973663330078,324.7874755859375,141.22999572753906,134.15045166015625,150.95315551757812,107.15284729003906,136.9935760498047,53.373779296875,140.4855194091797,270.1796569824219
2023-09-13,172.0334930419922,328.9871826171875,144.85000610351562,135.5084228515625,151.33151245117188,106.19522857666016,137.0591278076172,53.50194549560547,141.4650115966797,264.53277587890625
2023-09-14,173.54440307617188,331.5716857910156,144.72000122070312,136.88621520996094,151.10079956054688,108.09222412109375,139.7177276611328,53.944881439208984,143.01744079589844,270.898681640625
2023-09-15,172.82350158691406,323.2701416015625,140.38999938964844,136.19235229492188,148.98757934570312,106.43234252929688,139.30584716796875,53.46503829956055,141.81614685058594,267.62939453125
2023-09-18,175.7465057373047,322.1346130371094,139.97999572753906,136.9952392578125,149.92884826660156,107.2896499633789,139.59603881835938,53.79723358154297,142.3521270751953,269.3456115722656
2023-09-19,176.83277893066406,321.733154296875,137.6300048828125,136.8267364501953,149.67967224121094,107.00691223144531,139.41818237304688,53.686500549316406,141.936279296875,268.12799072265625
2023-09-20,173.29747009277344,314.01904296875,135.2899932861328,132.5645294189453,150.3348846435547,106.15873718261719,138.8284149169922,53.926422119140625,141.81614685058594,267.1116638183594
2023-09-21,171.7569580078125,312.80511474609375,129.3300018310547,129.2935333251953,149.1813507080078,104.66304779052734,137.74249267578125,53.0959358215332,140.587158203125,260.8032531738281
2023-09-22,172.60623168945312,310.3381652832031,129.1199951171875,129.10520935058594,148.11093139648438,104.82720947265625,136.42254638671875,53.15129852294922,140.06968688964844,261.79083251953125
2023-09-25,173.88011169433594,310.8570251464844,131.27000427246094,129.9576416015625,147.88943481445312,106.00370788574219,137.09652709960938,52.59763717651367,139.21954345703125,262.9507751464844
2023-09-26,169.8115997314453,305.5706481933594,125.9800033569336,127.4399642944336,146.7451629638672,106.16785430908203,135.6736602783203,52.163936614990234,137.98130798339844,258.39691162109375
2023-09-27,168.3007049560547,306.2070007324219,125.9800033569336,129.39263916015625,144.98255920410156,109.62440490722656,136.4693603515625,51.62873458862305,136.15164184570312,261.4551696777344
2023-09-28,168.55743408203125,307.0391540527344,125.9800033569336,131.14710998535156,144.77035522460938,108.95864868164062,138.16375732421875,51.49956130981445,135.22755432128906,264.8395080566406
2023-09-29,169.07098388671875,309.10467529296875,127.12000274658203,129.7098388671875,143.72755432128906,107.23493194580078,135.75790405273438,51.65642166137695,134.78402709960938,261.73333740234375
2023-10-02,171.57923889160156,315.02734375,129.4600067138672,132.99073791503906,143.17385864257812,105.45648956298828,134.58775329589844,51.195037841796875,134.16488647460938,260.506103515625
2023-10-03,170.24606323242188,306.7943420410156,124.72000122070312,131.26602172851562,143.34922790527344,105.63890075683594,133.595458984375,50.64137268066406,134.442138671875,257.8695373535156
2023-10-04,171.4903564453125,312.2470703125,127.0,134.0513153076172,143.51531982421875,101.68986511230469,134.19454956054688,50.78901672363281,134.88565063476562,254.09217834472656
2023-10-05,172.72474670410156,312.638671875,125.95999908447266,133.88282775878906,145.01026916503906,99.40069580078125,134.76036071777344,48.3344612121582,132.8804473876953,250.03677368164062
2023-10-06,175.27252197265625,320.3724365234375,127.95999908447266,136.3707733154297,145.47166442871094,97.74083709716797,136.8350830078125,49.035762786865234,133.1484375,255.06048583984375
2023-10-09,176.7537841796875,322.87860107421875,128.25999450683594,137.20338439941406,146.30218505859375,101.16089630126953,136.52386474609375,48.79584884643555,132.47386169433594,260.1034240722656
2023-10-10,176.1612548828125,321.4786376953125,129.47999572753906,136.84657287597656,146.13609313964844,100.73223876953125,137.3537139892578,49.857025146484375,133.78602600097656,261.9345397949219
2023-10-11,177.55364990234375,325.423828125,131.8300018310547,139.314697265625,144.1243438720703,97.12065124511719,137.8252716064453,49.561744689941406,132.14122009277344,261.57025146484375
2023-10-12,178.4522705078125,324.1903991699219,132.3300018310547,137.74856567382812,144.26278686523438,97.10242462158203,137.50460815429688,48.73125076293945,132.43690490722656,258.48309326171875
2023-10-13,176.61550903320312,320.83258056640625,129.7899932861328,136.1527099609375,144.74266052246094,100.20327758789062,139.5698699951172,48.80506896972656,133.702880859375,256.88214111328125
2023-10-16,176.48712158203125,325.6392822265625,132.5500030517578,137.87742614746094,145.37017822265625,100.27622985839844,139.42843627929688,49.303367614746094,134.9781036376953,259.6144714355469
2023-10-17,174.93673706054688,325.0714416503906,131.47000122070312,138.49195861816406,144.0413055419922,101.58954620361328,139.12664794921875,49.89393615722656,135.15362548828125,261.397705078125
2023-10-18,173.64309692382812,323.1624450683594,128.1300048828125,136.74742126464844,140.940673828125,103.01227569580078,137.59893798828125,49.875484466552734,138.63735961914062,248.52197265625
2023-10-19,173.26788330078125,324.3469543457031,128.39999389648438,136.53927612304688,140.56234741210938,103.07611846923828,137.0142364501953,50.15230941772461,137.85719299316406,242.4532012939453
2023-10-20,170.7200927734375,319.794921875,125.16999816894531,134.40818786621094,141.18983459472656,101.30680847167969,134.8075408935547,50.355323791503906,137.67123413085938,240.14999389648438
2023-10-23,170.83859252929688,322.38909912109375,126.55999755859375,135.30026245117188,139.70413208007812,99.82022857666016,132.9686279296875,49.90316390991211,137.76419067382812,238.33827209472656
2023-10-24,171.27308654785156,323.5736083984375,128.55999755859375,137.5899658203125,139.5564422607422,98.8534927368164,133.12892150878906,51.342674255371094,139.39151000976562,240.48728942871094
2023-10-25,168.96231079101562,333.5001525878906,121.38999938964844,124.5059814453125,139.87022399902344,99.035888671875,132.40281677246094,51.78560256958008,140.04244995117188,236.04470825195312
2023-10-26,164.804931640625,320.98919677734375,119.56999969482422,121.20524597167969,137.4985809326172,98.13298797607422,132.7422637939453,51.471866607666016,139.29849243164062,233.6258544921875
2023-10-27,166.11830139160156,322.8688049316406,127.73999786376953,121.09620666503906,134.36105346679688,96.26337432861328,127.96109008789062,50.973575592041016,136.8435821533203,229.89639282226562
2023-10-30,168.16246032714844,330.2109375,132.7100067138672,123.36608123779297,135.68064880371094,96.56433868408203,129.592529296875,51.81329345703125,138.79638671875,233.3656768798828
2023-10-31,168.63644409179688,330.9940490722656,133.08999633789062,122.98942565917969,136.8895263671875,96.53697204589844,131.1391143798828,52.12702941894531,139.51239013671875,217.8406982421875
2023-11-01,171.7964630126953,338.78656005859375,137.0,125.33860778808594,137.21253967285156,96.3454360961914,131.0259552001953,52.08089065551758,139.12184143066406,223.41082763671875
2023-11-02,175.3515167236328,340.9892272949219,138.07000732421875,126.36945343017578,138.6428985595703,99.51013946533203,133.36471557617188,52.680686950683594,140.82354736328125,230.43603515625
2023-11-03,174.4429931640625,345.37493896484375,138.60000610351562,127.9653091430664,139.65797424316406,98.29716491699219,134.85470581054688,52.357723236083984,139.54959106445312,232.00686645507812
2023-11-06,176.9907684326172,349.0263671875,139.74000549316406,129.10520935058594,139.99014282226562,96.55520629882812,135.87315368652344,52.56996154785156,140.35861206054688,229.6265411376953
2023-11-07,179.54840087890625,352.9422607421875,142.7100067138672,129.81887817382812,139.25193786621094,95.04125213623047,135.80715942382812,52.76373291015625,140.0331573486328,226.38858032226562
2023-11-08,180.6050262451172,355.5560302734375,142.0800018310547,130.6812286376953,138.74436950683594,93.87388610839844,136.4767303466797,52.680686950683594,139.49378967285156,226.292236328125
2023-11-09,180.1310272216797,353.09881591796875,140.60000610351562,129.0952911376953,136.0405731201172,93.90123748779297,136.0712127685547,52.283897399902344,139.80999755859375,225.64654541015625
2023-11-10,184.31369018554688,361.889892578125,143.55999755859375,131.42465209960938,135.8836669921875,94.6217269897461,138.0893096923828,52.339271545410156,140.795654296875,230.9757080078125
2023-11-13,182.73158264160156,358.9627380371094,142.58999633789062,130.92901611328125,136.23435974121094,95.6158218383789,137.4763641357422,52.533050537109375,141.77206420898438,232.89344787597656
2023-11-14,185.34205627441406,362.47723388671875,145.8000030517578,132.44557189941406,136.26206970214844,95.98397064208984,139.98483276367188,52.68991470336914,141.45590209960938,238.85867309570312
2023-11-15,185.90567016601562,362.6244201660156,143.1999969482422,133.43679809570312,137.31402587890625,95.40415954589844,141.21075439453125,52.791419982910156,140.80494689941406,241.9713592529297
2023-11-16,187.58663940429688,369.00048828125,142.8300018310547,135.72647094726562,138.5137176513672,94.29972076416016,142.82333374023438,52.736053466796875,142.11610412597656,239.19595336914062
2023-11-17,187.56686401367188,362.8009338378906,145.17999267578125,134.12071228027344,138.22760009765625,96.60060119628906,144.1153564453125,52.83755874633789,140.47952270507812,243.87948608398438
2023-11-20,189.30714416503906,370.24627685546875,146.1300048828125,135.05245971679688,139.44619750976562,96.17725372314453,144.55856323242188,52.96674728393555,139.73556518554688,241.3546142578125
2023-11-21,188.5062255859375,365.9595642089844,143.89999389648438,135.7661590576172,140.57171630859375,96.14043426513672,144.25680541992188,53.548091888427734,139.12184143066406,240.3523712158203
2023-11-22,189.16871643066406,370.6484375,146.7100067138672,137.27279663085938,140.29269409179688,95.72628784179688,144.59629821777344,53.90796661376953,140.43299865722656,237.07583618164062
2023-11-24,187.84371948242188,370.2364501953125,146.74000549316406,135.48861694335938,141.8553924560547,96.2416763305664,144.79432678222656,54.0463752746582,140.7677764892578,238.37680053710938
2023-11-27,187.66574096679688,371.3940124511719,147.72999572753906,135.21104431152344,140.7205352783203,95.68025970458984,144.46424865722656,53.944881439208984,140.63758850097656,238.40573120117188
2023-11-28,188.26890563964844,375.40606689453125,147.02999877929688,135.99411010742188,141.04612731933594,95.62503814697266,144.79432678222656,54.05561065673828,141.61395263671875,238.51173400878906
2023-11-29,187.2504425048828,371.62945556640625,146.32000732421875,133.8035430908203,141.49261474609375,94.18929290771484,145.52993774414062,53.732643127441406,140.53529357910156,240.3909149169922
2023-11-30,187.8239288330078,371.68829345703125,146.08999633789062,131.36512756347656,143.86463928222656,94.55741882324219,147.18966674804688,54.35581588745117,142.75775146484375,241.6147918701172
2023-12-01,189.09950256347656,367.3721618652344,147.02999877929688,130.70103454589844,147.32498168945312,94.78750610351562,147.9063720703125,54.541839599609375,141.95802307128906,247.43545532226562
2023-12-04,187.3097686767578,362.1044616699219,144.83999633789062,128.13381958007812,147.7900848388672,94.27210998535156,148.9908447265625,54.47673034667969,141.4001007080078,245.49844360351562
2023-12-05,191.255126953125,365.4200439453125,146.8800048828125,129.8386993408203,147.4831085205078,92.44062042236328,148.97198486328125,54.5604362487793,136.4716339111328,245.92247009277344
2023-12-06,190.1674346923828,361.77093505859375,144.52000427246094,128.87721252441406,145.68780517578125,91.2165298461914,147.4065399169922,54.504634857177734,136.36935424804688,246.67416381835938
2023-12-07,192.0955810546875,363.8800048828125,146.8800048828125,135.72647094726562,144.552978515625,90.58147430419922,147.8592071533203,54.634857177734375,136.22984313964844,248.06179809570312
2023-12-08,193.5194854736328,367.09747314453125,147.4199981689453,133.8035430908203,143.64137268066406,91.62149810791016,149.4906768798828,54.513938903808594,134.9744873046875,250.07594299316406
2023-12-11,191.017822265625,364.22332763671875,145.88999938964844,132.11846923828125,144.2366943359375,91.6859130859375,150.0376434326172,54.91388702392578,135.5975341796875,251.4443359375
2023-12-12,192.53067016601562,367.2445983886719,147.47999572753906,131.3552703857422,144.24598693847656,90.240966796875,151.3767547607422,55.2673225402832,135.70912170410156,251.9358367919922
2023-12-13,195.74427795410156,367.23486328125,148.83999633789062,131.40478515625,144.91575622558594,91.04167175292969,151.885986328125,55.74168014526367,138.1640625,258.23834228515625
2023-12-14,195.8926239013672,358.9556884765625,147.4199981689453,130.78033447265625,145.9203643798828,93.48979949951172,154.6490936279297,54.91388702392578,134.51885986328125,274.8137512207031
2023-12-15,195.35867309570312,363.66412353515625,149.97000122070312,131.43455505371094,144.3297119140625,92.86397552490234,155.81845092773438,54.504634857177734,133.867919921875,275.36297607421875
2023-12-18,193.69747924804688,365.54754638671875,154.07000732421875,134.60641479492188,144.59017944335938,93.55424499511719,156.76150512695312,54.89527893066406,135.9230194091797,275.3341064453125
2023-12-19,194.73570251464844,366.1459655761719,153.7899932861328,135.44894409179688,145.5389862060547,94.78750610351562,158.8550567626953,54.718563079833984,135.9230194091797,282.3207702636719
2023-12-20,192.64935302734375,363.5562438964844,152.1199951171875,137.12408447265625,142.5716552734375,93.20450592041016,157.06324768066406,53.583824157714844,133.8214569091797,279.1888122558594
2023-12-21,192.50100708007812,366.42059326171875,153.83999633789062,139.18580627441406,144.0320587158203,93.62787628173828,157.9591827392578,53.9372673034668,134.14688110351562,279.5357360839844
2023-12-22,191.43310546875,367.4407653808594,153.4199981689453,140.24639892578125,144.6088104248047,93.79351806640625,157.86485290527344,54.244197845458984,135.09539794921875,279.815185546875
2023-12-26,190.88926696777344,367.5193176269531,153.41000366210938,140.27613830566406,145.24131774902344,94.00520324707031,158.79847717285156,54.46743392944336,135.70912170410156,284.893798828125
2023-12-27,190.98812866210938,366.9405212402344,153.33999633789062,139.13623046875,145.43667602539062,93.56343841552734,159.7509307861328,54.60694885253906,135.82070922851562,287.29339599609375
2023-12-28,191.413330078125,368.1274719238281,153.3800048828125,138.99745178222656,145.650634765625,92.21051788330078,160.5996856689453,54.64414978027344,135.5138397216797,286.0984191894531
2023-12-29,190.37506103515625,368.8729553222656,151.94000244140625,138.46221923828125,145.7994384765625,92.01725006103516,160.41107177734375,54.81157302856445,136.2670440673828,284.9324035644531
2024-01-02,183.5621795654297,363.801513671875,149.92999267578125,136.95556640625,148.80398559570312,94.20769500732422,162.2782745361328,55.63936996459961,138.31283569335938,282.0799560546875
2024-01-03,182.18775939941406,363.5366516113281,148.47000122070312,137.69900512695312,149.73419189453125,94.99919891357422,161.5709991455078,55.76958465576172,137.47593688964844,273.97528076171875
2024-01-04,179.87399291992188,360.9273681640625,144.57000732421875,135.1912078857422,149.41793823242188,94.17088317871094,162.6432342529297,55.583560943603516,138.22914123535156,275.7099609375
2024-01-05,179.15211486816406,360.7409362792969,145.24000549316406,134.5370330810547,149.88302612304688,94.45619201660156,163.459228515625,55.49985885620117,137.0853729248047,278.4371337890625
2024-01-08,183.4830780029297,367.54864501953125,149.10000610351562,137.61968994140625,150.2550811767578,92.88236999511719,163.22203063964844,55.90910720825195,138.26634216308594,281.6365966796875
2024-01-09,183.06777954101562,368.62774658203125,151.3699951171875,139.7111358642578,150.34811401367188,91.73192596435547,161.9315643310547,55.80679702758789,138.83358764648438,281.6751708984375
2024-01-10,184.10604858398438,375.47467041015625,153.72999572753906,141.02943420410156,150.57135009765625,90.82999420166016,162.27313232421875,55.99281311035156,139.4287109375,282.6966857910156
2024-01-11,183.51275634765625,377.29925537109375,155.17999267578125,140.83120727539062,149.90158081054688,90.81156158447266,161.58999633789062,55.63007736206055,139.95875549316406,281.4534606933594
2024-01-12,183.8390655517578,381.0660705566406,154.6199951171875,141.396240234375,151.05506896972656,91.98963928222656,160.4039306640625,56.16953659057617,140.04244995117188,279.8634338378906
2024-01-16,181.57467651367188,382.83172607421875,153.16000366210938,141.23764038085938,149.3155975341797,89.90962982177734,159.3981475830078,55.79749298095703,139.28921508789062,276.7989196777344
2024-01-17,180.6352996826172,382.04705810546875,151.7100067138672,140.22657775878906,149.2318572998047,89.25617980957031,158.5441436767578,55.79749298095703,139.4287109375,268.5111999511719
2024-01-18,186.51870727539062,386.3631286621094,153.5,142.2188720703125,149.9574432373047,89.09050750732422,158.85728454589844,55.95560836791992,138.6248779296875,271.6624450683594
2024-01-19,189.41590881347656,391.0716552734375,155.33999633789062,145.09344482421875,150.39462280273438,89.22854614257812,161.59947204589844,55.6486701965332,138.0915069580078,276.1933898925781
2024-01-22,191.71983337402344,388.9528503417969,154.77999877929688,144.7068328857422,151.12950134277344,89.10891723632812,161.4097137451172,55.40684127807617,138.36285400390625,279.47540283203125
2024-01-23,192.9954071044922,391.2972717285156,156.02000427246094,145.74761962890625,148.6551513671875,90.11211395263672,160.3470001220703,55.66727066040039,144.08978271484375,279.6302490234375
2024-01-24,192.32302856445312,394.8875427246094,156.8699951171875,147.3930206298828,147.86447143554688,91.6675033569336,161.7797393798828,54.79296875,142.3492431640625,281.42138671875
2024-01-25,191.9967041015625,397.15350341796875,157.75,150.53515625,148.42257690429688,93.99600982666016,164.094970703125,55.02549362182617,145.6244354248047,291.19000244140625
2024-01-26,190.2662811279297,396.23138427734375,159.1199951171875,150.8523406982422,148.36679077148438,94.79672241210938,163.4687042236328,55.2208251953125,146.1110382080078,289.89263916015625
2024-01-29,189.58401489257812,401.91107177734375,161.25999450683594,152.16075134277344,148.23658752441406,94.9163589477539,163.89569091796875,55.5556640625,146.1297607421875,293.5909729003906
2024-01-30,185.93531799316406,400.80255126953125,159.0,150.12879943847656,147.68775939941406,96.49938201904297,167.25466918945312,55.71378707885742,147.3743133544922,295.05291748046875
2024-01-31,182.33604431152344,390.00244140625,155.1999969482422,138.86862182617188,147.8086700439453,94.6218490600586,165.44232177734375,55.332435607910156,147.0467987060547,290.74462890625
2024-02-01,184.76852416992188,396.0842590332031,159.27999877929688,139.91932678222656,147.30638122558594,94.23529815673828,164.8445587158203,56.71830368041992,148.9557647705078,297.8895568847656
2024-02-02,183.76983642578125,403.3824462890625,171.80999755859375,141.12857055664062,145.67852783203125,93.84876251220703,165.7934112548828,56.30905532836914,147.93577575683594,305.05389404296875
2024-02-05,185.57933044433594,397.9186096191406,170.30999755859375,142.41714477539062,144.92506408691406,93.46221160888672,165.5751953125,55.84400177001953,148.048095703125,311.162841796875
2024-02-06,187.18121337890625,397.76165771484375,169.14999389648438,142.83346557617188,147.02731323242188,94.10645294189453,166.1444854736328,55.7509880065918,148.74990844726562,312.44091796875
2024-02-07,187.29000854492188,406.1585388183594,170.52999877929688,144.26080322265625,146.95286560058594,94.0788345336914,166.45762634277344,55.79749298095703,148.89962768554688,313.28314208984375
2024-02-08,186.2122039794922,406.21734619140625,169.83999633789062,144.62754821777344,145.48316955566406,95.68946838378906,165.85984802246094,55.6486701965332,148.45045471191406,311.7437744140625
2024-02-09,186.9745330810547,412.5346374511719,174.4499969482422,147.69041442871094,145.8180389404297,93.6646728515625,166.05908203125,55.397544860839844,147.30880737304688,307.0578918457031
2024-02-12,185.29141235351562,407.3454895019531,172.33999633789062,146.2333221435547,146.83197021484375,94.95317077636719,166.79920959472656,55.52776336669922,147.01873779296875,311.3855895996094
2024-02-13,183.2023468017578,398.57586669921875,168.63999938964844,143.86431884765625,145.5482940673828,94.13573455810547,165.3474578857422,55.20221710205078,146.23269653320312,302.87554931640625
2024-02-14,182.32122802734375,402.4282531738281,170.97999572753906,144.65728759765625,144.86924743652344,93.67127990722656,167.02691650390625,55.14641189575195,145.63380432128906,306.622314453125
2024-02-15,182.03404235839844,399.54876708984375,169.8000030517578,141.51516723632812,146.89703369140625,96.3558349609375,170.67051696777344,55.24872589111328,146.92514038085938,312.7796936035156
2024-02-16,180.49949645996094,397.0918884277344,169.50999450683594,139.284912109375,146.72837829589844,96.3558349609375,169.8734893798828,55.23942184448242,147.39303588867188,311.65667724609375
2024-02-20,179.75694274902344,395.84381103515625,167.0800018310547,139.87966918945312,147.9561767578125,95.44549560546875,170.53770446777344,56.45787048339844,148.32879638671875,303.74688720703125
2024-02-21,180.5093994140625,395.2443542480469,168.58999633789062,141.29708862304688,148.7247314453125,97.3962173461914,171.64785766601562,56.96013259887695,150.09739685058594,307.0386657714844
2024-02-22,182.53903198242188,404.5509948730469,174.5800018310547,142.82357788085938,150.38369750976562,97.31261444091797,173.7069091796875,56.87642288208008,150.2471466064453,311.8309326171875
2024-02-23,180.70742797851562,403.26361083984375,174.99000549316406,142.69468688964844,151.6864776611328,96.45801544189453,174.57981872558594,56.92292785644531,150.68695068359375,313.56390380859375
2024-02-26,179.3609161376953,400.51190185546875,174.72999572753906,136.36087036132812,150.70236206054688,96.8388671875,173.98204040527344,56.46717071533203,149.92897033691406,315.01611328125
2024-02-27,180.81631469726562,400.452880859375,173.5399932861328,137.6593475341797,150.8804473876953,96.6344985961914,174.0674285888672,56.12303924560547,149.06808471679688,317.1944885253906
2024-02-28,179.61834716796875,400.6887512207031,173.16000366210938,135.18133544921875,151.41470336914062,96.90388488769531,174.94985961914062,56.1788444519043,149.7698974609375,319.06298828125
2024-02-29,178.95498657226562,406.5067138671875,176.75999450683594,137.2430419921875,151.25534057617188,97.08966064453125,176.5439453125,55.82539367675781,148.731201171875,323.3228759765625
2024-03-01,177.8758087158203,408.3346252441406,178.22000122070312,135.93463134765625,151.94894409179688,98.31583404541016,175.81329345703125,55.3696403503418,148.64695739746094,325.9755859375
2024-03-04,173.36109924316406,407.7646484375,177.5800018310547,132.177978515625,149.8119659423828,96.94104766845703,177.13221740722656,55.63007736206055,149.3113555908203,327.86346435546875
2024-03-05,168.4305419921875,395.7061767578125,174.1199951171875,131.50393676757812,149.93380737304688,98.13004302978516,178.9066162109375,55.3603401184082,149.08680725097656,322.90655517578125
2024-03-06,167.44049072265625,395.1559143066406,173.50999450683594,130.2450714111328,149.34335327148438,99.17971801757812,179.8364715576172,55.388240814208984,149.3207550048828,324.93963623046875
2024-03-07,167.32167053222656,402.0843200683594,176.82000732421875,133.19891357421875,148.90281677246094,99.737060546875,178.2613525390625,55.28593063354492,150.3032684326172,329.38348388671875
2024-03-08,169.0344696044922,399.21466064453125,175.35000610351562,134.2198486328125,149.51202392578125,100.67525482177734,178.5934600830078,55.3603401184082,150.05062866210938,328.3862609863281
2024-03-11,171.03445434570312,397.54400634765625,171.9600067138672,136.45997619628906,151.11473083496094,101.26976776123047,178.65988159179688,56.030025482177734,151.17355346679688,324.3006591796875
2024-03-12,171.50967407226562,408.118408203125,175.38999938964844,137.28268432617188,152.53004455566406,100.61952209472656,180.130615234375,56.271846771240234,151.52915954589844,326.4983825683594
2024-03-13,169.43052673339844,407.9414978027344,176.55999755859375,138.5613555908203,150.99293518066406,101.7435073852539,181.5918426513672,56.8485221862793,151.87538146972656,330.64202880859375
2024-03-14,171.28195190429688,417.88702392578125,178.75,141.84225463867188,149.22149658203125,103.54560852050781,178.35626220703125,56.721946716308594,151.12673950195312,331.0293273925781
2024-03-15,170.90570068359375,409.2387390136719,174.4199981689453,139.93911743164062,148.25608825683594,103.35980987548828,180.5670623779297,56.14066696166992,151.0144805908203,335.91845703125
2024-03-18,171.9947967529297,410.1232604980469,174.47999572753906,146.38197326660156,146.9251708984375,104.31659698486328,182.806396484375,56.375057220458984,150.8553924560547,340.69140625
2024-03-19,174.3313446044922,414.1427307128906,175.89999389648438,145.7377166748047,146.40968322753906,105.05043029785156,183.8785858154297,56.468814849853516,151.435546875,342.6276550292969
2024-03-20,176.89566040039062,417.89678955078125,178.14999389648438,147.43267822265625,145.9879150390625,104.95753479003906,186.28868103027344,56.956336975097656,151.58529663085938,345.0964660644531
2024-03-21,169.66815185546875,421.96539306640625,178.14999389648438,146.30270385742188,145.9785614013672,105.42198181152344,188.87905883789062,56.693824768066406,151.46365356445312,352.9482116699219
2024-03-22,170.56907653808594,421.3463134765625,178.8699951171875,149.44482421875,145.4911651611328,105.42198181152344,186.5638427734375,56.712581634521484,151.27650451660156,346.70361328125
2024-03-25,169.15330505371094,415.56768798828125,179.7100067138672,148.75100708007812,145.4818115234375,106.49951934814453,184.85589599609375,56.628196716308594,149.9009246826172,344.6124267578125
2024-03-26,168.02459716796875,414.3785705566406,178.3000030517578,149.345703125,145.99729919433594,105.70065307617188,185.71937561035156,56.759456634521484,150.23779296875,345.0384216308594
2024-03-27,171.5888671875,414.1623229980469,179.8300018310547,149.54397583007812,148.04991149902344,106.7967758178711,189.31553649902344,57.21885299682617,152.1654510498047,353.03533935546875
2024-03-28,169.7770233154297,413.464599609375,180.3800048828125,149.60340881347656,148.26548767089844,107.97649383544922,190.05564880371094,57.3594856262207,151.82861328125,354.75860595703125
2024-04-01,168.34144592285156,417.24822998046875,180.97000122070312,154.1233673095703,147.8812255859375,108.67317199707031,188.76519775390625,56.89071273803711,150.26583862304688,352.154296875
2024-04-02,167.1632537841797,414.172119140625,180.69000244140625,153.2015380859375,147.8343505859375,110.80038452148438,188.68930053710938,56.3938102722168,150.25650024414062,353.2095947265625
2024-04-03,167.9652099609375,413.19927978515625,182.41000366210938,153.55833435058594,144.58204650878906,110.81896209716797,188.15792846679688,56.09379196166992,146.12039184570312,363.82049560546875
2024-04-04,167.14344787597656,410.673583984375,180.0,149.20693969726562,142.9324493408203,111.20911407470703,186.72633361816406,55.596893310546875,145.4653778076172,358.01165771484375
2024-04-05,167.89590454101562,418.1817932128906,185.07000732421875,151.15963745117188,142.82937622070312,112.74180603027344,188.44424438476562,55.79376983642578,146.0736083984375,367.2187194824219
2024-04-08,166.77713012695312,417.26788330078125,185.19000244140625,153.48898315429688,142.0795440673828,111.9801025390625,189.42726135253906,55.568763732910156,146.01744079589844,361.5743713378906
2024-04-09,167.98501586914062,418.9287414550781,185.6699981689453,155.2235870361328,142.73562622070312,112.5653076171875,188.1579132080078,55.99066162109375,146.59762573242188,360.05438232421875
2024-04-10,166.11378479003906,415.9608459472656,185.9499969482422,154.7676544189453,140.77674865722656,113.51278686523438,186.5545196533203,55.2406120300293,147.14039611816406,360.2189636230469
2024-04-11,173.3016815185547,420.55029296875,189.0500030517578,158.0089111328125,139.45521545410156,113.1319580078125,186.51637268066406,55.362491607666016,145.83030700683594,360.1318664550781
2024-04-12,174.79669189453125,414.6242370605469,186.1300048828125,156.34368896484375,138.264892578125,111.81289672851562,174.452880859375,54.64058303833008,145.3530731201172,353.98406982421875
2024-04-15,170.97500610351562,406.5067138671875,183.6199951171875,153.49888610839844,138.33050537109375,111.17194366455078,174.54832458496094,54.50932693481445,145.4653778076172,352.31884765625
2024-04-16,167.69790649414062,407.430419921875,183.32000732421875,153.0429229736328,135.3874969482422,110.2523193359375,172.55364990234375,54.434326171875,145.9332275390625,348.417236328125
2024-04-17,166.3315887451172,404.7377014160156,181.27999877929688,154.10353088378906,135.6874542236328,110.19658660888672,171.86651611328125,54.856224060058594,146.8783721923828,346.9069519042969
2024-04-18,165.38113403320312,397.2983093261719,179.22000122070312,154.6387481689453,136.59657287597656,110.09439849853516,172.98312377929688,55.231239318847656,148.13755798339844,346.52935791015625
2024-04-19,163.3614044189453,392.2370910644531,174.6300048828125,152.7356414794922,138.63040161132812,111.35772705078125,177.32562255859375,56.41255569458008,148.93812561035156,344.6151428222656
2024-04-22,164.1930389404297,394.0453796386719,177.22999572753906,154.9064178466797,139.76451110839844,111.9893798828125,180.7709503173828,56.76882553100586,151.19845581054688,347.48162841796875
2024-04-23,165.24249267578125,400.5413818359375,179.5399932861328,156.8690185546875,140.17691040039062,112.42597198486328,183.37644958496094,56.85321044921875,152.10260009765625,352.9619445800781
2024-04-24,167.34149169921875,402.00567626953125,176.58999633789062,157.7313690185547,139.21153259277344,112.44456481933594,184.2735595703125,57.70637893676758,153.13861083984375,353.2242431640625
2024-04-25,168.2028350830078,392.158447265625,173.6699981689453,154.62887573242188,137.60879516601562,112.70465850830078,184.55032348632812,57.884517669677734,153.09152221679688,328.4270324707031
2024-04-26,167.6186981201172,399.31292724609375,179.6199951171875,170.43865966796875,136.97149658203125,109.57421875,184.66485595703125,57.884517669677734,151.90481567382812,333.6546325683594
2024-04-29,171.7769775390625,395.3131103515625,180.9600067138672,164.68966674804688,137.60879516601562,111.1347885131836,184.4644317626953,58.16578674316406,152.25328063964844,339.89276123046875
2024-04-30,168.63844299316406,382.61590576171875,175.0,161.34927368164062,135.51870727539062,109.8621826171875,182.9946746826172,57.91264343261719,153.7036895751953,325.0941467285156
2024-05-01,167.6186981201172,388.12921142578125,179.0,162.4197998046875,141.6952667236328,107.78141784667969,183.10919189453125,58.062652587890625,153.89202880859375,321.6932678222656
2024-05-02,171.3116455078125,390.9792175292969,184.72000122070312,165.15550231933594,140.51434326171875,107.97649383544922,182.9183349609375,58.11891174316406,154.3064422607422,325.9395751953125
2024-05-03,181.5588836669922,399.64703369140625,186.2100067138672,165.77011108398438,139.90509033203125,107.7535629272461,181.8207550048828,58.28765869140625,154.890380859375,327.21240234375
2024-05-06,179.9054718017578,406.4083557128906,188.6999969482422,166.6225128173828,139.25839233398438,108.45023345947266,183.24281311035156,58.45642852783203,154.8715057373047,332.4109191894531
2024-05-07,180.5885772705078,402.2807922363281,188.75999450683594,169.7448272705078,139.38958740234375,107.91146087646484,183.0042266845703,58.70956039428711,156.1147003173828,335.2287902832031
2024-05-08,180.92523193359375,403.46014404296875,188.0,167.8912811279297,139.6051483154297,107.89288330078125,186.72633361816406,58.925201416015625,155.46490478515625,334.742919921875
2024-05-09,182.737060546875,405.2095031738281,189.5,168.4661865234375,140.44871520996094,110.02008819580078,188.49195861816406,58.95332717895508,156.37841796875,341.81671142578125
2024-05-10,181.4779815673828,407.5877380371094,187.47999572753906,167.16766357421875,140.50494384765625,109.57421875,189.70404052734375,59.309593200683594,157.14132690429688,344.7415466308594
2024-05-13,184.6802215576172,406.5853271484375,186.57000732421875,167.65338134765625,141.73275756835938,109.52777862548828,189.66586303710938,59.609615325927734,156.2183380126953,346.57794189453125
2024-05-14,185.82032775878906,409.3763122558594,187.07000732421875,168.84283447265625,141.88272094726562,110.19265747070312,192.3190460205078,59.159584045410156,156.1147003173828,348.035400390625
2024-05-15,188.09068298339844,416.53387451171875,185.99000549316406,170.99375915527344,143.09178161621094,111.04483795166016,192.89170837402344,59.187713623046875,156.82107543945312,349.8428039550781
2024-05-16,188.2096405029297,414.4761657714844,183.6300048828125,172.64907836914062,144.60079956054688,110.37995147705078,193.23529052734375,59.3658561706543,158.09254455566406,340.7867431640625
2024-05-17,188.2393798828125,413.708251953125,184.6999969482422,174.51254272460938,144.93817138671875,112.0374755859375,195.449462890625,59.093963623046875,157.88531494140625,346.1795654296875
2024-05-20,189.39935302734375,418.7588806152344,183.5399932861328,175.364990234375,142.9257049560547,111.12910461425781,186.6595001220703,58.662681579589844,157.57455444335938,352.4760437011719
2024-05-21,190.69808959960938,422.4015808105469,183.14999389648438,176.28680419921875,142.89735412597656,110.3612060546875,190.41983032226562,58.9814567565918,158.5540313720703,348.9002685546875
2024-05-22,189.26052856445312,423.8587341308594,183.1300048828125,174.8297882080078,145.03268432617188,108.14183044433594,189.26502990722656,59.06583786010742,158.04544067382812,345.85888671875
2024-05-23,185.27505493164062,420.3932189941406,181.0500030517578,172.0246124267578,141.4423065185547,106.29701232910156,187.9384002685547,58.21266174316406,155.8604278564453,340.7673034667969
2024-05-24,188.3484344482422,423.50433349609375,180.75,173.4519805908203,138.86289978027344,106.21273040771484,191.55557250976562,58.12827682495117,155.70973205566406,339.018310546875
2024-05-28,188.35836791992188,423.6618347167969,182.14999389648438,174.84954833984375,136.41575622558594,107.56121826171875,190.40074157714844,57.95952224731445,153.6189422607422,336.6571350097656
2024-05-29,188.65577697753906,422.5296630859375,182.02000427246094,174.35397338867188,136.47242736816406,106.40938568115234,189.07412719726562,57.84701156616211,152.24386596679688,328.533935546875
2024-05-30,189.64720153808594,408.2539978027344,179.32000732421875,170.59730529785156,137.26609802246094,106.74649810791016,190.2384796142578,58.10015106201172,153.11976623535156,329.64166259765625
2024-05-31,190.5989532470703,408.7068176269531,176.44000244140625,170.98385620117188,138.57943725585938,109.8087158203125,193.38800048828125,59.00019836425781,154.9656982421875,328.9322509765625
2024-06-03,192.36366271972656,407.12176513671875,178.33999633789062,171.64796447753906,139.59043884277344,107.17725372314453,192.61492919921875,59.00019836425781,155.06930541992188,321.97503662109375
2024-06-04,192.68092346191406,409.6322937011719,179.33999633789062,172.2624969482422,139.6470947265625,105.51036834716797,190.07626342773438,59.94713592529297,157.29197692871094,318.2923889160156
2024-06-05,194.18783569335938,417.449462890625,181.27999877929688,173.86827087402344,137.91806030273438,105.9317855834961,188.2628936767578,59.928375244140625,156.3878631591797,320.11920166015625
2024-06-06,192.80979919433594,417.9515686035156,185.0,175.17665100097656,138.3432159423828,106.72777557373047,187.92886352539062,60.14401626586914,158.6670379638672,318.9920654296875
2024-06-07,195.1990966796875,417.2919616699219,184.3000030517578,172.92662048339844,138.96682739257812,105.5853042602539,190.83021545410156,59.91900634765625,157.33908081054688,319.6236267089844
2024-06-10,191.4614715576172,421.249755859375,187.05999755859375,173.6708984375,139.01406860351562,105.89431762695312,190.50570678710938,59.618988037109375,157.61221313476562,320.27459716796875
2024-06-11,205.37098693847656,425.9852600097656,187.22999572753906,175.26856994628906,138.66445922851562,105.04215240478516,185.4951934814453,59.581485748291016,157.73464965820312,318.039794921875
2024-06-12,211.2401580810547,434.23565673828125,186.88999938964844,176.42959594726562,137.38894653320312,103.8809585571289,182.7942352294922,58.95332717895508,155.56846618652344,319.4195556640625
2024-06-13,212.4001007080078,434.7475891113281,183.8300018310547,173.8197479248047,137.42674255371094,103.04749298095703,184.82711791992188,59.056461334228516,156.72691345214844,317.1166687011719
2024-06-14,210.66514587402344,435.7222900390625,183.66000366210938,175.43727111816406,137.5117645263672,102.17658996582031,184.94163513183594,59.098976135253906,157.08477783203125,312.365234375
2024-06-17,214.80921936035156,441.4325256347656,184.05999755859375,175.88381958007812,137.899169921875,101.4742660522461,186.08688354492188,59.16511154174805,157.7534637451172,313.268798828125
2024-06-18,212.4496612548828,439.4339904785156,182.80999755859375,173.75027465820312,137.6156768798828,102.429443359375,188.0147705078125,59.174560546875,158.7517852783203,315.9313049316406
2024-06-20,207.87924194335938,438.80389404296875,186.10000610351562,174.95103454589844,139.6282196044922,104.63947296142578,189.6085968017578,58.7493896484375,157.91355895996094,319.8082580566406
2024-06-21,205.7080535888672,442.82073974609375,189.0800018310547,178.25555419921875,140.54470825195312,103.72176361083984,187.3466796875,59.30683135986328,158.46925354003906,318.55474853515625
2024-06-24,206.35247802734375,440.743408203125,185.57000732421875,177.84864807128906,140.89430236816406,106.80268859863281,189.8090057373047,60.44063186645508,158.64817810058594,320.6535949707031
2024-06-25,207.2744903564453,443.9726257324219,186.33999633789062,182.62185668945312,139.0707550048828,107.10234832763672,189.03598022460938,60.317806243896484,157.14132690429688,318.12725830078125
2024-06-26,211.41860961914062,445.1639099121094,193.61000061035156,182.4730224609375,138.72117614746094,107.13981628417969,188.42514038085938,60.51622009277344,157.70639038085938,317.4762268066406
2024-06-27,212.2613067626953,445.84326171875,197.85000610351562,183.99131774902344,137.75743103027344,107.59867858886719,190.08580017089844,60.383941650390625,156.92466735839844,318.18548583984375
2024-06-28,208.81117248535156,440.0345153808594,193.25,180.75625610351562,138.09756469726562,107.8046875,193.03485107421875,60.13828659057617,155.3236083984375,323.6658020019531
2024-07-01,214.88853454589844,449.6632080078125,197.1999969482422,181.58981323242188,138.36212158203125,107.65487670898438,196.079345703125,59.788692474365234,153.2516326904297,319.7596740722656
2024-07-02,218.37832641601562,452.1737365722656,200.0,183.82261657714844,137.9747314453125,106.92443084716797,199.30519104003906,59.665870666503906,154.36293029785156,318.47705078125
2024-07-03,219.64732360839844,453.6406555175781,197.58999633789062,184.39817810058594,137.65350341796875,107.46758270263672,199.1715850830078,59.83594512939453,154.29702758789062,321.2462463378906
2024-07-05,224.3961944580078,460.3256530761719,200.0,189.14161682128906,138.39991760253906,106.16590118408203,196.53245544433594,60.24221420288086,155.59671020507812,319.0503234863281
2024-07-08,225.8634796142578,459.0260314941406,199.2899932861328,187.58358764648438,137.45506286621094,105.05152130126953,196.89712524414062,59.48634719848633,156.83050537109375,319.7402038574219
2024-07-09,226.71607971191406,452.42974853515625,199.33999633789062,187.5339813232422,138.93846130371094,103.89031982421875,199.2579345703125,59.23124694824219,156.02052307128906,316.8251953125
2024-07-10,230.97915649414062,459.0359191894531,199.7899932861328,189.71713256835938,141.18716430664062,104.80804443359375,199.4210968017578,59.363525390625,157.0941925048828,319.1766052246094
2024-07-11,225.61563110351562,447.6646423339844,195.0500030517578,184.15011596679688,141.4423065185547,106.05352783203125,199.08518981933594,59.61862564086914,155.90753173828125,321.7516174316406
2024-07-12,228.56011962890625,446.53240966796875,194.49000549316406,183.65390014648438,141.6123504638672,106.07225799560547,196.6764373779297,60.185523986816406,156.91526794433594,326.08526611328125
2024-07-15,232.38693237304688,446.9360046386719,192.72000122070312,185.1027374267578,141.00767517089844,107.88898468017578,201.58038330078125,59.91152572631836,155.00338745117188,335.9769287109375
2024-07-16,232.8033447265625,442.56475830078125,193.02000427246094,182.51271057128906,142.68003845214844,108.6662368774414,205.0064239501953,60.72407913208008,157.23548889160156,350.36749267578125
2024-07-17,226.9143524169922,436.6575622558594,187.92999267578125,179.63491821289062,147.94277954101562,110.1645736694336,208.12539672851562,61.612220764160156,159.58058166503906,347.66619873046875
2024-07-18,222.25474548339844,433.5563659667969,183.75,176.3303985595703,146.84677124023438,111.25086975097656,201.51318359375,61.593318939208984,158.63876342773438,345.94635009765625
2024-07-19,222.3836212158203,430.34674072265625,183.1300048828125,176.30059814453125,146.15704345703125,108.6943130493164,201.32127380371094,61.68779754638672,159.13809204101562,337.7843017578125
2024-07-22,222.03662109375,436.0865478515625,182.5500030517578,180.2799072265625,145.7318572998047,107.9451675415039,201.8011016845703,61.19648361206055,159.41285705566406,339.3940734863281
2024-07-23,223.07760620117188,437.9670104980469,186.41000366210938,180.39898681640625,143.9461212158203,106.20335388183594,201.84910583496094,61.376007080078125,157.86846923828125,335.78424072265625
2024-07-24,216.6631317138672,422.2638244628906,180.8300018310547,171.30908203125,147.65933227539062,107.70169830322266,200.1792449951172,62.179107666015625,159.1759796142578,327.85235595703125
2024-07-25,215.6221923828125,411.92620849609375,179.85000610351562,166.0000457763672,150.833984375,109.9679183959961,200.2560272216797,62.42477798461914,158.13377380371094,335.9110412597656
2024-07-26,216.08815002441406,418.68994140625,182.5,165.72218322753906,151.77883911132812,109.87425994873047,203.6820831298828,63.3506965637207,160.22769165039062,341.94049072265625
2024-07-29,216.36575317382812,420.12738037109375,183.1999969482422,168.23281860351562,149.81358337402344,108.72242736816406,202.34811401367188,63.1428337097168,161.00462341308594,336.13543701171875
2024-07-30,216.92095947265625,416.3763427734375,181.7100067138672,168.98696899414062,152.4307403564453,110.66088104248047,206.5131072998047,63.9459342956543,153.20689392089844,333.3939208984375
2024-07-31,220.17276000976562,411.87701416015625,186.97999572753906,170.22743225097656,149.14273071289062,111.05418395996094,204.21949768066406,63.057796478271484,152.31626892089844,337.7648010253906
2024-08-01,216.48471069335938,410.65618896484375,184.07000732421875,169.45335388183594,151.8922119140625,109.51840209960938,199.5746612548828,64.21047973632812,156.98733520507812,323.4424133300781
2024-08-02,217.97183227539062,402.1695861816406,167.89999389648438,165.38478088378906,155.08575439453125,109.4528579711914,191.11026000976562,65.50491333007812,161.14674377441406,313.05194091796875
2024-08-05,207.47276306152344,389.0360107421875,161.02000427246094,158.0314483642578,152.3551788330078,107.47693634033203,187.04124450683594,64.3427734375,159.2328338623047,309.0810546875
2024-08-06,205.45028686523438,393.4269714355469,161.92999267578125,157.0788116455078,150.20095825195312,106.90570831298828,192.2619171142578,64.29552459716797,159.26126098632812,318.4862365722656
2024-08-07,208.01805114746094,392.2652282714844,162.77000427246094,157.72381591796875,150.1348114013672,108.32911682128906,192.31947326660156,64.68291473388672,161.08990478515625,317.8617858886719
2024-08-08,211.4781036376953,396.4593200683594,165.8000030517578,160.7902069091797,151.38198852539062,110.398681640625,195.83189392089844,64.93800354003906,161.895263671875,327.9693908691406
2024-08-09,214.38291931152344,399.73779296875,166.94000244140625,162.4176483154297,151.7599334716797,111.29767608642578,197.50172424316406,64.89076232910156,161.5825653076172,330.01824951171875
2024-08-12,215.9114532470703,400.515625,166.8000030517578,161.04818725585938,151.06076049804688,111.43814086914062,197.87600708007812,64.40890502929688,158.04847717285156,327.84259033203125
2024-08-13,219.6236572265625,407.6042175292969,170.22999572753906,162.90386962890625,149.65292358398438,110.37059020996094,199.55543518066406,64.68291473388672,158.50326538085938,330.5450744628906
2024-08-14,220.07029724121094,410.4100646972656,170.10000610351562,159.14288330078125,149.73797607421875,111.39131164550781,201.7626953125,64.79629516601562,159.9339599609375,329.3645324707031
2024-08-15,223.0479736328125,415.2627258300781,177.58999633789062,160.06578063964844,150.31431579589844,112.08043670654297,203.01988220214844,64.86243438720703,159.10020446777344,337.2183837890625
2024-08-16,224.36807250976562,412.7377624511719,177.05999755859375,161.7130584716797,150.59780883789062,111.55179595947266,205.34230041503906,65.3631820678711,159.07177734375,335.1110534667969
2024-08-19,224.20925903320312,415.755859375,178.22000122070312,165.39468383789062,150.82455444335938,111.89163970947266,206.76263427734375,65.1742172241211,159.5739288330078,336.2525329589844
2024-08-20,224.8246612548828,418.9810485839844,178.8800048828125,165.90077209472656,151.3253173828125,108.16285705566406,205.87014770507812,65.5521469116211,161.45941162109375,334.93536376953125
2024-08-21,224.71546936035156,418.3301086425781,180.11000061035156,164.58096313476562,152.52525329589844,107.4737319946289,205.9468994140625,65.73165893554688,161.22254943847656,334.6134033203125
2024-08-22,222.859375,409.8577880859375,176.1300048828125,162.54666137695312,153.39450073242188,108.30445861816406,207.89505004882812,65.50491333007812,161.2130584716797,334.0183410644531
2024-08-23,225.15220642089844,411.0807800292969,177.0399932861328,164.35272216796875,155.07630920410156,109.8053970336914,209.50730895996094,65.93952941894531,160.2845458984375,339.9208984375
2024-08-26,225.48963928222656,407.8259582519531,175.5,164.88858032226562,155.5298614501953,112.15595245361328,210.3326416015625,66.93158721923828,161.40257263183594,342.6039123535156
2024-08-27,226.33334350585938,408.171142578125,173.1199951171875,163.41990661621094,155.1300048828125,111.08924865722656,211.30189514160156,67.55518341064453,160.3603515625,342.5649108886719
2024-08-28,224.80477905273438,404.9756164550781,170.8000030517578,161.6039276123047,156.0534210205078,109.99420166015625,212.36717224121094,67.7913818359375,160.18032836914062,339.7160339355469
2024-08-29,228.0802459716797,407.4610595703125,172.1199951171875,160.54209899902344,156.34854125976562,111.51403045654297,213.25006103515625,68.07484436035156,161.09938049316406,343.0722351074219
2024-08-30,227.29612731933594,411.4259948730469,178.5,162.1298828125,157.90032958984375,111.33467864990234,215.73562622070312,68.4716567993164,162.53005981445312,347.42352294921875
2024-09-03,221.1125030517578,403.8314208984375,176.25,156.1559295654297,159.13795471191406,109.00301361083984,211.41708374023438,68.98188018798828,165.35354614257812,331.95001220703125
2024-09-04,219.20677185058594,403.298828125,173.3300018310547,155.25289916992188,159.32835388183594,107.67198181152344,210.4862060546875,68.55669403076172,166.6610565185547,328.54498291015625
2024-09-05,220.7253875732422,402.79583740234375,177.88999938964844,156.036865234375,157.0720977783203,106.83181762695312,208.854736328125,67.24339294433594,166.253662109375,325.4327392578125
2024-09-06,219.177001953125,396.1974792480469,171.38999938964844,149.7652130126953,156.49139404296875,106.33151245117188,203.8931884765625,67.21504211425781,166.3673553466797,321.3350830078125
2024-09-09,219.26632690429688,400.1623840332031,175.39999389648438,147.7679443359375,158.6143341064453,108.56878662109375,208.0677947998047,67.8858642578125,166.81265258789062,325.90106201171875
2024-09-10,218.47225952148438,408.5262756347656,179.5500030517578,147.71824645996094,159.347412109375,104.61343383789062,197.2714080810547,67.6024169921875,168.4517822265625,326.0181579589844
2024-09-11,221.00331115722656,417.2451477050781,184.52000427246094,150.20240783691406,156.91026306152344,103.57504272460938,198.8740692138672,67.15835571289062,164.78504943847656,326.8376770019531
2024-09-12,221.1125030517578,421.15093994140625,187.0,153.71005249023438,156.7388916015625,105.00048828125,198.26947021484375,67.30008697509766,164.3586883544922,331.3060607910156
2024-09-13,220.844482421875,424.6917724609375,186.49000549316406,156.46249389648438,157.57664489746094,104.92495727539062,196.08143615722656,67.93269348144531,164.93666076660156,336.8964538574219
2024-09-16,214.71046447753906,425.43145751953125,184.88999938964844,157.05870056152344,158.97610473632812,106.39759063720703,199.4786834716797,68.58909606933594,167.93067932128906,339.4819030761719
2024-09-17,215.1769561767578,429.1893005371094,186.8800048828125,158.31072998046875,159.05226135253906,107.78526306152344,200.8126220703125,68.3037109375,166.64212036132812,345.072265625
2024-09-18,219.0479736328125,424.9087219238281,186.42999267578125,158.797607421875,158.17642211914062,108.16285705566406,199.16197204589844,68.25614929199219,164.78504943847656,346.4674377441406
2024-09-19,227.16708374023438,432.6808166503906,189.8699951171875,161.11285400390625,156.91026306152344,109.50333404541016,201.9930419921875,67.18116760253906,162.53005981445312,364.2142028808594
2024-09-20,226.50205993652344,429.3076171875,191.60000610351562,162.55368041992188,156.2819366455078,108.81421661376953,202.57843017578125,68.1514892578125,165.0692901611328,359.8336486816406
2024-09-23,224.78494262695312,427.57177734375,193.8800048828125,160.82470703125,155.38705444335938,110.78715515136719,202.914306640625,68.23712921142578,164.64292907714844,362.1263732910156
2024-09-24,225.67825317382812,423.2912292480469,193.9600067138672,161.26190185546875,154.96815490722656,110.4945297241211,203.05828857421875,67.85660552978516,164.14076232910156,376.5267028808594
2024-09-25,224.68569946289062,426.19091796875,192.52999877929688,160.46697998046875,152.8927764892578,108.34221649169922,201.7147216796875,67.97075653076172,163.21226501464844,369.0338439941406
2024-09-26,225.82711791992188,425.4018859863281,191.16000366210938,161.69911193847656,153.6448516845703,106.48255920410156,201.32127380371094,67.92317962646484,164.1123504638672,381.4341735839844
2024-09-27,226.09510803222656,422.15692138671875,187.97000122070312,162.91139221191406,153.65438842773438,109.33341217041016,202.01222229003906,68.294189453125,164.43447875976562,381.55120849609375
2024-09-30,231.266357421875,424.4056701660156,186.3300018310547,164.7993621826172,154.28268432617188,110.65499877929688,202.3577117919922,68.36077117919922,164.10287475585938,381.59027099609375
2024-10-01,224.52688598632812,414.9273681640625,185.1300048828125,165.93214416503906,154.21607971191406,113.21321868896484,198.69174194335938,68.21808624267578,163.9512939453125,382.829345703125
2024-10-02,225.09263610839844,411.41607666015625,184.75999450683594,164.80931091308594,153.43540954589844,114.71416473388672,198.93165588378906,67.55218505859375,162.89007568359375,384.4488525390625
2024-10-03,223.9908905029297,410.8341979980469,181.9600067138672,164.80931091308594,152.7975616455078,115.7148208618164,196.95472717285156,67.08602905273438,161.18463134765625,381.56097412109375
2024-10-04,225.1125030517578,410.3608093261719,186.50999450683594,166.00169372558594,152.59762573242188,117.83881378173828,203.94537353515625,66.7530746459961,160.00979614257812,387.4147644042969
2024-10-07,220.04054260253906,403.9300842285156,180.8000030517578,161.94754028320312,151.87411499023438,118.34855651855469,203.6653594970703,65.64957427978516,158.3422088623047,388.54656982421875
2024-10-08,224.09014892578125,409.0292663574219,182.72000122070312,163.33868408203125,152.02642822265625,115.20506286621094,203.49154663085938,65.81129455566406,159.3275909423828,378.50726318359375
2024-10-09,227.83212280273438,411.7416076660156,185.1699981689453,160.83462524414062,152.94036865234375,115.25225830078125,206.06959533691406,66.18229675292969,160.37928771972656,386.5367431640625
2024-10-10,227.33583068847656,410.1437683105469,186.64999389648438,161.05325317382812,152.80706787109375,116.24344635009766,205.50955200195312,65.87787628173828,160.0760955810547,386.975830078125
2024-10-11,225.85691833496094,410.6172180175781,188.82000732421875,162.2058868408203,153.71148681640625,116.68711853027344,214.63409423828125,66.18229675292969,162.10366821289062,392.22467041015625
2024-10-14,229.5790252685547,413.3985900878906,187.5399932861328,163.91500854492188,153.8447723388672,117.13080596923828,213.85198974609375,66.914794921875,163.44911193847656,384.351318359375
2024-10-15,232.1100311279297,413.0040283203125,187.69000244140625,164.41183471679688,156.2247772216797,113.60971069335938,214.73065185546875,66.914794921875,164.4534454345703,378.5364990234375
2024-10-16,230.05545043945312,410.4199523925781,186.88999938964844,164.11370849609375,156.3961639404297,113.90234375,215.93759155273438,67.13359832763672,163.32595825195312,384.02935791015625
2024-10-17,230.4226837158203,411.01171875,187.52999877929688,161.8978729248047,156.57704162597656,113.60971069335938,216.6907501220703,66.4962158203125,163.231201171875,384.878173828125
2024-10-18,233.25148010253906,412.4320373535156,188.99000549316406,162.38475036621094,157.19583129882812,113.28876495361328,217.60801696777344,67.00993347167969,163.2378692626953,384.2634582519531
2024-10-21,234.720458984375,413.0435485839844,189.07000732421875,163.0306396484375,155.01577758789062,113.35482025146484,215.31964111328125,66.0681381225586,161.57955932617188,382.3346252441406
2024-10-22,234.10507202148438,421.6539611816406,189.6999969482422,164.09385681152344,155.60598754882812,113.94010162353516,216.4010772705078,66.0681381225586,161.7320556640625,380.3567199707031
2024-10-23,229.04302978515625,418.7838134765625,184.7100067138672,161.74879455566406,157.90032958984375,113.5341796875,215.7155303955078,64.69824981689453,161.61769104003906,377.6837158203125
2024-10-24,228.85446166992188,418.9120178222656,186.3800048828125,161.68919372558594,155.81544494628906,112.89226531982422,217.2314453125,64.02283477783203,161.6558074951172,378.9859313964844
2024-10-25,229.6881866455078,422.28515625,187.8300018310547,164.22303771972656,153.15933227539062,112.7978744506836,214.65342712402344,63.661338806152344,160.32154846191406,377.918701171875
2024-10-28,231.66336059570312,420.7465515136719,188.38999938964844,165.6638641357422,153.8447723388672,112.24090576171875,217.7335205078125,63.42350769042969,161.35086059570312,382.46185302734375
2024-10-29,231.93136596679688,426.03314208984375,190.8300018310547,168.6051025390625,152.40724182128906,110.71163177490234,215.22308349609375,62.36756134033203,159.32083129882812,379.4266052246094
2024-10-30,228.387939453125,426.60516357421875,192.72999572753906,173.3548126220703,152.90228271484375,110.15469360351562,216.68109130859375,62.71002960205078,158.35829162597656,371.3290710449219
2024-10-31,224.2291259765625,400.7838439941406,186.39999389648438,170.0260467529297,152.18829345703125,110.23963165283203,214.27684020996094,62.12973403930664,157.4242706298828,368.3525390625
2024-11-01,221.25143432617188,404.7487487792969,197.92999267578125,170.20489501953125,152.4453125,108.51212310791016,215.26171875,61.8443489074707,157.34805297851562,371.7109680175781
2024-11-04,220.35812377929688,402.8648986816406,195.77999877929688,168.1678924560547,150.6460418701172,111.96715545654297,212.21055603027344,61.93947219848633,157.3289794921875,368.6658020019531
2024-11-05,221.78741455078125,405.82379150390625,199.5,168.6647186279297,150.75074768066406,112.29755401611328,213.86166381835938,62.18681716918945,157.97703552246094,375.3729553222656
2024-11-06,221.06285095214844,414.4242858886719,207.08999633789062,175.39183044433594,150.30331420898438,114.22329711914062,238.55101013183594,60.59813690185547,153.48818969726562,408.18389892578125
2024-11-07,225.7874298095703,419.6024169921875,210.0500030517578,179.60496520996094,149.20848083496094,114.36490631103516,228.23886108398438,60.560081481933594,155.7373809814453,399.69476318359375
2024-11-08,225.51914978027344,416.75201416015625,208.17999267578125,177.2201690673828,148.00897216796875,114.32714080810547,228.81814575195312,60.80741882324219,159.83547973632812,385.16436767578125
2024-11-11,222.80645751953125,412.2840576171875,206.83999633789062,179.20753479003906,147.59957885742188,113.72299194335938,231.04861450195312,60.274688720703125,158.234375,388.2682189941406
2024-11-12,222.80645751953125,417.2353210449219,208.91000366210938,180.46945190429688,145.31475830078125,113.60971069335938,231.30931091308594,60.12247848510742,158.05328369140625,384.8118591308594
2024-11-13,223.69082641601562,419.37554931640625,214.10000610351562,177.74681091308594,145.885986328125,114.66697692871094,232.85421752929688,59.93222427368164,158.75857543945312,378.9957275390625
2024-11-14,226.77114868164062,421.0424499511719,211.47999572753906,174.4677276611328,144.58172607421875,114.74311828613281,233.53973388671875,59.50413131713867,159.23507690429688,379.2796936035156
2024-11-15,223.57156372070312,409.3152770996094,202.61000061035156,171.3972930908203,146.60948181152344,113.55343627929688,236.86126708984375,58.73357391357422,161.57955932617188,376.058349609375
2024-11-18,226.5724334716797,410.0649108886719,201.6999969482422,174.1894989013672,147.34255981445312,114.50518035888672,236.59091186523438,58.84773635864258,162.73275756835938,376.4402160644531
2024-11-19,226.83074951171875,412.06707763671875,204.61000061035156,176.9916229248047,145.65748596191406,112.90624237060547,234.7177276611328,59.54218292236328,162.74227905273438,374.3546142578125
2024-11-20,227.54620361328125,409.7985534667969,202.8800048828125,174.86517333984375,145.76222229003906,114.51469421386719,232.48728942871094,59.92271041870117,162.8661651611328,373.5419616699219
2024-11-21,227.0692596435547,408.0295715332031,198.3800048828125,166.56808471679688,148.0375213623047,116.0470199584961,236.33023071289062,60.65521240234375,164.6388702392578,381.4631652832031
2024-11-22,228.41065979003906,412.11114501953125,197.1199951171875,163.71627807617188,147.72335815429688,115.91378784179688,239.9897003173828,60.80741882324219,168.00311279296875,389.1983947753906
2024-11-25,231.39163208007812,413.8801574707031,201.4499969482422,166.58795166015625,148.3040771484375,114.18157958984375,241.66973876953125,61.24501419067383,169.06097412109375,397.1882019042969
2024-11-26,233.56771850585938,422.9723205566406,207.86000061035156,168.0486297607422,148.28489685058594,112.27808380126953,241.36077880859375,61.4067497253418,170.8908233642578,399.3227233886719
2024-11-27,233.43856811523438,418.03094482421875,205.74000549316406,168.15794372558594,149.12936401367188,111.98303985595703,241.1869659423828,61.292579650878906,170.9384765625,395.2788391113281
2024-11-29,235.8233184814453,418.49542236328125,207.88999938964844,167.8797149658203,148.75511169433594,112.26856231689453,241.11936950683594,61.42198944091797,170.8431854248047,397.6385498046875
2024-12-02,238.06893920898438,425.92724609375,210.7100067138672,170.40362548828125,148.55360412597656,112.16387176513672,237.7689208984375,61.00982666015625,171.2625274658203,394.11370849609375
2024-12-03,241.10952758789062,426.1446838378906,213.44000244140625,170.25457763671875,146.21205139160156,111.9925537109375,236.38815307617188,60.885215759277344,167.18345642089844,390.9315185546875
2024-12-04,241.4672393798828,432.291748046875,218.16000366210938,173.26536560058594,144.3983154296875,108.76612091064453,235.0170440673828,59.62955093383789,166.8880157470703,391.1762390136719
2024-12-05,241.49705505371094,437.4307556152344,220.5500030517578,171.54635620117188,143.48666381835938,109.24198913574219,237.02540588378906,60.31010055541992,167.7648468017578,386.7407531738281
2024-12-06,241.29833984375,438.3696594238281,227.02999877929688,173.603271484375,143.28512573242188,108.09037780761719,238.84066772460938,59.936279296875,165.6586151123047,386.7896728515625
2024-12-09,245.18348693847656,440.7908935546875,226.08999633789062,174.45875549316406,143.5634307861328,107.45271301269531,235.41294860839844,60.00337219238281,162.77085876464844,390.9315185546875
2024-12-10,246.19703674316406,438.1324462890625,225.0399932861328,184.2078399658203,143.20834350585938,107.23380279541016,234.49566650390625,60.30051803588867,164.19091796875,380.2882080078125
2024-12-11,244.9251708984375,443.7261047363281,230.25999450683594,194.3846893310547,140.72283935546875,106.51998901367188,235.14256286621094,60.04171371459961,162.61839294433594,380.7581787109375
2024-12-12,246.38583374023438,444.2893981933594,228.97000122070312,190.9625701904297,140.3389892578125,106.42481231689453,233.21145629882812,61.19194030761719,162.8280487060547,372.8369140625
2024-12-13,246.5547332763672,442.0262756347656,227.4600067138672,188.83370971679688,140.7036590576172,105.49209594726562,231.67620849609375,60.501808166503906,163.02821350097656,372.57257080078125
2024-12-16,249.4462890625,446.295654296875,232.92999267578125,195.6381378173828,138.04542541503906,103.2364501953125,231.32861328125,59.955448150634766,163.1044464111328,371.0157775878906
2024-12-17,251.8707733154297,449.1319580078125,231.14999389648438,194.4045867919922,140.5021514892578,102.79864501953125,230.15066528320312,60.77019119262695,162.33248901367188,367.9608154296875
2024-12-18,246.47525024414062,432.2621154785156,220.52000427246094,187.42105102539062,138.90911865234375,101.28536224365234,222.43582153320312,60.243003845214844,161.14117431640625,356.29931640625
2024-12-19,248.20419311523438,431.9063415527344,223.2899932861328,187.53048706054688,137.78634643554688,100.41927337646484,224.93663024902344,59.85960388183594,161.2460174560547,352.85272216796875
2024-12-20,252.8743896484375,431.48138427734375,224.9199981689453,190.41542053222656,138.64041137695312,100.76189422607422,229.4167938232422,59.955448150634766,160.16905212402344,358.4044494628906
2024-12-23,253.64942932128906,430.147216796875,225.05999755859375,193.61871337890625,139.40814208984375,101.17115020751953,230.1796112060547,59.79249954223633,160.21670532226562,357.7680358886719
2024-12-24,256.5608215332031,434.1793518066406,229.0500030517578,195.09100341796875,139.96473693847656,101.26632690429688,233.96458435058594,60.23341751098633,161.00772094726562,359.90252685546875
2024-12-26,257.3755798339844,432.9736633300781,227.0500030517578,194.5836639404297,139.70562744140625,101.35198211669922,234.76600646972656,59.9746208190918,162.1704559326172,359.46185302734375
2024-12-27,253.96737670898438,425.4825439453125,223.75,191.7584228515625,139.197021484375,101.34246063232422,232.86386108398438,59.85960388183594,161.57000732421875,357.2490234375
2024-12-30,250.59890747070312,419.849365234375,221.3000030517578,190.24630737304688,137.55601501464844,100.65721130371094,231.07757568359375,59.45701599121094,159.24456787109375,355.43768310546875
2024-12-31,248.83021545410156,416.55841064453125,219.38999938964844,188.31639099121094,138.7843780517578,102.37987518310547,231.4541473388672,59.6774787902832,159.77830505371094,355.19287109375
2025-01-02,242.3019256591797,413.6726379394531,220.22000122070312,188.44569396972656,138.2085723876953,102.13241577148438,231.73416137695312,59.27489471435547,158.1867218017578,352.2651672363281
2025-01-03,241.8150177001953,418.38671875,224.19000244140625,190.79345703125,138.37173461914062,102.65587615966797,234.9011993408203,59.18863296508789,157.37664794921875,356.2013854980469
2025-01-06,243.4446258544922,422.8339538574219,227.61000061035156,195.8470458984375,137.8630828857422,102.54166412353516,233.75596618652344,58.28762435913086,153.05934143066406,356.6028137207031
2025-01-07,240.67234802246094,417.4181823730469,222.11000061035156,194.47422790527344,140.32940673828125,103.5029296875,236.00759887695312,58.31637954711914,153.72647094726562,355.4278564453125
2025-01-08,241.15921020507812,419.5825500488281,222.1300048828125,192.94223022460938,136.52920532226562,101.770751953125,235.96881103515625,59.150291442871094,154.4888916015625,353.5380859375
2025-01-10,235.3463592529297,414.03826904296875,218.94000244140625,191.04214477539062,136.32765197753906,101.39956665039062,232.80479431152344,58.536842346191406,151.11509704589844,343.6781921386719
2025-01-13,232.9119110107422,412.2989501953125,218.4600067138672,190.01748657226562,138.64041137695312,104.01688385009766,237.01698303222656,59.0927848815918,151.3819580078125,354.9382629394531
2025-01-14,231.7990264892578,410.7967834472656,217.75999450683594,188.6745147705078,138.90911865234375,104.42613983154297,240.1809539794922,59.46660232543945,152.2397003173828,363.8190612792969
2025-01-15,236.35987854003906,421.31201171875,223.35000610351562,194.5338897705078,139.12025451660156,106.12976837158203,244.91722106933594,59.207801818847656,152.1539306640625,367.06982421875
2025-01-16,226.81089782714844,419.6022644042969,220.66000366210938,191.90762329101562,141.80728149414062,105.94892883300781,246.78067016601562,59.66789627075195,152.96401977539062,372.6117858886719
2025-01-17,228.51998901367188,424.0001525878906,225.94000244140625,194.9815673828125,141.09710693359375,106.90068817138672,251.52664184570312,60.10881042480469,153.564453125,377.9676208496094
2025-01-21,221.2265625,423.476318359375,230.7100067138672,197.02093505859375,142.17193603515625,106.09170532226562,255.28262329101562,59.83083724975586,154.12672424316406,391.4801330566406
2025-01-22,222.40899658203125,440.9688415527344,235.00999450683594,197.33924865722656,139.40814208984375,104.24530029296875,255.09823608398438,59.21738815307617,157.0049285888672,390.7431335449219
2025-01-23,222.24009704589844,441.4728088378906,235.4199981689453,196.9512939453125,140.72283935546875,104.83538818359375,258.11663818359375,58.977760314941406,158.34872436523438,399.3813171386719
2025-01-24,221.3656768798828,438.8538818359375,234.85000610351562,199.16970825195312,140.89559936523438,103.41728210449219,257.039306640625,59.35158157348633,157.36781311035156,400.5901184082031
2025-01-27,228.40072631835938,429.4653015136719,235.4199981689453,190.81332397460938,146.72067260742188,104.85443115234375,258.0196228027344,61.22069549560547,162.6798858642578,388.1585388183594
2025-01-28,236.7473907470703,441.9571533203125,238.14999389648438,194.2852020263672,144.31195068359375,102.82718658447266,259.2716064453125,59.77333068847656,159.3526611328125,383.549560546875
2025-01-29,237.84043884277344,437.1441955566406,237.07000732421875,194.39463806152344,145.05088806152344,103.42679595947266,258.7280578613281,60.22383117675781,159.39100646972656,386.4387512207031
2025-01-30,236.0816650390625,410.12469482421875,234.63999938964844,199.8262481689453,146.7014617919922,104.28337097167969,260.3294677734375,61.39323425292969,160.5224609375,368.50396728515625
2025-01-31,234.5017547607422,410.1939392089844,237.67999267578125,202.9599151611328,146.01052856445312,101.67558288574219,259.4268798828125,60.84687423706055,159.16090393066406,365.02508544921875
2025-02-03,226.5624542236328,406.1024169921875,237.4199981689453,200.18438720703125,145.7418212890625,101.92302703857422,258.9513244628906,60.72226333618164,161.81690979003906,355.305908203125
2025-02-04,231.32208251953125,407.5354309082031,242.05999755859375,205.30764770507812,147.2964630126953,104.65455627441406,260.04803466796875,60.07047653198242,161.21286010742188,355.698974609375
2025-02-05,230.99417114257812,408.4446716308594,236.1699981689453,190.33584594726562,148.4480438232422,104.57841491699219,262.46466064453125,60.501808166503906,162.05665588378906,352.6524963378906
2025-02-06,231.7394256591797,410.9450378417969,238.8300018310547,190.6044464111328,147.31565856933594,103.19837951660156,268.7441101074219,60.731849670410156,161.9320068359375,359.1385498046875
2025-02-07,226.1848907470703,404.9461364746094,229.14999389648438,184.37696838378906,146.94140625,103.63618469238281,267.6764831542969,61.19194030761719,161.05941772460938,357.5956726074219
2025-02-10,226.45347595214844,407.3872375488281,233.13999938964844,185.50108337402344,148.0161895751953,105.6158218383789,263.0567321777344,61.87249755859375,160.6375274658203,356.9470520019531
2025-02-11,231.39732360839844,406.6163635253906,232.75999450683594,184.3570556640625,149.8299102783203,106.28205108642578,266.890380859375,64.79597473144531,162.4593505859375,355.9741516113281
2025-02-12,235.62501525878906,404.2444763183594,228.92999267578125,182.6559600830078,148.99502563476562,103.08438110351562,267.3368225097656,65.85993957519531,162.60317993164062,345.96014404296875
2025-02-13,240.26052856445312,405.7268981933594,230.3699951171875,185.1728057861328,150.9047393798828,103.83338165283203,268.18121337890625,66.61717224121094,163.9839324951172,347.59149169921875
2025-02-14,243.3143768310547,403.6416320800781,228.67999267578125,184.26751708984375,149.84910583496094,103.93899536132812,268.4432678222656,66.01329803466797,156.1884307861328,347.218017578125
2025-02-18,243.18504333496094,404.83746337890625,226.64999389648438,182.8151092529297,149.92652893066406,105.76351165771484,271.70428466796875,66.18583679199219,158.62391662597656,347.8863220214844
2025-02-19,243.5829620361328,409.90728759765625,226.6300048828125,184.3073272705078,152.7317657470703,105.91715240478516,271.02490234375,67.16351318359375,159.64031982421875,346.9035339355469
2025-02-20,244.53790283203125,412.07598876953125,222.8800048828125,183.60101318359375,154.46327209472656,107.54960632324219,258.9415588378906,67.134765625,160.33070373535156,343.12005615234375
2025-02-21,244.25938415527344,404.23309326171875,216.5800018310547,178.72647094726562,156.9976806640625,106.29166412353516,256.45697021484375,68.39043426513672,163.2264404296875,334.1673583984375
2025-02-24,245.80123901367188,400.06414794921875,212.7100067138672,178.31861877441406,158.39064025878906,106.8486099243164,253.64244079589844,67.66195678710938,163.52366638183594,333.0667419433594
2025-02-25,245.74154663085938,394.0235595703125,212.8000030517578,174.5084991455078,160.6638641357422,105.36981201171875,249.8184814453125,68.52462005615234,165.546875,336.4472961425781
2025-02-26,239.09666442871094,395.8357849121094,214.35000610351562,171.8324737548828,157.75222778320312,105.11054229736328,251.16754150390625,67.86325073242188,164.25242614746094,336.6635437011719
2025-02-27,236.05276489257812,388.7058410644531,208.74000549316406,167.62448120117188,158.38095092773438,105.77310943603516,251.4198455810547,67.93035125732422,164.89486694335938,334.1280822753906
2025-02-28,240.5688934326172,393.1224060058594,212.27999877929688,169.39520263671875,159.62881469726562,106.90621948242188,256.85491943359375,68.25624084472656,166.68792724609375,338.0098876953125
2025-03-03,236.77890014648438,384.7052307128906,205.02000427246094,166.14219665527344,161.81500244140625,103.47808837890625,252.94361877441406,69.32018280029297,168.3659210205078,326.3055114746094
2025-03-04,234.68995666503906,384.82403564453125,203.8000030517578,170.03189086914062,160.01576232910156,103.26683044433594,242.87905883789062,67.27854919433594,166.05506896972656,321.1069030761719
2025-03-05,234.50094604492188,397.1131591796875,208.36000061035156,172.1209716796875,159.72555541992188,101.2502670288086,244.12136840820312,67.17311096191406,167.42625427246094,332.6441345214844
2025-03-06,234.0930938720703,393.0234069824219,200.6999969482422,171.45443725585938,160.41236877441406,103.34364318847656,239.27833557128906,67.53734588623047,167.47418212890625,335.1206359863281
2025-03-07,237.81346130371094,389.4783020019531,199.25,172.9566192626953,161.24427795410156,104.68801879882812,235.143798828125,68.46712493896484,168.7111053466797,344.2501220703125
2025-03-10,226.2843475341797,376.4563903808594,194.5399932861328,165.1981658935547,162.22125244140625,107.35755157470703,225.380126953125,68.48628997802734,169.00836181640625,339.248046875
2025-03-11,219.67926025390625,376.74359130859375,196.58999633789062,163.37557983398438,160.4413604736328,104.82245635986328,222.39083862304688,68.09329223632812,165.99754333496094,333.9020080566406
2025-03-12,215.83956909179688,379.5361022949219,198.88999938964844,166.4331512451172,157.5297088623047,104.79364776611328,221.18736267089844,67.03893280029297,161.44296264648438,332.2903747558594
2025-03-13,208.57791137695312,375.0799255371094,193.88999938964844,162.1007537841797,157.6651611328125,104.35192108154297,218.55718994140625,66.73219299316406,161.6539306640625,327.5536193847656
2025-03-14,212.36788940429688,384.7745666503906,197.9499969482422,164.8197021484375,157.49102783203125,107.45358276367188,225.5936737060547,66.78045654296875,161.05941772460938,333.7742919921875
2025-03-17,212.87522888183594,384.9132080078125,195.74000549316406,163.62457275390625,157.52003479003906,109.23966979980469,227.0397491455078,67.70744323730469,162.77578735351562,336.7225036621094
2025-03-18,211.57211303710938,379.7836608886719,192.82000732421875,160.0192108154297,158.88397216796875,109.12443542480469,228.04913330078125,66.9928970336914,160.81011962890625,330.8948669433594
2025-03-19,214.1087188720703,384.0417785644531,195.5399932861328,163.2261962890625,157.6651611328125,110.82410430908203,232.0671844482422,66.89634704589844,161.63475036621094,332.77191162109375
2025-03-20,212.97470092773438,383.07135009765625,194.9499969482422,162.14059448242188,157.69415283203125,111.29463195800781,231.9701385498047,67.3115463256836,160.65672302246094,330.44287109375
2025-03-21,217.12277221679688,387.4482421875,196.2100067138672,163.32579040527344,158.2842254638672,110.91053771972656,234.51295471191406,66.30731964111328,159.8320770263672,329.9809265136719
2025-03-24,219.56985473632812,389.2505187988281,203.25999450683594,167.00083923339844,157.955322265625,111.1986083984375,240.75357055664062,66.57769012451172,158.8348846435547,335.76922607421875
2025-03-25,222.573974609375,391.31024169921875,205.7100067138672,169.86917114257812,155.75950622558594,111.95720672607422,243.73313903808594,66.44251251220703,156.15008544921875,336.7027893066406
2025-03-26,220.36563110351562,386.17083740234375,201.1300048828125,164.39144897460938,156.4366455078125,113.5704574584961,243.6361083984375,67.61087799072266,159.7266387939453,335.2189025878906
2025-03-27,222.67344665527344,386.7748718261719,201.36000061035156,161.58287048339844,157.80056762695312,113.20556640625,240.81179809570312,68.30610656738281,161.76898193359375,333.4401550292969
2025-03-28,216.75473022460938,375.109619140625,192.72000122070312,153.7049102783203,158.3616180419922,113.05191802978516,235.69705200195312,67.94883728027344,161.11697387695312,323.99615478515625
2025-03-31,220.96249389648438,371.7328796386719,190.25999450683594,154.01364135742188,160.4220428466797,114.20423889160156,238.07485961914062,69.15583801269531,163.4086456298828,324.1042175292969
2025-04-01,222.01690673828125,378.46661376953125,192.1699981689453,156.43382263183594,148.24334716796875,114.30986785888672,236.48318481445312,69.39723205566406,163.54287719726562,324.86090087890625
2025-04-02,222.71322631835938,378.4170837402344,196.00999450683594,156.40391540527344,150.284423828125,113.95455932617188,238.57955932617188,68.87581634521484,162.52647399902344,328.8802795410156
2025-04-03,202.1220245361328,369.4750671386719,178.41000366210938,150.1095428466797,154.59872436523438,107.96250915527344,221.9541015625,70.66214752197266,165.29759216308594,300.4794006347656
2025-04-04,187.389892578125,356.3343200683594,171.0,145.01026916503906,148.2336883544922,100.1939697265625,205.34344482421875,67.52397918701172,157.01303100585938,283.1047668457031
2025-04-07,180.50625610351562,354.37359619140625,175.25999450683594,146.15560913085938,145.6992645263672,98.849609375,209.40577697753906,66.01765441894531,153.6378631591797,275.2232666015625
2025-04-08,171.51377868652344,351.10577392578125,170.66000366210938,144.11392211914062,145.0995330810547,96.76583862304688,211.77871704101562,66.06593322753906,151.87356567382812,269.208984375
2025-04-09,197.80484008789062,386.6857604980469,191.10000610351562,158.06716918945312,146.037841796875,101.59596252441406,228.83859252929688,67.54328918457031,155.6418914794922,295.81146240234375
2025-04-10,189.4191436767578,377.63482666015625,181.22000122070312,152.20103454589844,143.83230590820312,95.95921325683594,221.77833557128906,68.3254165649414,156.8308563232422,284.1661071777344
2025-04-11,197.1085205078125,384.6656494140625,184.8699951171875,156.50352478027344,146.77301025390625,99.04165649414062,230.6549072265625,68.97236633300781,160.04302978515625,288.38201904296875
2025-04-14,201.45555114746094,384.0318908691406,182.1199951171875,158.42572021484375,149.3170928955078,99.28172302246094,229.20965576171875,69.95726013183594,162.1717071533203,292.9713439941406
2025-04-15,201.07754516601562,381.9721374511719,179.58999633789062,155.67689514160156,148.60125732421875,99.00324249267578,227.6570281982422,69.3875732421875,161.53884887695312,288.36236572265625
2025-04-16,193.24893188476562,367.9896545410156,174.3300018310547,152.70896911621094,148.8817901611328,100.04994201660156,224.21963500976562,69.21376037597656,159.54443359375,285.1291809082031
2025-04-17,195.94467163085938,364.19696044921875,172.61000061035156,150.54774475097656,152.3254852294922,102.67146301269531,226.51449584960938,70.48834991455078,163.61000061035156,289.1681213378906
2025-04-21,192.14476013183594,355.62139892578125,167.32000732421875,147.07186889648438,151.79345703125,101.16384887695312,223.6142120361328,70.2662582397461,159.92141723632812,281.16973876953125
2025-04-22,198.69017028808594,363.2463684082031,173.17999267578125,150.8564910888672,152.59632873535156,103.99663543701172,230.0592498779297,71.35738372802734,161.97653198242188,287.5191345214844
2025-04-23,203.52462768554688,370.7426452636719,180.60000610351562,154.72079467773438,150.30377197265625,103.10357666015625,235.22506713867188,70.77802276611328,159.90211486816406,292.06146240234375
2025-04-24,207.27479553222656,383.5267639160156,186.5399932861328,158.63487243652344,149.8684539794922,104.31350708007812,238.8968048095703,70.02485656738281,153.920166015625,303.01239013671875
2025-04-25,208.18002319335938,388.03253173828125,188.99000549316406,161.30401611328125,149.5299072265625,104.25588989257812,237.83236694335938,69.43585205078125,155.35775756835938,302.6075744628906
2025-04-28,209.03550720214844,387.3492126464844,187.6999969482422,159.95948791503906,150.27474975585938,104.31350708007812,237.5101318359375,69.31998443603516,156.15855407714844,303.20989990234375
2025-04-29,210.09988403320312,390.201171875,187.38999938964844,159.51129150390625,150.81643676757812,104.05424499511719,238.8772430419922,69.86070251464844,156.5541534423828,303.5456237792969
2025-04-30,211.3831024169922,391.4093017578125,184.4199981689453,158.1568145751953,151.203369140625,101.4327163696289,238.8772430419922,70.05384063720703,156.853271484375,305.3921813964844
2025-05-01,212.1988067626953,421.2556457519531,190.1999969482422,160.6466827392578,149.413818359375,101.5767593383789,241.09397888183594,68.8371810913086,154.35433959960938,310.02337646484375
2025-05-02,204.27069091796875,431.03936767578125,189.97999572753906,163.36563110351562,151.0195770263672,101.98966217041016,246.58201599121094,69.18480682373047,154.8753204345703,319.6214904785156
2025-05-05,197.84463500976562,431.9207458496094,186.35000610351562,163.54489135742188,149.93617248535156,99.16648864746094,246.630859375,69.23307037353516,153.24476623535156,319.0586242675781
2025-05-06,197.46661376953125,429.08856201171875,185.00999450683594,162.56884765625,149.42349243164062,100.54927062988281,243.3985595703125,69.25239562988281,153.65000915527344,316.86651611328125
2025-05-07,195.21852111816406,429.1282043457031,188.7100067138672,150.76686096191406,152.16102600097656,100.45325469970703,243.5352783203125,69.90899658203125,153.68856811523438,316.2740173339844
2025-05-08,196.45199584960938,433.9012756347656,192.0800018310547,153.65512084960938,150.57461547851562,101.85523223876953,247.51950073242188,68.72130584716797,153.07110595703125,320.18438720703125
2025-05-09,197.4865264892578,434.4557800292969,193.05999755859375,152.1313018798828,149.18167114257812,103.04596710205078,247.13865661621094,68.09366607666016,152.11590576171875,321.53717041015625
2025-05-12,209.95704650878906,444.8832092285156,208.63999938964844,157.81820678710938,149.10426330566406,104.82245635986328,253.94497680664062,67.13773345947266,155.24197387695312,338.2548828125
2025-05-13,212.08859252929688,444.7643737792969,211.3699951171875,158.8838348388672,143.5904998779297,105.11054229736328,256.8355407714844,66.58735656738281,153.14828491210938,348.1196594238281
2025-05-14,211.490966796875,448.52734375,210.25,164.7001953125,141.5784454345703,104.16947174072266,259.4037780761719,66.78045654296875,152.4632568359375,345.2757263183594
2025-05-15,210.61444091796875,449.5392761230469,205.1699981689453,163.29591369628906,144.72225952148438,105.22579956054688,261.21038818359375,69.14617156982422,156.69886779785156,345.4238586425781
2025-05-16,210.42520141601562,450.67022705078125,205.58999633789062,165.51686096191406,146.38607788085938,104.84784698486328,261.2787170410156,69.52275848388672,157.5382843017578,349.1465759277344
2025-05-19,207.9550018310547,455.2337646484375,206.16000366210938,165.86544799804688,147.5081787109375,103.18099212646484,258.6616516113281,69.45516204833984,158.97589111328125,348.1492919921875
2025-05-20,206.04258728027344,454.53936767578125,204.07000732421875,163.31582641601562,148.63995361328125,101.70793151855469,259.44287109375,69.22341918945312,159.81529235839844,345.10784912109375
2025-05-21,201.2914276123047,448.9837341308594,201.1199951171875,167.8772735595703,148.17562866210938,100.45779418945312,254.91180419921875,69.37791442871094,159.6126708984375,338.21539306640625
2025-05-22,200.56431579589844,451.2555847167969,203.10000610351562,170.1779022216797,147.62425231933594,99.78910827636719,254.5504608154297,68.69235229492188,159.22674560546875,340.8617858886719
2025-05-23,194.49839782714844,446.6126403808594,200.99000549316406,167.78762817382812,147.9434814453125,99.84724426269531,254.58950805664062,69.30066680908203,160.02755737304688,339.08441162109375
2025-05-27,199.4188690185547,457.03936767578125,206.02000427246094,172.19969177246094,149.51422119140625,100.32210540771484,259.06201171875,69.31031799316406,161.8607635498047,347.1025390625
2025-05-28,199.62803649902344,453.7357482910156,204.72000122070312,171.661865234375,148.71420288085938,98.95567321777344,257.30426025390625,68.7020034790039,161.47482299804688,345.10784912109375
2025-05-29,199.15988159179688,455.0453186035156,205.6999969482422,171.16390991210938,149.836181640625,99.51776123046875,258.1636047363281,69.0302963256836,162.6326141357422,347.3790588378906
2025-05-30,200.05633544921875,456.7119445800781,205.00999450683594,171.0443878173828,151.42645263671875,99.13980865478516,257.80230712890625,69.61931610107422,163.9158477783203,343.66619873046875
2025-06-02,200.90298461914062,458.3092346191406,206.64999389648438,168.34536743164062,151.61180114746094,99.86663055419922,258.44677734375,69.52275848388672,161.88003540039062,340.3483581542969
2025-06-03,202.46676635742188,459.3013000488281,205.7100067138672,165.5069122314453,150.65570068359375,100.59346771240234,260.01898193359375,68.71166229248047,160.9827423095703,345.0190124511719
2025-06-04,202.0185546875,460.19415283203125,207.22999572753906,167.36935424804688,149.48495483398438,99.13980865478516,258.0171203613281,68.91443634033203,160.1143798828125,344.9498596191406
2025-06-05,199.83718872070312,463.9739685058594,207.91000366210938,167.5286865234375,149.9142303466797,98.68431854248047,255.80039978027344,68.47026824951172,157.07518005371094,344.5845031738281
2025-06-06,203.11419677734375,466.6526184082031,213.57000732421875,172.9765167236328,151.25082397460938,101.04894256591797,259.4916687011719,68.89512634277344,158.2522735595703,348.91949462890625
2025-06-09,200.65394592285156,469.0038146972656,216.97999572753906,175.58908081054688,151.44595336914062,101.72732543945312,260.4779357910156,69.30066680908203,156.84359741210938,353.5802917480469
2025-06-10,201.869140625,467.1883544921875,217.61000061035156,178.09194946289062,152.63623046875,103.90782165527344,262.2943115234375,69.86070251464844,157.11376953125,354.07403564453125
2025-06-11,197.9945068359375,468.87481689453125,213.1999969482422,176.8455047607422,151.4752197265625,105.9332504272461,261.8548583984375,69.59034729003906,156.40943908691406,358.58673095703125
2025-06-12,198.41285705566406,475.0752868652344,213.24000549316406,175.2001953125,152.84109497070312,106.34027862548828,261.9427490234375,69.75450134277344,157.44178771972656,356.4340515136719
2025-06-13,195.6737060546875,471.1962585449219,212.10000610351562,174.1731414794922,153.27037048339844,108.65644073486328,258.7300109863281,69.06404113769531,154.64378356933594,352.5730895996094
2025-06-16,197.6359405517578,475.3431701660156,216.10000610351562,176.2671661376953,151.4362030029297,109.00532531738281,264.012939453125,68.57781982421875,155.2227020263672,357.8955078125
2025-06-17,194.86691284179688,474.25189208984375,214.82000732421875,175.44949340820312,148.66543579101562,110.4783706665039,263.1927185058594,67.70260620117188,152.9456787109375,353.1951904296875
2025-06-18,195.80322265625,476.4344482421875,212.52000427246094,172.8269805908203,147.05564880371094,109.69338989257812,267.5284423828125,67.30389404296875,152.4632568359375,355.2886047363281
2025-06-20,200.20574951171875,473.6169738769531,209.69000244140625,166.16595458984375,146.13856506347656,111.15673828125,268.5440368652344,66.94408416748047,153.48597717285156,355.9995422363281
2025-06-23,200.70376586914062,482.1488037109375,208.47000122070312,164.72010803222656,147.6312713623047,108.28817749023438,271.7373046875,67.81930541992188,155.36740112304688,361.6380310058594
2025-06-24,199.5084991455078,486.2262268066406,212.77000427246094,166.2956085205078,148.48007202148438,104.99320983886719,274.6570739746094,68.2763671875,154.72097778320312,368.3428649902344
2025-06-25,200.7635040283203,488.369140625,211.99000549316406,170.1944580078125,148.56787109375,105.02228546142578,277.391357421875,67.71232604980469,153.37985229492188,366.9208984375
2025-06-26,200.20574951171875,493.5080871582031,217.1199951171875,173.0463409423828,148.304443359375,106.59223937988281,281.97125244140625,67.55674743652344,153.05181884765625,377.09173583984375
2025-06-27,200.28543090820312,492.0100402832031,223.3000030517578,178.0221405029297,148.6947021484375,106.00108337402344,280.3697204589844,68.39305877685547,154.23855590820312,379.8862609863281
2025-06-30,204.35926818847656,493.4684143066406,219.38999938964844,175.72869873046875,149.0264129638672,104.46990203857422,283.10400390625,68.8014907836914,153.71754455566406,383.3423767089844
2025-07-01,206.99879455566406,488.15081787109375,220.4600067138672,175.3397979736328,152.119140625,105.86540985107422,283.59228515625,69.69615173339844,155.5507354736328,386.0184326171875
2025-07-02,211.6005401611328,487.198486328125,219.9199981689453,178.1318359375,151.76791381835938,107.6195068359375,285.14495849609375,68.95708465576172,155.5314178466797,393.4342346191406
2025-07-03,212.70616149902344,494.8870849609375,223.41000366210938,179.01931762695312,152.20693969726562,108.73397064208984,290.443603515625,69.38496398925781,155.17442321777344,392.87139892578125
2025-07-07,209.12037658691406,493.77593994140625,223.47000122070312,176.28709411621094,151.4849853515625,107.67764282226562,286.4892578125,69.05432891845703,154.85606384277344,386.60101318359375
2025-07-08,209.18014526367188,492.68463134765625,219.36000061035156,173.864013671875,151.9923095703125,110.6624984741211,277.47174072265625,68.30552673339844,152.3378143310547,389.34619140625
2025-07-09,210.3056640625,499.5200500488281,222.5399932861328,176.11756896972656,152.47036743164062,110.28455352783203,277.8446350097656,67.56646728515625,151.98085021972656,397.13720703125
2025-07-10,211.5706787109375,497.5061340332031,222.25999450683594,177.11471557617188,153.84597778320312,111.37964630126953,282.78021240234375,67.84848022460938,152.91673278808594,403.2100830078125
2025-07-11,210.32559204101562,499.33154296875,225.02000427246094,179.6774139404297,153.07525634765625,111.86420440673828,281.4751281738281,67.94572448730469,151.52737426757812,400.8303527832031
2025-07-14,207.79563903808594,499.033935546875,225.69000244140625,181.04351806640625,152.9971923828125,110.40084075927734,283.2806701660156,67.55674743652344,148.35305786132812,400.6822204589844
2025-07-15,208.28369140625,501.811767578125,226.35000610351562,181.48226928710938,151.38742065429688,109.42204284667969,281.1709899902344,67.44977569580078,147.31103515625,399.56640625
2025-07-16,209.3295440673828,501.61334228515625,223.19000244140625,182.4495086669922,160.76315307617188,108.76304626464844,280.4547119140625,67.36225128173828,148.32412719726562,407.70306396484375
2025-07-17,209.1901092529297,507.6451721191406,223.8800048828125,183.05776977539062,159.00701904296875,108.21065521240234,284.4580993652344,68.64588928222656,150.1476287841797,412.8279724121094
2025-07-18,210.34552001953125,506.0082092285156,226.1300048828125,184.5335693359375,159.70945739746094,104.4408187866211,285.8023681640625,67.92627716064453,150.66929626464844,408.5226745605469
2025-07-21,211.64036560058594,506.0181579589844,229.3000030517578,189.55923461914062,160.3533935546875,104.7121810913086,285.50799560546875,68.14021301269531,150.60130310058594,406.4116516113281
2025-07-22,213.55279541015625,501.2660827636719,227.47000122070312,190.79571533203125,163.83636474609375,105.1870346069336,285.9593811035156,67.74150848388672,153.79733276367188,413.4681396484375
2025-07-23,213.3037872314453,501.861328125,228.2899932861328,189.6888427734375,164.97787475585938,106.53409576416016,291.1893615722656,67.2552719116211,153.7584686279297,423.77532958984375
2025-07-24,212.91531372070312,506.8316650390625,232.22999572753906,191.6233367919922,165.42662048339844,107.3675308227539,290.9832763671875,67.19692993164062,154.27333068847656,425.6881408691406
2025-07-25,213.0348663330078,509.6392822265625,231.44000244140625,192.63046264648438,164.19735717773438,106.98957824707031,293.014404296875,67.26499938964844,153.7779083251953,429.8804016113281
2025-07-28,213.2041778564453,508.4388122558594,232.7899932861328,192.0321807861328,162.16806030273438,107.99745178222656,292.6808166503906,66.2147445678711,152.62188720703125,429.0776062011719
2025-07-29,210.43515014648438,508.5082702636719,231.00999450683594,195.1931610107422,164.01199340820312,109.3929672241211,291.4640808105469,67.4692153930664,152.13616943359375,426.21337890625
2025-07-30,208.2239227294922,509.1729431152344,230.19000244140625,195.970947265625,163.1826934814453,108.44324493408203,294.0054626464844,66.8565673828125,148.51272583007812,430.2470397949219
2025-07-31,206.74978637695312,529.2723999023438,234.11000061035156,191.35411071777344,160.72415161132812,108.19126892089844,290.6790771484375,66.02025604248047,146.1715545654297,434.1122741699219
2025-08-01,201.58029174804688,519.956787109375,214.75,188.59201049804688,163.25099182128906,106.25305938720703,283.9380798339844,66.96353912353516,146.34642028808594,424.86553955078125
2025-08-04,202.54647827148438,531.3954467773438,211.64999389648438,194.4851837158203,166.87054443359375,104.05318450927734,288.7362365722656,67.060791015625,146.45326232910156,429.8308410644531
2025-08-05,202.11813354492188,523.5679321289062,213.75,194.11622619628906,166.577880859375,103.92720031738281,285.9005126953125,67.1483154296875,146.21041870117188,430.35614013671875
2025-08-06,212.40733337402344,520.7802734375,222.30999755859375,195.53219604492188,166.4315185546875,103.2197494506836,285.8808898925781,67.59564208984375,148.49330139160156,423.9042053222656
2025-08-07,219.16055297851562,516.7127075195312,223.1300048828125,195.96096801757812,167.34860229492188,102.67704772949219,281.5537109375,68.49031066894531,149.10531616210938,413.39874267578125
2025-08-08,228.44374084472656,517.9032592773438,222.69000244140625,200.84701538085938,169.104736328125,103.50079345703125,283.3395080566406,68.40277862548828,149.12472534179688,412.8041076660156
2025-08-11,226.53909301757812,517.6353759765625,221.3000030517578,200.42822265625,169.58279418945312,102.56074523925781,284.1244812011719,68.8014907836914,150.55274963378906,404.89532470703125
2025-08-12,229.00210571289062,525.046142578125,221.47000122070312,202.7615509033203,168.56813049316406,102.85148620605469,287.35272216796875,68.76258850097656,150.6595916748047,409.028076171875
2025-08-13,232.6717529296875,516.4547729492188,224.55999755859375,201.385498046875,170.16815185546875,104.27606964111328,285.0762939453125,68.51947021484375,150.970458984375,410.00927734375
2025-08-14,232.12330627441406,518.3396606445312,230.97999572753906,202.3627166748047,170.46084594726562,104.0628662109375,288.6381530761719,67.63453674316406,149.34815979003906,413.775390625
2025-08-15,230.93666076660156,516.0480346679688,231.02999877929688,203.31996154785156,172.33404541015625,104.16068267822266,285.03704833984375,67.99434661865234,149.950439453125,404.1520080566406
2025-08-18,230.23863220214844,513.0023193359375,231.49000549316406,202.92111206054688,171.9535369873047,104.38565826416016,286.0574951171875,67.2260971069336,151.27159118652344,408.958740234375
2025-08-19,229.90957641601562,505.7304382324219,228.00999450683594,200.99661254882812,173.4657745361328,105.07034301757812,285.2038269042969,68.19856262207031,153.87503051757812,412.3779296875
2025-08-20,225.3723907470703,501.7125549316406,223.80999755859375,198.7530059814453,174.4804229736328,106.15605926513672,286.754150390625,68.75286865234375,154.95330810546875,416.8377685546875
2025-08-21,224.26551818847656,501.06658935546875,221.9499969482422,199.18179321289062,174.56822204589844,106.84075164794922,285.9986572265625,68.7139663696289,154.19561767578125,414.1618957519531
2025-08-22,227.11744689941406,504.037841796875,228.83999633789062,205.5037384033203,174.91944885253906,108.84590148925781,290.6790771484375,68.19856262207031,154.1373291015625,431.78326416015625
2025-08-25,226.5191650390625,501.0865173339844,227.94000244140625,207.8969268798828,174.06089782714844,109.29583740234375,289.3642272949219,67.0316162109375,151.68931579589844,428.4433288574219
2025-08-26,228.6630859375,498.8804931640625,228.7100067138672,206.5507354736328,173.4515838623047,109.05130767822266,292.96539306640625,66.83712005615234,151.5144500732422,427.41259765625
2025-08-27,229.8397674560547,503.5508728027344,229.1199951171875,206.88978576660156,173.7464141845703,110.28376007080078,293.6620178222656,66.93437194824219,152.4761962890625,428.8100280761719
2025-08-28,231.90391540527344,506.4326477050781,231.60000610351562,211.03794860839844,172.42947387695312,110.87063598632812,295.4184265136719,66.47731018066406,151.20359802246094,431.030029296875
2025-08-29,231.485107421875,503.501220703125,229.0,212.30435180664062,174.119873046875,111.7900619506836,295.7618713378906,67.08995819091797,152.5538787841797,415.3016052246094
2025-09-02,229.07192993164062,501.9410705566406,225.33999633789062,210.74879455566406,174.99453735351562,112.18132019042969,294.0741882324219,67.15802764892578,153.4767608642578,412.33831787109375
2025-09-03,237.79725646972656,502.1696472167969,225.99000549316406,230.00384521484375,174.93557739257812,109.46212768554688,293.8876953125,67.08995819091797,153.651611328125,411.4165954589844
2025-09-04,239.1035614013672,504.7731628417969,235.67999267578125,231.63917541503906,175.6824951171875,109.94140625,298.1167907714844,66.37034606933594,154.64248657226562,416.47113037109375
2025-09-05,239.0137939453125,491.8847961425781,232.3300018310547,234.33152770996094,175.35816955566406,106.84075164794922,288.85400390625,66.08832550048828,155.44874572753906,419.3055725097656
2025-09-08,237.2089080810547,495.06463623046875,235.83999633789062,233.5829620361328,175.06333923339844,107.44718170166016,287.4115905761719,65.57292175292969,154.46762084960938,419.0082702636719
2025-09-09,233.68887329101562,495.2733459472656,238.24000549316406,239.1620330810547,173.9134979248047,108.22969055175781,292.2588806152344,65.99108123779297,154.90476989746094,414.3600769042969
2025-09-10,226.15020751953125,497.2209777832031,230.3300018310547,238.70294189453125,172.76361083984375,110.03923034667969,294.8984069824219,65.95217895507812,152.8550262451172,419.1371154785156
2025-09-11,229.3810577392578,497.8569641113281,229.9499969482422,239.9005889892578,175.42697143554688,109.68710327148438,299.8241271972656,65.75769805908203,154.09848022460938,427.53155517578125
2025-09-12,233.40966796875,506.6910095214844,228.14999389648438,240.32977294921875,174.99453735351562,109.70665740966797,301.1488037109375,65.16449737548828,153.3893280029297,427.6702575683594
2025-09-15,236.03224182128906,512.1166381835938,231.42999267578125,251.11866760253906,174.3459014892578,109.89250183105469,303.1014404296875,64.88031768798828,152.34988403320312,432.0508728027344
2025-09-16,237.4781494140625,505.83642578125,234.0500030517578,250.66954040527344,173.42210388183594,112.17153930664062,303.3860168457031,64.90971374511719,153.53504943847656,436.7386779785156
2025-09-17,238.3157958984375,506.81024169921875,231.6199951171875,249.042724609375,174.14935302734375,112.76820373535156,305.8979187011719,65.69364929199219,155.74990844726562,446.6395568847656
2025-09-18,237.2089080810547,505.2501525878906,231.22999572753906,251.537841796875,171.1616973876953,111.43794250488281,307.3501892089844,65.12529754638672,152.82591247558594,462.7940979003906
2025-09-19,244.80740356445312,514.67041015625,231.47999572753906,254.2225799560547,173.15675354003906,110.35221862792969,308.8710632324219,65.09589385986328,151.5824432373047,462.37786865234375
2025-09-22,255.35755920410156,511.21234130859375,227.6300048828125,252.036865234375,171.21083068847656,109.56971740722656,306.5749816894531,64.88031768798828,148.6973114013672,467.8882751464844
2025-09-23,253.71221923828125,506.0252685546875,220.7100067138672,251.16856384277344,173.54002380371094,111.45750427246094,306.8693542480469,65.37026977539062,148.14358520507812,467.0557556152344
2025-09-24,251.59820556640625,506.9394226074219,220.2100067138672,246.6573944091797,173.64813232421875,112.05416107177734,307.5365905761719,65.11549377441406,148.0658721923828,465.598876953125
2025-09-25,256.1453552246094,503.8390808105469,218.14999389648438,245.3100128173828,174.67022705078125,113.06163024902344,307.5660400390625,64.65493774414062,147.80357360839844,459.5830078125
2025-09-26,254.73931884765625,508.2411804199219,219.77999877929688,246.0585479736328,176.61614990234375,114.65597534179688,310.1270446777344,64.35115814208984,148.14358520507812,461.6048583984375
2025-09-29,253.71221923828125,511.36138916015625,222.1699981689453,243.5734100341797,178.49325561523438,111.72160339355469,309.7640075683594,64.71372985839844,149.1441650390625,467.4026184082031
2025-09-30,253.9116668701172,514.6903686523438,219.57000732421875,242.6252899169922,182.22784423828125,110.28376007080078,309.50885009765625,64.98809814453125,149.26072692871094,472.8932189941406
2025-10-01,254.72935485839844,516.4393310546875,220.6300048828125,244.4217529296875,182.84698486328125,109.54037475585938,304.8774719238281,65.4388656616211,148.80413818359375,476.5304870605469
2025-10-02,256.40460205078125,512.4942626953125,222.41000366210938,245.210205078125,182.7781982421875,108.8556900024414,301.77679443359375,64.77252197265625,147.70643615722656,486.1934814453125
2025-10-03,257.2920837402344,514.0940551757812,219.50999450683594,244.8708953857422,185.39239501953125,110.78260040283203,304.2102355957031,65.31148529052734,147.920166015625,493.4085693359375
2025-10-06,255.96585083007812,525.2435302734375,220.89999389648438,249.94094848632812,184.92066955566406,111.70203399658203,304.8511047363281,64.77252197265625,146.11329650878906,490.9605712890625
2025-10-07,255.75643920898438,520.682373046875,221.77999877929688,245.2800750732422,185.63809204101562,111.76072692871094,303.3819885253906,65.44866180419922,148.18243408203125,482.367919921875
2025-10-08,257.3320007324219,521.546875,225.22000122070312,244.14230346679688,186.42431640625,111.52597045898438,299.7732238769531,64.79212188720703,146.38528442382812,497.64044189453125
2025-10-09,253.3233184814453,519.1123657226562,227.74000549316406,241.05833435058594,187.7904052734375,110.44026184082031,301.25225830078125,65.03710174560547,146.2784423828125,495.8961486816406
2025-10-10,244.57806396484375,507.74432373046875,216.3699951171875,236.10801696777344,187.4365997314453,108.30793762207031,296.6772155761719,65.69364929199219,145.4138641357422,486.9169616699219
2025-10-13,246.96131896972656,510.81488037109375,220.07000732421875,243.6732177734375,187.61349487304688,109.78490447998047,303.6580505371094,65.45846557617188,143.27670288085938,500.25689697265625
2025-10-14,247.07101440429688,510.337890625,216.38999938964844,244.97068786621094,187.56436157226562,109.83380889892578,297.85052490234375,66.15421295166016,144.89898681640625,522.7642822265625
2025-10-15,248.63658142089844,510.1987609863281,215.57000732421875,250.53977966308594,187.87884521484375,109.16868591308594,301.40997314453125,65.73284149169922,143.2086944580078,529.2855224609375
2025-10-16,246.75192260742188,508.3902282714844,214.47000122070312,250.96896362304688,188.81248474121094,108.21990966796875,294.360107421875,66.23259735107422,145.32643127441406,536.1339721679688
2025-10-17,251.5782470703125,510.347900390625,213.0399932861328,252.80535888671875,189.89356994628906,109.78490447998047,293.3938293457031,67.06553649902344,147.0749969482422,522.3778076171875
2025-10-20,261.50018310546875,513.53759765625,216.47999572753906,256.04901123046875,190.38494873046875,110.2348403930664,298.1266174316406,67.06553649902344,147.6190185546875,527.9536743164062
2025-10-21,262.0287170410156,514.4021606445312,222.02999877929688,249.97091674804688,188.57662963867188,110.24462890625,292.9303894042969,69.7896957397461,147.28871154785156,521.4633178710938
2025-10-22,257.72088623046875,517.2640380859375,217.9499969482422,251.19850158691406,189.61839294433594,112.20088195800781,289.9920959472656,69.38793182373047,147.85214233398438,510.78857421875
2025-10-23,258.8476867675781,517.283935546875,221.08999633789062,252.58578491210938,189.15647888183594,113.44310760498047,290.4161071777344,68.53541564941406,147.8618621826172,517.3385620117188
2025-10-24,262.07855224609375,520.314697265625,224.2100067138672,259.4124450683594,187.12208557128906,112.86600494384766,296.2334899902344,68.31002044677734,149.1697540283203,519.5549926757812
2025-10-27,268.0516662597656,528.1749877929688,226.97000122070312,268.7441711425781,187.02381896972656,113.40397644042969,299.8915710449219,68.65299224853516,148.4361114501953,523.86865234375
2025-10-28,268.2411193847656,538.6585693359375,229.25,266.9476623535156,183.71185302734375,112.51387786865234,301.0845947265625,68.75099182128906,148.0741424560547,521.284423828125
2025-10-29,268.93914794921875,538.141845703125,230.3000030517578,274.0338134765625,183.3875274658203,113.9028091430664,301.2325134277344,66.97733306884766,145.53074645996094,581.9337768554688
2025-10-30,270.63433837890625,522.451171875,222.86000061035156,280.9303283691406,185.79534912109375,112.18132019042969,305.10748291015625,67.59469604492188,146.32313537597656,579.6080322265625
2025-10-31,269.6072692871094,514.5512084960938,244.22000122070312,280.6408996582031,185.61843872070312,111.85853576660156,306.7639465332031,67.51629638671875,147.09591674804688,573.7537841796875
2025-11-03,268.29095458984375,513.776123046875,254.0,283.1659240722656,183.05337524414062,111.27166748046875,305.01873779296875,66.60497283935547,144.79708862304688,567.1243896484375
2025-11-04,269.2781982421875,511.0931701660156,249.32000732421875,276.9980163574219,183.64305114746094,111.64334869384766,304.920166015625,67.28111267089844,143.96559143066406,544.254150390625
2025-11-05,269.3779296875,503.9682312011719,250.1999969482422,283.75482177734375,182.7978515625,111.19342041015625,307.3161315917969,67.1341323852539,142.61563110351562,565.693115234375
2025-11-06,269.0089416503906,493.9715576171875,243.0399932861328,284.19390869140625,183.75115966796875,111.9954833984375,309.0317687988281,67.6730728149414,142.94822692871094,566.3192749023438
2025-11-07,267.7126159667969,493.6933288574219,244.41000366210938,278.2854919433594,183.35804748535156,114.65597534179688,309.8106689453125,69.1331558227539,143.77972412109375,559.6798095703125
2025-11-10,268.93035888671875,502.8155212402344,248.39999389648438,289.5334777832031,185.1663818359375,115.63410949707031,312.4531555175781,69.10375213623047,142.3319549560547,567.3827514648438
2025-11-11,274.73956298828125,505.4786682128906,249.10000610351562,290.7411193847656,190.49305725097656,117.15998077392578,311.2009582519531,70.17186737060547,145.30575561523438,564.48046875
2025-11-12,272.9628601074219,507.9232177734375,244.1999969482422,286.15008544921875,191.04339599609375,115.53629302978516,315.92388916015625,70.07386779785156,144.78729248046875,569.5396118164062
2025-11-13,272.44384765625,500.1225891113281,237.5800018310547,278.0260314941406,191.88861083984375,116.19164276123047,305.1469421386719,69.64270782470703,144.73838806152344,550.187744140625
2025-11-14,271.9048156738281,506.96923828125,234.69000244140625,275.8702087402344,192.55690002441406,117.70126342773438,299.3591003417969,69.73091125488281,144.45469665527344,550.6649780273438
2025-11-17,266.9639892578125,504.296142578125,232.8699951171875,284.4634094238281,196.14407348632812,116.11270141601562,296.1644592285156,69.26054382324219,142.64498901367188,548.6968994140625
2025-11-18,266.9440612792969,490.6824035644531,222.5500030517578,283.7248229980469,196.55682373046875,117.44471740722656,295.2179260253906,69.7896957397461,143.78952026367188,543.558349609375
2025-11-19,268.06195068359375,484.0543518066406,222.69000244140625,292.2381896972656,199.02362060546875,115.78709411621094,299.02386474609375,69.6819076538086,143.78952026367188,549.75048828125
2025-11-20,265.7562561035156,476.3088684082031,217.13999938964844,288.884765625,199.573974609375,115.46148681640625,294.2023620605469,69.77989959716797,144.96337890625,542.8129272460938
2025-11-21,270.98651123046875,470.0268249511719,220.69000244140625,299.0747985839844,200.3896942138672,115.52069091796875,293.84735107421875,71.48495483398438,147.63394165039062,547.0867309570312
2025-11-24,275.4083251953125,471.8985290527344,226.27999877929688,317.9578552246094,202.50267028808594,114.42547607421875,293.8276672363281,71.1321792602539,143.77972412109375,556.2010498046875
2025-11-25,276.4563903808594,474.8752136230469,229.6699981689453,322.8083801269531,204.401611328125,112.98491668701172,298.7576599121094,71.15178680419922,145.25685119628906,563.1685180664062
2025-11-26,277.0352783203125,483.3475036621094,229.16000366210938,319.3252258300781,205.28182983398438,113.241455078125,303.33270263671875,71.4163589477539,145.02207946777344,570.2452392578125
2025-11-28,278.3328857421875,489.82867431640625,233.22000122070312,319.55474853515625,204.64886474609375,114.37613677978516,308.6965026855469,71.65155029296875,144.9340362548828,572.262939453125
2025-12-01,282.57501220703125,484.5820007324219,233.8800048828125,314.2751159667969,203.08619689941406,115.0766830444336,304.59478759765625,71.00025177001953,144.22972106933594,564.6096801757812
2025-12-02,285.6592712402344,487.82757568359375,234.4199981689453,315.1932678222656,203.1653289794922,113.84333038330078,303.5693054199219,69.73715209960938,142.6841278076172,578.93212890625
2025-12-03,283.623046875,475.6119689941406,232.3800048828125,319.0058288574219,203.07630920410156,116.2311019897461,307.75982666015625,69.87529754638672,143.51560974121094,587.8973388671875
2025-12-04,280.179443359375,478.7081604003906,229.11000061035156,316.999755859375,200.25759887695312,115.57988739013672,311.6742248535156,69.52005004882812,142.1950225830078,595.5108642578125
2025-12-05,278.26300048828125,481.01788330078125,229.52999877929688,320.64263916015625,199.713623046875,114.9878921508789,310.6290588378906,69.07598876953125,140.3265838623047,599.5064086914062
2025-12-08,277.3746643066406,488.8430480957031,226.88999938964844,313.3121643066406,199.4070281982422,114.43534088134766,310.79669189453125,69.32269287109375,135.32785034179688,592.876953125
2025-12-09,276.66595458984375,489.8385925292969,227.9199981689453,316.66778564453125,197.7652587890625,116.67510986328125,296.30255126953125,69.164794921875,136.5897674560547,590.7498779296875
2025-12-10,278.26300048828125,476.4382629394531,231.77999877929688,319.7937316894531,204.2730255126953,117.94792938232422,305.7680969238281,69.2832260131836,136.775634765625,611.6124877929688
2025-12-11,277.514404296875,481.3265075683594,230.27999877929688,312.02386474609375,207.70494079589844,117.94792938232422,312.9363098144531,68.19773864746094,137.69515991210938,621.81005859375
2025-12-12,277.7639465332031,476.4084167480469,226.19000244140625,308.887939453125,209.25772094726562,117.23751831054688,314.06036376953125,69.58912658691406,139.72987365722656,594.258544921875
2025-12-15,273.6016540527344,472.7148742675781,222.5399932861328,307.8193359375,211.81927490234375,116.19164276123047,315.5393371582031,70.03319549560547,141.97000122070312,586.1779174804688
2025-12-16,274.1007385253906,474.2779235839844,222.55999755859375,306.1714782714844,207.0027313232422,113.15265655517578,311.1319274902344,69.44110870361328,142.04827880859375,585.3529663085938
2025-12-17,271.33587646484375,474.00909423828125,221.27000427246094,296.3342590332031,208.02142333984375,115.84630584716797,310.5699157714844,69.73715209960938,144.59165954589844,558.4771728515625
2025-12-18,271.68524169921875,481.8342590332031,226.75999450683594,302.0668029785156,206.02359008789062,114.9878921508789,308.6176452636719,69.43123626708984,142.3515167236328,562.3932495117188
2025-12-19,273.1625061035156,483.7656555175781,227.35000610351562,306.7607116699219,204.1049041748047,115.1358871459961,312.7686767578125,69.13520050048828,141.31459045410156,572.7201538085938
2025-12-22,270.4674987792969,482.7701110839844,228.42999267578125,309.3773193359375,205.04446411132812,116.57644653320312,318.56634521484375,69.2832260131836,139.5831298828125,578.8724975585938
2025-12-23,271.85491943359375,484.6915588378906,232.13999938964844,313.94134521484375,203.52137756347656,117.82952880859375,321.3666076660156,68.94770812988281,140.0624542236328,578.8824462890625
2025-12-24,273.3022155761719,485.8563232421875,232.3800048828125,313.6816711425781,205.49942016601562,117.63218688964844,324.561279296875,69.1845474243164,141.34396362304688,580.21435546875
2025-12-26,272.8929748535156,485.5477294921875,232.52000427246094,313.10247802734375,205.35107421875,117.5236587524414,323.3188781738281,68.94770812988281,141.5885009765625,579.4589233398438
2025-12-29,273.2523498535156,484.9404296875,232.07000732421875,313.15240478515625,205.28182983398438,118.92474365234375,319.2171325683594,69.23388671875,141.4221954345703,575.0956420898438
2025-12-30,272.5735778808594,485.3187561035156,232.52999877929688,313.4420166015625,204.6389617919922,119.37861633300781,318.89178466796875,69.14506530761719,140.9135284423828,573.8829956054688
2025-12-31,271.3558349609375,481.4758605957031,230.82000732421875,312.5931091308594,204.67852783203125,118.73727416992188,317.70855712890625,68.9871826171875,140.1896514892578,569.3905029296875
2026-01-02,270.5074157714844,470.84320068359375,226.5,314.74029541015625,205.0741424560547,121.01651763916016,320.92291259765625,68.20761108398438,138.70272827148438,594.775390625
2026-01-05,266.7643737792969,470.75360107421875,233.05999755859375,316.1285095214844,202.0675048828125,123.69042205810547,329.3630676269531,67.04318237304688,137.31365966796875,612.3578491210938
2026-01-06,261.8734436035156,476.3885192871094,240.92999267578125,313.9313659667969,202.542236328125,119.43782043457031,331.41326904296875,66.94449615478516,136.86366271972656,619.3055419921875
2026-01-07,259.8471984863281,481.3265075683594,241.55999755859375,321.56146240234375,205.2126007080078,116.91191101074219,323.8660583496094,66.64846801757812,135.0343780517578,592.8968505859375
2026-01-08,258.55963134765625,475.9902648925781,246.2899932861328,325.0169372558594,203.49169921875,121.27305603027344,326.63934326171875,68.45431518554688,138.44837951660156,604.4363403320312
2026-01-09,258.8890075683594,477.15509033203125,247.3800048828125,328.14288330078125,202.14663696289062,122.95040893554688,326.0450744628906,69.57926177978516,138.78099060058594,613.86865234375
2026-01-12,259.76739501953125,475.06439208984375,246.47000122070312,331.4285888671875,207.4181365966797,122.37812805175781,321.3899841308594,69.56939697265625,140.33636474609375,625.9448852539062
2026-01-13,260.5658874511719,468.5832824707031,242.60000610351562,335.5332336425781,211.30499267578125,124.85469818115234,307.9298095703125,70.29962921142578,141.09938049316406,632.6638793945312
2026-01-14,259.4779052734375,457.3433532714844,236.64999389648438,335.4034118652344,216.1511993408203,128.4659423828125,304.9287414550781,70.49698638916016,143.1634521484375,634.870361328125
2026-01-15,257.73114013671875,454.6354064941406,238.17999267578125,332.347412109375,217.16001892089844,127.41020965576172,306.30548095703125,69.5496597290039,141.48089599609375,643.2491455078125
2026-01-16,255.05613708496094,457.8211975097656,239.1199951171875,329.5710144042969,216.25999450683594,128.1600799560547,309.48480224609375,69.51018524169922,141.38307189941406,642.9609375
2026-01-20,246.2425079345703,452.5048522949219,231.0,321.5814208984375,215.81494140625,128.72250366210938,299.8477478027344,70.80289459228516,143.79928588867188,626.6422729492188
2026-01-21,247.1907501220703,442.1409912109375,231.30999755859375,327.953125,215.6171417236328,131.83055114746094,299.15447998046875,71.05946350097656,142.8797607421875,642.9609375
2026-01-22,247.8894500732422,449.1398620605469,234.33999633789062,330.11029052734375,216.0918731689453,131.8601531982422,300.729248046875,70.92131042480469,146.6654815673828,645.9795532226562
2026-01-23,247.58001708984375,463.8841857910156,239.16000366210938,327.5036926269531,217.7237548828125,133.17242431640625,294.875732421875,71.91797637939453,147.92355346679688,624.271240234375
2026-01-26,254.9363555908203,468.1949768066406,238.4199981689453,332.8267822265625,219.05894470214844,133.0441436767578,298.1640319824219,71.60220336914062,147.2733612060547,633.536376953125
2026-01-27,257.791015625,478.4493408203125,244.67999267578125,334.1150817871094,221.9765625,135.00765991210938,297.44097900390625,72.57913208007812,146.14039611816406,636.51513671875
2026-01-28,255.96446228027344,479.4946594238281,243.00999450683594,335.57318115234375,225.22056579589844,135.74766540527344,297.89654541015625,72.09559631347656,145.1552276611328,640.8687744140625
2026-01-29,257.801025390625,431.57806396484375,241.72999572753906,337.810302734375,224.79527282714844,138.63864135742188,303.49261474609375,72.4607162475586,147.67726135253906,662.7464599609375
2026-01-30,258.9988098144531,428.3822937011719,239.3000030517578,337.56060791015625,224.75570678710938,139.51678466796875,302.9676818847656,73.82250213623047,149.51954650878906,654.8959350585938
2026-02-02,269.5093078613281,421.49298095703125,242.9600067138672,343.2431945800781,228.21731567382812,136.55674743652344,305.1961669921875,74.33563995361328,150.91848754882812,688.3201904296875
2026-02-03,268.98028564453125,409.3868713378906,238.6199951171875,339.26837158203125,230.54151916503906,141.81576538085938,311.8420715332031,75.87504577636719,153.01690673828125,700.25537109375
2026-02-04,275.97723388671875,412.35369873046875,232.99000549316406,332.6070861816406,231.89646911621094,145.6243438720703,314.23895263671875,76.32897186279297,154.54391479492188,689.2268676757812
2026-02-05,275.3983459472656,391.9246520996094,222.69000244140625,330.81939697265625,235.18002319335938,144.13446044921875,307.1968688964844,77.47366333007812,156.25811767578125,675.7674560546875
2026-02-06,277.6042175292969,399.3615417480469,210.32000732421875,322.4402770996094,237.3558807373047,147.06491088867188,319.3199462890625,77.98680114746094,156.80979919433594,723.4779663085938
2026-02-09,274.3672180175781,411.76629638671875,208.72000122070312,323.8984069824219,236.02069091796875,149.19615173339844,319.0228271484375,76.94078826904297,154.99710083007812,739.3382568359375
2026-02-10,273.4280700683594,411.437744140625,206.9600067138672,318.16583251953125,235.73390197753906,149.57107543945312,315.2392883300781,75.79609680175781,156.7211456298828,739.5873413085938
2026-02-11,275.24639892578125,402.5771789550781,204.0800018310547,310.55572509765625,238.21633911132812,153.4882049560547,307.8505554199219,77.56246948242188,157.62750244140625,772.0950317382812
2026-02-12,261.4891052246094,400.05841064453125,199.60000610351562,308.59832763671875,241.86582946777344,148.91920471191406,299.7487487792969,77.95719146728516,158.81956481933594,755.4476318359375
2026-02-13,255.5445556640625,399.5407409667969,198.7899932861328,305.32257080078125,240.7779083251953,147.44918823242188,299.6595764160156,77.64141845703125,157.6964874267578,771.2980346679688
2026-02-17,263.6371154785156,395.1004943847656,201.14999389648438,301.6273498535156,240.6592254638672,145.20443725585938,304.1958312988281,78.50979614257812,157.18417358398438,761.8934326171875
2026-02-18,264.106689453125,397.8283386230469,204.7899932861328,302.9356689453125,242.30101013183594,149.66415405273438,305.8300476074219,78.44071960449219,154.53407287597656,749.1513061523438
2026-02-19,260.3401184082031,397.5988464355469,204.86000061035156,302.456298828125,244.19993591308594,149.95220947265625,305.10699462890625,77.86837768554688,156.20884704589844,757.6792602539062
2026-02-20,264.3364562988281,396.37152099609375,210.11000061035156,314.570556640625,239.8284454345703,146.28707885742188,307.82086181640625,78.78610229492188,158.39593505859375,756.8922119140625
2026-02-23,265.9349670410156,383.6390686035156,205.27000427246094,311.0850524902344,243.1416778564453,149.74362182617188,294.8262023925781,79.49659729003906,162.72085571289062,753.6344604492188
2026-02-24,271.8895263671875,388.1593017578125,208.55999755859375,310.495849609375,244.87173461914062,148.25372314453125,294.459716796875,79.65449523925781,162.8292236328125,765.3504028320312
2026-02-25,273.97760009765625,399.7342224121094,210.63999938964844,312.4932556152344,243.76808166503906,148.05508422851562,300.40240478515625,79.40779113769531,160.9672393798828,763.7364501953125
2026-02-26,272.6987609863281,400.851806640625,207.9199981689453,306.98040771484375,242.0778045654297,147.53857421875,303.20538330078125,79.43739318847656,161.3218994140625,750.1077880859375
2026-02-27,263.93682861328125,391.8912048339844,210.0,311.354736328125,247.00942993164062,151.47189331054688,297.4310607910156,80.48339080810547,164.72073364257812,740.0455932617188
2026-03-02,264.476318359375,397.6886291503906,208.38999938964844,306.12152099609375,247.13868713378906,153.1802978515625,294.7172546386719,79.16108703613281,161.08546447753906,749.5000610351562
2026-03-03,263.5072326660156,403.0570068359375,208.72999572753906,303.1853332519531,245.3390350341797,150.80641174316406,297.3914489746094,78.2927017211914,157.35165405273438,719.4730224609375
2026-03-04,262.2783508300781,404.32427978515625,216.82000732421875,302.7359619140625,243.8973388671875,148.80996704101562,296.52978515625,77.06907653808594,155.95272827148438,729.226318359375
2026-03-05,260.0504150390625,409.79241943359375,218.94000244140625,300.4888916015625,238.259765625,149.74362182617188,290.74554443359375,76.01319122314453,151.70663452148438,703.433349609375
2026-03-06,257.2229919433594,408.0761413574219,213.2100067138672,298.1319274902344,239.0253448486328,150.1905975341797,286.7144470214844,76.02306365966797,151.3519744873047,678.3477783203125
2026-03-09,259.6407775878906,408.5251770019531,213.49000549316406,306.1770935058594,241.20281982421875,149.42578125,287.1502685546875,76.77303314208984,152.9183807373047,702.1781005859375
2026-03-10,260.58990478515625,404.8830871582031,214.3300018310547,306.8567199707031,242.31643676757812,147.13136291503906,285.97161865234375,76.85197448730469,153.69667053222656,713.9935913085938
2026-03-11,260.5699157714844,404.0049743652344,212.64999389648438,308.5157470703125,241.6005401611328,150.55809020996094,284.77313232421875,76.60527801513672,151.04656982421875,704.937744140625
2026-03-12,255.52456665039062,400.9914855957031,209.52999877929688,303.3687744140625,240.6559600830078,152.4949493408203,280.1874084472656,76.58554077148438,148.26837158203125,698.0635986328125
2026-03-13,249.8897705078125,394.69512939453125,207.6699981689453,302.09954833984375,240.13894653320312,155.06747436523438,280.7321472167969,76.8438720703125,148.41615295410156,691.388671875
2026-03-16,252.58729553222656,399.08563232421875,211.74000549316406,305.3775939941406,241.7993927001953,156.1699981689453,283.4261474609375,77.32079315185547,149.86434936523438,697.156982421875
2026-03-17,253.99598693847656,398.5467834472656,215.1999969482422,310.7344055175781,236.74844360351562,157.73934936523438,284.1492004394531,77.08233642578125,149.2338409423828,699.36865234375
2026-03-18,249.70994567871094,390.9432678222656,209.8699951171875,307.5063171386719,235.92318725585938,156.52757263183594,284.9910583496094,75.48265838623047,144.53457641601562,691.0200805664062
2026-03-19,248.73085021972656,388.1792297363281,208.75999450683594,306.9466552734375,236.24136352539062,157.09373474121094,285.2188415527344,75.06536102294922,142.69229125976562,686.0687255859375
2026-03-20,247.76173400878906,381.0447082519531,205.3699951171875,300.8203125,234.02410888671875,158.5935516357422,283.8223571777344,74.2704849243164,142.14060974121094,678.327880859375
2026-03-23,251.25851440429688,382.1722717285156,210.13999938964844,301.87969970703125,234.07382202148438,160.04371643066406,287.14031982421875,74.62818145751953,141.85491943359375,699.06982421875
2026-03-24,251.4083709716797,371.9344177246094,207.24000549316406,290.2666320800781,233.9246826171875,164.2650604248047,289.6065368652344,74.19100189208984,141.03721618652344,713.94384765625
2026-03-25,252.38746643066406,370.2381286621094,211.7100067138672,290.7563171386719,238.5580291748047,162.1593475341797,292.59771728515625,74.76728057861328,141.78594970703125,716.3447875976562
2026-03-26,252.6572265625,365.1790771484375,207.5399932861328,280.7523193359375,237.8719940185547,164.31471252441406,288.8736267089844,74.21087646484375,140.30819702148438,700.55419921875
2026-03-27,248.57098388671875,355.9989318847656,199.33999633789062,274.1762390136719,239.07505798339844,169.8372344970703,280.13787841796875,75.22432708740234,140.59390258789062,692.7933959960938
2026-03-30,246.40298461914062,358.1842041015625,200.9499969482422,273.33673095703125,241.10340881347656,170.31399536132812,281.0589904785156,75.78073120117188,142.57408142089844,664.9282836914062
2026-03-31,253.55638122558594,369.3699951171875,208.27000427246094,287.3883361816406,243.04225158691406,168.51620483398438,291.3497314453125,75.56214904785156,142.29823303222656,705.804443359375
2026-04-01,255.3946990966797,368.57171630859375,210.57000732421875,297.2124938964844,242.7240753173828,159.69607543945312,292.5580749511719,75.59195709228516,141.95343017578125,727.58251953125
2026-04-02,255.68443298339844,372.6528625488281,209.77000427246094,295.59344482421875,241.65025329589844,159.60667419433594,291.7855224609375,76.22785186767578,140.997802734375,714.5315551757812
2026-04-06,258.6217041015625,372.0741271972656,212.7899932861328,299.8109130859375,239.5920867919922,162.2686004638672,294.125,76.72463989257812,140.6529998779297,718.5364990234375
2026-04-07,253.26666259765625,371.48541259765625,213.77000427246094,305.27764892578125,237.04673767089844,162.8049774169922,296.0662536621094,75.42304992675781,139.2047882080078,721.7245483398438
2026-04-08,258.66168212890625,373.52099609375,221.25,317.1305847167969,239.9202117919922,155.16680908203125,306.5888366699219,76.79419708251953,142.75140380859375,768.6878662109375
2026-04-09,260.2502136230469,372.26373291015625,233.64999389648438,318.29986572265625,239.93014526367188,153.99476623535156,308.938232421875,77.67848205566406,144.48532104492188,784.1198120117188
2026-04-10,260.240234375,370.0684814453125,238.3800048828125,317.0506286621094,237.09645080566406,151.4818115234375,308.4803161621094,76.97303771972656,143.007568359375,787.6962890625
2026-04-13,258.96142578125,383.539306640625,239.88999938964844,321.1181945800781,236.59930419921875,151.61094665527344,312.2732238769531,75.91984558105469,141.4509735107422,788.7623291015625
2026-04-14,258.59173583984375,392.2604064941406,249.02000427246094,332.7112731933594,238.72706604003906,148.23387145996094,309.7247009277344,75.4131088256836,142.2391357421875,791.2728881835938
2026-04-15,266.18475341796875,410.3312683105469,248.5,336.91876220703125,237.30523681640625,148.0054168701172,304.5579833984375,74.82688903808594,141.2539520263672,767.2831420898438
2026-04-16,263.15753173828125,419.35174560546875,249.6999969482422,335.81939697265625,233.1988525390625,150.9553985595703,308.5599670410156,74.6977310180664,140.9879608154297,769.7637329101562
2026-04-17,269.98126220703125,421.87628173828125,250.55999755859375,341.4760437011719,232.84091186523438,145.45274353027344,308.8984375,75.25413513183594,144.75131225585938,791.67138671875
2026-04-20,272.79864501953125,417.1664733886719,248.27999877929688,337.2185974121094,229.37088012695312,146.6843719482422,315.5683898925781,74.99580383300781,142.34750366210938,796.921630859375
2026-04-21,265.9250183105469,423.2433166503906,249.91000366210938,332.0916442871094,224.8667755126953,147.35980224609375,311.5962829589844,74.2208023071289,140.20968627929688,798.9678344726562
2026-04-22,272.9185791015625,431.984375,255.36000061035156,339.1174621582031,224.80712890625,148.4921112060547,311.6161804199219,74.15125274658203,140.7318115234375,807.3722534179688
2026-04-23,273.1783142089844,414.8514709472656,255.0800018310547,338.6877136230469,229.3311004638672,149.51516723632812,310.29217529296875,75.7906723022461,143.54940795898438,833.6934204101562
2026-04-24,270.81048583984375,423.7023010253906,263.989990234375,344.19439697265625,226.19911193847656,147.90609741210938,306.8974609375,76.138427734375,147.08203125,829.2516479492188
2026-04-27,267.3636474609375,423.9018859863281,261.1199951171875,350.130859375,224.0514678955078,147.19094848632812,310.232421875,74.95606231689453,147.30039978027344,827.2553100585938
2026-04-28,270.4608154296875,428.3222961425781,259.70001220703125,349.5711975097656,226.48745727539062,149.5449676513672,310.0532531738281,77.8473892211914,148.064697265625,816.3555908203125
2026-04-29,269.92132568359375,423.5426330566406,263.0400085449219,349.7311096191406,226.0499725341797,153.62725830078125,307.86309814453125,78.36405944824219,145.37478637695312,808.550048828125
2026-04-30,271.1002502441406,406.8987121582031,265.05999755859375,384.5702819824219,228.5356903076172,153.28955078125,311.82525634765625,78.25476837158203,146.00010681152344,888.4617919921875
2026-05-01,279.88214111328125,413.5443115234375,268.260009765625,385.45977783203125,225.89088439941406,151.72019958496094,311.06866455078125,78.07592010498047,146.16883850097656,888.0225830078125
2026-05-04,276.5751647949219,412.72607421875,272.04998779296875,383.0212097167969,222.91798400878906,152.65386962890625,306.270263671875,77.68842315673828,142.3572998046875,873.1602172851562
2026-05-05,283.9184265136719,410.4909362792969,273.54998779296875,388.1981201171875,224.26026916503906,153.83584594726562,308.0124206542969,77.9765625,143.82632446289062,902.9150390625
2026-05-06,287.245361328125,413.0653381347656,274.989990234375,397.8023986816406,223.33558654785156,147.6875762939453,313.4877624511719,78.72174835205078,146.80410766601562,925.213623046875
2026-05-07,287.1754150390625,419.8606262207031,271.1700134277344,397.7524108886719,221.23764038085938,145.591796875,304.8964538574219,77.9268798828125,144.9777374267578,894.031494140625
2026-05-08,293.0500183105469,414.22283935546875,272.67999267578125,400.56072998046875,220.05445861816406,143.59535217285156,300.74517822265625,77.91693878173828,145.33506774902344,895.7882080078125
2026-05-11,292.67999267578125,411.7681579589844,268.989990234375,388.40802001953125,220.163818359375,148.6708984375,298.6545715332031,78.15541076660156,142.29774475097656,925.0738525390625
2026-05-12,294.79998779296875,406.8887023925781,265.82000732421875,387.1187744140625,222.97763061523438,149.614501953125,303.5126953125,79.51661682128906,142.8436737060547,910.4510498046875
2026-05-13,298.8699951171875,404.3342590332031,270.1300048828125,402.3796691894531,229.1024169921875,150.5481719970703,298.9034729003906,79.7451400756836,141.18605041503906,900.6292114257812
2026-05-14,298.2099914550781,408.5451354980469,267.2200012207031,400.8305969238281,229.48025512695312,151.75,298.56500244140625,79.93392181396484,141.65257263183594,918.5159912109375
2026-05-15,300.2300109863281,421.0081481933594,264.1400146484375,396.54315185546875,225.41363525390625,157.9199981689453,296.4743957519531,80.30155181884766,140.52101135253906,886.6651611328125
2026-05-18,297.8399963378906,422.6246643066406,264.8599853515625,396.70306396484375,227.61099243164062,160.49000549316406,299.3813171386719,80.67910766601562,141.33493041992188,862.3502807617188
2026-05-19,298.9700012207031,416.51788330078125,259.3399963378906,387.4285888671875,228.684814453125,162.5500030517578,294.3738708496094,81.39449310302734,140.2530059814453,858.5573120117188
2026-05-20,302.25,420.1499938964844,265.010009765625,388.6778564453125,228.0087127685547,156.27999877929688,300.625732421875,81.02687072753906,141.3845672607422,870.9442749023438
2026-05-21,304.989990234375,419.0899963378906,268.4599914550781,387.4285888671875,230.40492248535156,155.2899932861328,301.6411437988281,80.64929962158203,142.3374481201172,864.3465576171875
2026-05-22,308.82000732421875,418.57000732421875,266.32000732421875,382.74139404296875,233.0,154.9199981689453,305.0059814453125,80.95732116699219,143.3697509765625,878.2607421875
2026-05-26,308.3299865722656,416.0299987792969,265.2900085449219,388.6478576660156,230.17999267578125,149.80999755859375,305.3643493652344,79.94385528564453,141.9007110595703,906.86767578125
2026-05-27,310.8500061035156,412.6700134277344,271.8500061035156,388.5978698730469,231.2899932861328,147.89999389648438,297.93780517578125,81.09642028808594,146.39715576171875,908.2451171875
2026-05-28,312.510009765625,426.989990234375,274.0,389.8971252441406,230.8000030517578,146.9600067138672,295.3992614746094,79.89418029785156,144.828857421875,886.0263061523438
2026-05-29,312.05999755859375,450.239990234375,270.6400146484375,380.1129455566406,225.3300018310547,145.25999450683594,297.9676818847656,78.50315856933594,142.4962615966797,874.2481689453125
2026-06-01,306.30999755859375,460.5199890136719,261.260009765625,376.14532470703125,223.50999450683594,149.3800048828125,295.2499084472656,78.13553619384766,139.24057006835938,863.7576293945312
2026-06-02,315.20001220703125,441.30999755859375,256.5199890136719,361.6340026855469,222.88999938964844,149.55999755859375,299.6102600097656,77.90701293945312,139.77658081054688,908.1253051757812
2026-06-03,310.260009765625,427.3399963378906,250.02000427246094,358.77569580078125,223.24000549316406,152.52999877929688,299.50079345703125,78.25476837158203,139.1512451171875,924.4650268554688
2026-06-04,311.2300109863281,428.04998779296875,253.7899932861328,371.96783447265625,228.1699981689453,152.0399932861328,309.4957580566406,76.32720947265625,139.7368621826172,938.738525390625
2026-06-05,307.3399963378906,416.6700134277344,246.02999877929688,368.30999755859375,232.77000427246094,149.9199981689453,310.9691162109375,78.97014617919922,145.4541778564453,902.6055908203125
2026-06-08,301.5400085449219,411.739990234375,245.22000122070312,363.30999755859375,232.16000366210938,151.75,309.7147521972656,79.0297622680664,144.0248565673828,913.9445190429688
2026-06-09,290.54998779296875,403.4100036621094,244.19000244140625,364.260009765625,237.0,148.91000366210938,311.2976379394531,80.81820678710938,147.5684051513672,913.0062866210938
2026-06-10,291.5799865722656,397.3599853515625,238.0,356.3800048828125,238.49000549316406,150.6199951171875,307.75360107421875,83.05377197265625,147.94558715820312,854.5746459960938
2026-06-11,295.6300048828125,390.3399963378906,241.50999450683594,357.7699890136719,238.3300018310547,146.60000610351562,312.0840759277344,82.00057983398438,147.2408447265625,895.9678955078125
2026-06-12,291.1300048828125,390.739990234375,238.5500030517578,359.67999267578125,240.8699951171875,147.00999450683594,319.28167724609375,82.09000396728516,148.50143432617188,908.8839111328125
2026-06-15,296.4200134277344,399.760009765625,246.02000427246094,369.3500061035156,235.66000366210938,140.9199981689453,317.96759033203125,80.91000366210938,149.3451385498047,932.20068359375
2026-06-16,299.239990234375,393.8299865722656,246.0,373.25,235.17999267578125,141.86000061035156,329.6549377441406,80.27999877929688,151.360107421875,943.7093505859375
2026-06-17,295.95001220703125,378.9100036621094,237.5,363.7900085449219,234.1999969482422,140.74000549316406,331.9645080566406,79.93000030517578,149.44439697265625,954.14990234375
2026-06-18,298.010009765625,379.3999938964844,244.38999938964844,368.0299987792969,228.38999938964844,137.80999755859375,323.761474609375,79.38999938964844,149.26573181152344,983.9945678710938
2026-06-22,297.010009765625,367.3399963378906,232.7899932861328,349.67999267578125,231.2899932861328,138.47000122070312,329.993408203125,79.52999877929688,146.58572387695312,1020.3870849609375
2026-06-23,294.29998779296875,373.94000244140625,234.11000061035156,346.1300048828125,239.0800018310547,139.72999572753906,332.6414794921875,80.30999755859375,149.74217224121094,982.41748046875
2026-06-24,293.0799865722656,365.4599914550781,234.27000427246094,345.2900085449219,241.0,136.89999389648438,331.95458984375,80.5999984741211,150.91342163085938,992.6085815429688
2026-06-25,275.1499938964844,352.8299865722656,227.00999450683594,343.7099914550781,244.8800048828125,137.5500030517578,333.6170654296875,80.41999816894531,147.399658203125,1055.052734375
2026-06-26,283.7799987792969,372.9700012207031,232.69000244140625,337.3900146484375,254.66000366210938,136.5399932861328,327.57427978515625,82.62999725341797,147.9158172607422,995.6229858398438
2026-06-29,281.739990234375,368.57000732421875,240.13999938964844,353.6499938964844,258.510009765625,136.05999755859375,327.91278076171875,82.6500015258789,147.3500213623047,1031.27685546875
2026-06-30,289.3599853515625,373.0199890136719,238.33999633789062,357.3699951171875,253.97000122070312,136.72000122070312,325.86199951171875,81.2699966430664,145.55343627929688,1062.92822265625
2026-07-01,294.3800048828125,384.2799987792969,241.6999969482422,361.2099914550781,253.97999572753906,136.27999877929688,332.5718078613281,81.29000091552734,146.33758544921875,989.57421875
2026-07-02,308.6300048828125,390.489990234375,242.6699981689453,359.9100036621094,263.0400085449219,137.08999633789062,332.9700012207031,84.13999938964844,150.28810119628906,961.7459106445312
2026-07-06,312.6600036621094,386.739990234375,244.16000366210938,366.4599914550781,259.3299865722656,136.44000244140625,337.7200012207031,82.95999908447266,148.2036590576172,968.1240234375
2026-07-07,310.6600036621094,388.8399963378906,245.97999572753906,367.0299987792969,267.239990234375,141.69000244140625,339.2200012207031,84.05000305175781,151.6181640625,938.3792114257812
2026-07-08,313.3900146484375,383.3399963378906,243.6199951171875,361.9200134277344,263.3999938964844,141.1300048828125,330.6199951171875,83.4000015258789,147.30039978027344,946.324462890625
2026-07-09,316.2200012207031,384.3599853515625,247.0399932861328,358.8900146484375,259.1000061035156,137.4600067138672,335.4700012207031,82.62999725341797,145.7618865966797,936.6524047851562
2026-07-10,315.32000732421875,385.1000061035156,245.33999633789062,357.17999267578125,256.9800109863281,138.8800048828125,336.4700012207031,83.48999786376953,145.95046997070312,950.6464233398438
2026-07-13,317.30999755859375,390.989990234375,247.30999755859375,352.510009765625,257.7699890136719,144.50999450683594,334.5299987792969,84.25,147.27061462402344,929.7451782226562
2026-07-14,314.8599853515625,384.92999267578125,247.49000549316406,359.510009765625,253.85000610351562,145.08999633789062,342.8900146484375,83.08000183105469,144.99758911132812,931.6117553710938
2026-07-15,327.5,395.6300048828125,254.9600067138672,370.9200134277344,247.02000427246094,144.50999450683594,346.9100036621094,82.44999694824219,146.9530029296875,912.6069946289062
2026-07-16,333.260009765625,401.1000061035156,249.88999938964844,354.4599914550781,249.97000122070312,145.9499969482422,343.1499938964844,84.91999816894531,150.37742614746094,875.5457763671875
2026-07-17,333.739990234375,393.82000732421875,247.22999572753906,346.7699890136719,253.0399932861328,147.36000061035156,341.1000061035156,81.55999755859375,148.86868286132812,878.6500244140625
2026-07-20,326.5899963378906,402.2900085449219,249.99000549316406,351.989990234375,248.82000732421875,148.36000061035156,338.8699951171875,82.12000274658203,148.02499389648438,864.2999877929688
2026-07-21,327.739990234375,397.75,247.5500030517578,347.1499938964844,250.61000061035156,151.7100067138672,345.2300109863281,81.97000122070312,147.00262451171875,889.969970703125
2026-07-22,325.8900146484375,390.3399963378906,244.85000610351562,342.0899963378906,255.6300048828125,154.4499969482422,348.2099914550781,82.19999694824219,148.02499389648438,889.3099975585938
2026-07-23,321.6600036621094,381.5799865722656,233.66000366210938,317.69000244140625,259.2699890136719,156.88999938964844,349.8999938964844,81.16999816894531,145.88099670410156,894.5399780273438
2026-07-24,333.0199890136719,381.70001220703125,232.11000061035156,319.739990234375,263.3999938964844,156.94000244140625,353.2099914550781,82.25,147.41000366210938,888.72998046875
2026-07-27,336.9100036621094,389.1000061035156,231.38999938964844,326.55999755859375,265.95001220703125,154.77000427246094,356.20001220703125,84.06999969482422,148.6300048828125,873.280029296875
2026-07-28,340.0799865722656,393.3500061035156,230.86000061035156,333.7099914550781,266.7300109863281,153.0399932861328,357.30999755859375,88.2699966430664,148.8800048828125,840.8499755859375
2026-07-29,338.19000244140625,390.5400085449219,226.64999389648438,336.7099914550781,265.5299987792969,156.75,344.7099914550781,89.08000183105469,146.10000610351562,782.7100219726562
2026-07-30,333.42999267578125,451.1000061035156,235.5,333.6600036621094,255.82000732421875,156.97000122070312,350.8500061035156,88.48999786376953,143.9600067138672,809.1400146484375
2026-07-31,308.9100036621094,464.7200012207031,271.5799865722656,356.1300048828125,256.3500061035156,155.44000244140625,351.7900085449219,87.58999633789062,144.49000549316406,814.8099975585938
2026-08-03,303.4200134277344,487.6499938964844,284.0199890136719,373.510009765625,254.41000366210938,155.05999755859375,352.6400146484375,86.86000061035156,144.97000122070312,830.030029296875
2026-08-04,309.3800048828125,492.80999755859375,277.4200134277344,377.6499938964844,254.92999267578125,153.9600067138672,357.5199890136719,86.55999755859375,148.00999450683594,876.5399780273438
