Date,AAPL,MSFT,AMZN,GOOGL,JNJ,XOM,JPM,KO,PG,CAT
2019-01-03,-0.09960734359512347,-0.036788258238279026,-0.025241497784936007,-0.027695659154600705,-0.0158902200815918,-0.015353878805921872,-0.014211852498216215,-0.006179464563544235,-0.007011010861517453,-0.03853459078065524
2019-01-04,0.042689173346938114,0.04650924011690316,0.05006399867375011,0.051293625721061,0.016783041486880812,0.03686968964818149,0.03686513756853382,0.019940207952317657,0.020410435931769166,0.0546454139837651
2019-01-07,-0.0022257784070323083,0.001275614950866144,0.03435341415874271,-0.0019943192637189577,-0.006414567552773809,0.0052002446271148806,0.000695648689620576,-0.013033781243795617,-0.00400047680335569,0.0006243989253196247
2019-01-08,0.019062994241475506,0.007250466721660187,0.01661235994563981,0.008783225487986712,0.02322641510828971,0.007270760109747698,-0.001885751191698315,0.011288829091342878,0.0036907616232759732,0.012009807852837229
2019-01-09,0.016981845631879322,0.014299270189304769,0.0017143547179709895,-0.003427527945465303,-0.007925540885559523,0.005274798108384049,-0.0016903997127165615,-0.019165765647144783,-0.016331283668927776,0.0038530169872750264
2019-01-10,0.003196025334132102,-0.00642542621273845,-0.0019284287379283116,-0.0026070973933793873,0.006049928516537406,-0.005108754501795265,-9.981157658012219e-05,0.010736493474326148,0.0024186505559804505,0.020649165387520485
2019-01-11,-0.00981782487479188,-0.007721873719500505,-0.009455231305329326,-0.013310710868229547,0.000308336904293105,-0.004580390182706617,-0.00478110755022032,0.005736051394173103,0.006581313921872001,-0.006467915425589554
2019-01-14,-0.015037343150743343,-0.007295716744215697,-0.014232985793521946,-0.0121751250633515,-0.011329607314776946,-0.0012546876327103051,0.010309419048233348,-0.004013511713882201,-0.00675623297142347,-0.002271007069244102
2019-01-15,0.02046707531075964,0.029005275437552935,0.035462313843586335,0.03328547521472114,0.008419073052070347,0.0005582232449092839,0.007331183213148629,0.00890778873799114,0.00943517079436651,-0.008421879381518949
2019-01-16,0.01221657976099988,0.0035236652295740356,0.005505997778829874,0.002761064198798291,-0.010204101632611207,-0.0004186205716495417,0.008064247986234285,-0.01366407420807736,-0.006955788863491796,0.007422085753141294
2019-01-17,0.005937442214768884,0.0070222743277308375,0.005606434395265758,0.008820544165985211,0.008200603565595932,0.0068398596252967625,0.0040974524906898235,0.002983715804671494,-0.00014338803819691215,0.02187467907565077
2019-01-18,0.006159870693777103,0.01498299856319818,0.0017598946424279838,0.007442350408756848,0.012394532627878707,0.01192231626364082,0.016226285793517592,0.011687154154888635,0.008605331477209432,0.021843105812308083
2019-01-22,-0.022446070868796242,-0.018847086234324184,-0.03774908655967102,-0.025891840408040045,-0.014461630566899641,-0.015069957365919984,-0.01577592864725874,0.0023106097528555747,-0.01071956044911071,-0.031918215102688996
2019-01-23,0.004044268600599477,0.009746622988386688,0.004809570602366753,0.005358739397856027,0.0,-0.008207105209900645,-0.0025257153184330416,0.011525812922244194,0.04865090368956304,-0.0031757522363640156
2019-01-24,-0.00792653749601635,-0.0047795666560004335,0.009091336230296898,-0.00037810572650953667,-0.013742292070076045,0.001402618150478041,0.0005844801687406864,-0.012015932649357186,-0.005693594990563766,0.006903358175680774
2019-01-25,0.03313713747355673,0.0091338974000017,0.009450615167288179,0.016153074646789722,0.009446591400769089,0.0044817465594473305,0.0063265335619346885,-0.006709993896898303,-0.007423218899185513,0.03111544599631566
2019-01-28,-0.00925443447596841,-0.019501787921189728,-0.019562216712664893,-0.019654717055228255,0.0059268233722125085,-0.006692737141634653,0.004739211057081194,-0.00422208894269549,-0.0008544616082513112,-0.09126088664258047
2019-01-29,-0.010364890687912576,-0.02036568169494024,-0.02686994204251958,-0.009075280378065154,0.010388290333986916,0.0037901758983343026,0.0027916348590872886,0.0048761365175933324,0.00021337824286771223,0.017367639626746367
2019-01-30,0.06833429548418302,0.033417831701846534,0.04802744720961405,0.026101304561711336,0.010051564850476646,0.010907587839025457,0.0023040321953062826,0.009704242365640381,0.010477007028819374,0.028293407759794276
2019-01-31,0.00720172146254261,-0.01833058149664757,0.02891472167185971,0.025410157094774677,0.010938671902475106,0.013694737121143552,-0.008715499619262657,0.0056419714674895705,0.020630412597500536,0.023441878049077047
2019-02-01,0.00048028169313396596,-0.015800051010916638,-0.05381880772938674,-0.006457194059898308,0.00841622164768041,0.036026030698342204,0.0036712970102381615,0.011842699120575784,0.010366225216743574,-0.016897056403726296
2019-02-04,0.028404988592509728,0.0287994238154885,0.004353581897566405,0.02038228849603274,-0.009835873775238868,-0.014488916665127305,0.0035620293425988603,0.01129348167644384,0.005744980748172646,-0.00022900342649945227
2019-02-05,0.017109538468413676,0.01399642374549348,0.015612487224473615,0.009155304833139422,0.0,0.010291473832544584,-0.004412723931831342,0.0002029633229214678,-0.0060184492772102915,0.008557144825910079
2019-02-06,0.0003442970561768899,-0.01109874369511954,-0.011182689786027766,-0.02515914869356295,0.0009028020998433917,-0.0043654593430262345,-0.00048140793554640737,0.0,0.004926247089624081,-0.011060255005409525
2019-02-07,-0.01893923246151874,-0.007167631772409311,-0.015784110453143985,-0.01512161838325099,-0.007142825370293315,-0.0077064608822358105,-0.013109785246265604,0.0032481167414462053,-0.007965933069066455,-0.013482450883198882
2019-02-08,0.0011752095955039898,0.0037996478580104576,-0.016198209157239574,-0.0031919585639763604,0.0026503346110560155,0.001624121897949582,-0.009963087916875613,0.0016189943376427873,0.005867783426693141,-0.0013977812680335822
2019-02-11,-0.005751062905738236,-0.003974776473564701,0.0017503863887402549,-0.0002358589535529365,-0.003020937187727557,0.0016225618099874328,-0.0047355369174699735,0.002222192090220343,0.005731533817600054,0.002566013227691233
2019-02-12,0.008617060850728553,0.01558225181075179,0.029547382710171766,0.02310084385212363,0.016363543751530374,0.01754370547933859,0.01704980099801401,0.0010076456210756923,0.010073968085046348,0.029007900726670588
2019-02-13,-0.004154620571540701,-0.0007483202639089193,0.001214920135908626,0.0009311570430039495,0.0021618721927982865,0.011273006872634106,0.004775885125339441,0.002617801299845013,-0.0002015975723408392,0.003241271715439087
2019-02-14,0.0036432746029453345,0.0008425866028420881,-0.010579272014338836,0.0005050754077038366,-0.0010413773224338119,0.00026209846515135027,-0.006499017419736575,-0.08435435538663938,-0.00785932913306453,-0.003606370197041686
2019-02-15,-0.002224763124494822,0.012347967143802041,-0.009059262479477748,-0.008475066703302336,0.015412160543204934,0.01888044354736551,0.030560397047529886,-0.007677058766557776,0.00020304785717883966,0.02699402426352826
2019-02-19,0.002992692056045465,-0.00046212249243104964,0.012208075244112715,0.006144891572929412,-0.0050593185946087305,0.006691707374564482,-0.0035052285994799925,-0.0090628098716381,0.015332911184596343,-0.0029363090367079403
2019-02-20,0.006435160482837876,-0.005198972259906842,-0.0033668938325457365,-0.005255194623197901,0.004863863249046307,0.003834813190317199,0.004848752090312436,0.006022983800290982,-0.007100860697788369,0.033210614823919515
2019-02-21,-0.005638558280084749,0.02109173577251444,-0.0016398893947140447,-0.014617306860000734,-0.006820636442136707,-0.009041262782248372,-0.002081440846608773,0.016851194413791015,0.005036598038346218,-0.010191977996042212
2019-02-22,0.011165588122907133,0.014258287150941129,0.0074841032295558385,0.011184525855903571,0.008713343320247535,0.007710103640637067,-0.004456339587138203,-0.01264697190134445,0.0047104449011736715,-0.001440334589091652
2019-02-25,0.007284710105411429,0.005587082412056077,0.0008825736547322105,0.0006896982451263245,0.003684728826987893,0.0010202608838065785,0.010475949983629551,-0.007508963746062358,-0.0067832169314373525,0.0196859497216888
2019-02-26,0.000573817247338404,0.006900230702003407,0.00208203509820426,0.004188380976511308,-0.0006607477675705242,0.0020384420249512925,-0.0076341186161478225,-0.005563170166353215,0.002611402359716797,-0.024255835905674483
2019-02-27,0.0030974789386586377,-0.0016910068731221806,0.0028660116253622636,0.0007844469450097868,-0.0017636159692642206,0.010297265142917178,-0.0012346270351299982,0.005594292165630899,-0.009215724144236659,0.01159596844737476
2019-02-28,-0.009836009144181035,-0.001248173037339484,-0.0007677325817357916,0.0032594664430762865,0.0056676580559660295,-0.005536726671576786,-0.007607773084932767,0.008900880241422104,-0.003639727842358109,-0.016048260701593597
2019-03-01,0.010511298758574261,0.004463134262024493,0.019453250691601864,0.019502006506499248,0.012514666531578955,0.01227376311645223,0.0006709164304989912,0.0008824997010223878,-0.0011163058936882742,0.0009466862874565329
2019-03-04,0.005029791907719572,-0.0023992880626341195,0.014619586796095208,0.004266441417789091,0.0009392067751812228,0.0038749078753972377,-0.0022981166211237802,0.005949560581276936,0.004368199880267598,0.006401362176778447
2019-03-05,-0.0018198451611282085,-0.00498832596741039,-0.0022050158240090045,0.013672328441250103,0.002094509027534608,-0.0014938151793140175,-0.0007679228918289205,-0.0010952658658381909,0.002225105597439825,-0.008745758954274985
2019-03-06,-0.005754044818071735,0.00044757348364399263,-0.013873495481994347,-0.003634995761058857,0.002305651643047524,-0.011348220244492224,-0.003745772258733182,-0.0032897157744444794,-0.001614521726491236,-0.016844137338723253
2019-03-07,-0.011574507463327333,-0.012169866090895542,-0.02576471998369667,-0.012095093075618957,-0.0061109654586321005,0.011099791009571813,-0.0072312123139870454,-0.003740228287045677,-0.0038411685713911625,-0.015056159353793341
2019-03-08,0.0023768483775650218,0.001086923516623095,-0.0031673752931026256,-0.000764655052488572,-0.0013020618059285116,-0.014346219508570734,0.0003885560273031441,-0.009717183541435692,-0.0014205058118120784,-0.010918622604026318
2019-03-11,0.03464195813570914,0.020993695795393785,0.030737873720530162,0.0254702566001046,0.0036216063910226026,0.009745565729400552,0.01300839794587727,0.029884198929619465,0.011888840719274762,0.013399310352991689
2019-03-12,0.011235381945267964,0.007001415505769604,0.0014844854239022265,0.015255262029236771,0.0044745517234507926,0.002757506881988725,-0.002970858840797619,-0.0028155895270991493,0.004720091705805229,-0.004733059982754195
2019-03-13,0.0044221858817115045,0.007745113894110256,0.010585118161452245,0.0015117648284104224,0.0016527287081817832,0.008874932029463656,0.003364181311931169,0.0036917041805999418,0.01129413363795262,0.007699411808103296
2019-03-14,0.011116697750485294,0.0007861450430126649,-0.002714673150861824,-0.0054458854411968405,-0.009970606040713759,-0.003345000429308742,0.009100170405090369,-0.0026188752362360512,0.0013838561980203945,0.0014232375205982528
2019-03-15,0.013008038130911448,0.011519361932740502,0.015502120161135613,-0.0018698349601176112,-0.0030430766036392276,-0.003605462865601594,0.011486718916235095,-0.008752817836808147,0.011054000210264148,-0.00762965843457819
2019-03-18,0.010208703589431822,0.014321485154777713,0.017397066258948213,-0.00147034707381688,-0.003124974364756117,0.01160349704022412,0.006006699588149811,0.002428402467683277,-0.009078502996647253,0.010778767148746482
2019-03-19,-0.007924716006814325,0.0006802940990402462,0.011307873960989534,0.011703356858903335,0.009258501723361956,-0.002590214656122858,-0.0036383153165947535,0.0033031503953890873,0.0038418322408111383,0.00037276970942001775
2019-03-20,0.008738303619896914,-0.0011050469820005349,0.02010391063581385,0.01993418790775303,-0.008306803560183651,0.005564733916950226,-0.021348285326821648,-0.000658350784862427,-0.0017665555539336797,-0.00849804882139138
2019-03-21,0.03683048039757031,0.022974956435565463,0.012235166707998735,0.007908985290115744,0.005900127539839817,0.005779631458735945,-0.015786492542534614,-0.0004393636419436353,0.007569987577260573,0.007894186609662901
2019-03-22,-0.020708464351651856,-0.026368396944742023,-0.029951683771010984,-0.02303958281910934,-0.008617110658464489,-0.016016754515549958,-0.03023242512526403,0.009228812324716174,-0.008098485253433818,-0.032000558857534056
2019-03-25,-0.012090920045175757,0.0052115856244210335,0.005377413721055602,-0.008504068092711203,-0.0021912294133182852,-0.006958164772693953,-0.008319908539142773,0.002177065511470344,0.002951119415192327,0.012406691853299012
2019-03-26,-0.01033188341407365,0.0021246481995838007,0.0053544138654035844,-0.00629716801323299,0.014347370612705745,0.013012728551433872,0.010007309642714901,0.013252087126798928,0.010396292860538114,0.003501213251209556
2019-03-27,0.008994144832454865,-0.009668469212992581,-0.01012467867973188,-0.009942363364066842,0.0009380523907713822,-0.007658182728422336,-0.003402978428642345,-0.0006429022783439597,-0.0011647206230879226,-0.004854606120349825
2019-03-28,0.001326452474378348,0.0013703988949647083,0.00437213503435796,-0.004872750234176326,0.0012978107850254439,0.004979523638948713,0.011347574268777638,-0.0006436217714649306,0.006316559324212934,0.008917963109946747
2019-03-29,0.006517524770810246,0.008637579469009227,0.004133266392968293,0.00394113562276055,0.0065523817405190865,0.0007426997960477966,0.005163283580539302,0.0060112094148472295,0.00482881845707106,0.023570380520566703
2019-04-01,0.006791456226366899,0.009157268523544593,0.018778657625842854,0.018769793786222566,-0.005794410248303072,0.011509822608990028,0.03368564956252018,-0.0029876453455940366,-0.0039406310923091326,0.035131591407309815
2019-04-02,0.014536425570728317,0.001428295867747842,-0.00011581671050930886,0.005471285014038152,-0.009137791118751015,-0.004282583813692176,0.004778812038183089,-0.003210735302330625,0.0010615708413792557,-0.0004275690491704065
2019-04-03,0.006855188687457492,0.006544203928452008,0.003704629310371743,0.0043714323730785765,-0.003921353714139264,-0.005897738061975688,0.0019970168217711137,-0.008374270366588665,-0.0005781736551206951,-0.0066341163642466006
2019-04-04,0.0017402971223801078,-0.005084602081876,-0.001010631789435723,0.007135855881558406,-0.011664496184637496,0.0142149884156062,0.00966066959011802,0.006495941091720914,-0.0025077298505118417,0.006247685534331193
2019-04-05,0.00669467225687681,0.00444035873802151,0.0101271962833136,-0.0065603355708595545,0.004499404132408458,0.005362369495125474,-0.0023686372999659477,-0.00021483393009968932,0.002127005629289691,0.0016411679982701877
2019-04-08,0.01573570177571426,0.0003335988609749485,0.00684705448924583,-0.002616785804778865,-0.0002935337829983453,0.006182650021807623,0.0032285796361855024,0.001721290802416009,0.012735213867737905,-0.0038475104842903285
2019-04-09,-0.002998266851990228,-0.005419853692511856,-0.007578913297284995,-0.004626330665684852,-0.004186945402582909,-0.012891436945672408,-0.007382869097836697,0.002577805875535022,-0.002953377611554786,-0.024817571776749703
2019-04-10,0.005613820536369607,0.007629280761388468,0.006258726672734971,0.003126266771948494,7.39028573775169e-05,-0.0045161855613879975,0.004481741125052174,-0.0006428963064167847,-9.498010714037441e-05,0.008654241216813574
2019-04-11,-0.008324247709988075,0.0011647493709063816,-0.001764730856449126,0.002602685496767121,-0.0027291120305852345,0.004781383876411693,0.008448895689581626,0.0015011243401947816,0.0009551880837725957,0.009743411166227123
2019-04-12,-0.00040217629033167945,0.005152484631367971,-0.0005476903050047888,0.010863258583047042,0.005694769856853021,-0.012568297679884766,0.046879497379713975,0.0006420403982807521,0.002959403910523184,0.016778259615786384
2019-04-15,0.0018105214552950333,0.0008267554544889588,0.0009820611162911774,0.003107636512975853,0.0039714497424321316,-0.003336776989944945,-0.011420014891432073,0.005562949139912732,0.006377161704458567,-0.006728122981429552
2019-04-16,0.00010028221246671798,-0.0023131512075137417,0.009848939749589336,0.004386362083186102,0.010987307945214964,0.006819763496459741,0.010551248505815236,-0.001064206304744797,0.006526274436611912,0.012691559518352769
2019-04-17,0.01947312605760798,0.00828028273543202,0.0009553942674214166,0.006680737295977401,0.003622587937837096,0.002832442484838049,0.028802927443919213,0.007028976763358452,0.001665567342448604,0.004998900213176061
2019-04-18,0.0035937288686471724,0.013139411228034303,-0.001678383384266291,0.001072623673379125,-0.007219024325230916,-0.003684309723086421,-0.007348870067034219,0.004230208931026436,0.00188934602973867,0.010431176241406437
2019-04-22,0.003286610720780958,0.0031612373857903275,0.01376167016316665,0.009899513161768958,0.002254228790349977,0.02181689738569048,0.0012338248373906513,-0.0016846755783301859,-0.0003770701227593376,-0.006835527320116386
2019-04-23,0.01442312320898731,0.013574735179515907,0.019318479950358514,0.013423478443656656,0.015018147720945896,0.005790238935643233,0.0012323043896274033,0.017088456049919154,-0.02688436351363921,-0.0024587752422376985
2019-04-24,-0.0015422587223110629,-0.003427779643740303,-0.01144625325368731,-0.008295380384953477,-0.005003351059619687,-0.019429221306047184,-0.0016703314326095287,-0.004771063200025294,0.005137857605151508,-0.03027477890848307
2019-04-25,-0.009074958826060464,0.033117259304492164,0.00026293177839042947,0.005785566961189259,0.003232403245873483,0.005626408981844744,0.0005283513169769272,-0.0029179054912429336,-0.003954284420057408,-0.011616917268427618
2019-04-26,-0.004774233255908644,0.005729647384164149,0.02543302552920257,0.00795352498755264,0.005299216804226736,-0.021041141241243344,0.007569634691927618,0.008779532432500403,0.024980825147103536,0.021303037986049267
2019-04-29,0.0015174461643561177,-0.0009234331570834309,-0.006254395751948416,0.014701707947615938,-0.003917729735455011,-0.0064607824604840935,0.01441422417639071,0.003315189393599871,-0.010202457217507677,-7.197249875545708e-05
2019-04-30,-0.019256098417815615,0.006395659051529945,-0.006144196629405685,-0.07501929308795596,0.009725544181250934,0.003877090549586626,-0.0006027009238539494,0.013217824318692006,0.01622475516873778,0.00287732837151089
2019-05-01,0.04908547999904589,-0.020827119824428197,-0.007786060129541195,-0.021385275593594155,0.0053112732355815595,-0.020055429150573567,-0.007669164513426363,-0.009580241986070104,-0.014556831321353658,-0.009109047392600322
2019-05-02,-0.006507780736351498,-0.013059071946579626,-0.005597598276473326,-0.005804076025812566,-0.004719679605669991,-0.017541472472119457,0.002170860823217824,-0.004115965770580043,0.006004058192547346,-0.021570869334380016
2019-05-03,0.012431448915065868,0.021313694187770738,0.03242811755501651,0.019751315942798664,0.005166830178408466,0.002329200523581987,0.0061519444510027554,0.006819608422040657,0.004926142622796448,0.02877851597213299
2019-05-06,-0.015442878767557566,-0.005818520398133464,-0.006068961956672836,0.0032870406287928144,0.000563557664187142,-0.004388990008155957,-0.008870183600691917,-0.005131228235568663,-0.003770758499880955,-0.016539688749561687
2019-05-07,-0.026957285891163973,-0.020522829155085964,-0.015149504925400237,-0.012233455490531009,-0.014920187498141169,-0.005315525365858886,-0.01633472709539663,-0.009696856072012427,-0.009273295414446658,-0.022594309082011543
2019-05-08,0.0001974491027982861,-7.946403683800618e-05,-0.0016814851400367425,-0.006854057255846424,-0.0012859686326289754,0.0015639915797702741,-0.00529995370307812,-0.0031249180030823442,0.003533856840420846,-0.012867405486501338
2019-05-09,-0.010744176204079414,-7.986023095007955e-05,-0.009333722778829934,-0.0024002070637970663,-0.007582870263442287,-0.0009108176545122859,-0.0007993482743644531,-0.00940424050485178,-0.007899691950605248,-0.005684159291395541
2019-05-10,-0.013853063208344563,0.01298803924420322,-0.005205610992477072,-0.000282451957136276,0.0023066531372781807,0.008695618593509202,-8.887837468041226e-05,0.016666125216880934,0.0169802902081162,0.0010674129469778748
2019-05-13,-0.058119531617743414,-0.029733154050354038,-0.035608819608768605,-0.026592263560601626,-0.013304366208399032,-0.011102384662987852,-0.027197717262068766,-0.002904993067170847,0.0009433337732269731,-0.04598753002491163
2019-05-14,0.015830110028160815,0.011187646777200966,0.009568262041155462,-0.010320269321816844,-0.002769844654938347,0.0013207133677293204,0.007949054916054799,0.013319605649227517,-0.004806545949130325,0.01731834117098252
2019-05-15,0.011979113790887785,0.014082095120312887,0.01686309695084609,0.040840685041654945,0.0006579581642245369,0.007386971595028768,-0.0038071647049049417,0.01006359908030019,0.010416527308787282,-0.001333660726521746
2019-05-16,-0.004399618434109742,0.023091517472144663,0.019463956305463936,0.011701311482523069,0.00949507762071966,-0.00013103961912974693,0.012829680442892455,0.008133464466598905,0.013214901922752098,-0.0054205101347256646
2019-05-17,-0.0056818291459328485,-0.006670282501485492,-0.020219492921261573,-0.013271346276198637,0.002894316445624767,-0.005893031747342681,-0.004851272307821453,-0.007664371208866316,-0.006105099145598425,-0.03040836293632465
2019-05-20,-0.03127000039742367,-0.014445032026015436,-0.005366456690265031,-0.020636774202810626,-0.0013710026248330287,-0.00013162684087109078,0.005236135670125153,-0.00711382742114719,-0.001116471632041316,-0.0026879335868460474
2019-05-21,0.019171070565510817,0.00538743718427992,-0.0007800247985996211,0.008543904445984074,-0.0021669893270686025,0.004611269733867829,0.0034126161670391397,-0.005117670122812057,-0.008944491382909758,0.02058317616510985
2019-05-22,-0.02047170312817015,0.006067648314209029,0.0011628591845378455,0.0012214570262147895,0.004633409392876153,-0.009049235791591337,-0.0081443729044397,0.02160476109773901,0.0032903647732263064,-0.01112443074469871
2019-05-23,-0.017069619863299912,-0.011670755533016663,-0.023767519755121258,-0.009093015216756206,0.007422949244971999,-0.02342526463414918,-0.019671869549373944,0.004028379287374317,0.00037478878374086477,-0.010521223606075769
2019-05-24,-0.003840521343715375,0.0004755033967194233,0.004296377605180091,-0.005875975361440466,7.213900284952501e-05,0.004201494700199593,0.009849032854594375,-0.004814507323870676,-0.0006555487185092579,0.005234812023677149
2019-05-28,-0.004134680021870674,-0.000633810477343566,0.007212290050219838,0.0008343914482280557,-0.012819597438683106,-0.020108338370189105,-0.01084674896170934,-0.010280011396581301,-0.020901809552061668,-0.010659214776232329
2019-05-29,-0.004769062537720359,-0.009670081357857296,-0.009387773958249856,-0.017217172931599634,-0.041876378310691686,-0.006197238288829232,-0.002764375959229959,-0.00997995046517186,-0.00258490859159366,-0.0009045266426785936
2019-05-30,0.005185974762224932,0.006323082904347688,-0.001577639243082074,0.001312485408333286,0.005939013048092745,-0.0026331977892540825,-0.010718944441289846,0.013166160383683234,0.010941736901899146,0.0029633654572394086
2019-05-31,-0.018115136398836218,-0.016304920687576163,-0.022710755340790256,-0.013295647837234248,-0.00726677692066513,-0.016673604668853703,-0.010274704906534371,-0.0024366772716007956,-0.02297525827841329,-0.016661024824347836
2019-06-03,-0.010110185610283984,-0.03104794951545664,-0.04640947352034053,-0.06123822618046004,0.0022115189590206086,0.015684388711914243,0.004719043294663772,0.01730106986190294,0.008648139616812545,0.0070108984460204304
2019-06-04,0.03658382390778847,0.027703742246101726,0.02178187690076805,0.015162679527237044,0.017422466113564017,0.02378964838240405,0.03080943366527511,0.0004001495996555082,0.00847801106468471,0.011852363826100998
2019-06-05,0.016143154679391092,0.021678893358436424,0.005169016882808464,-0.00934106894406983,0.004860448731525802,-0.008288913158127742,0.003553982013878132,0.015599782325081746,0.019583210570013776,0.008519266900737232
2019-06-06,0.014681844160959301,0.01581520637485001,0.009122798271355315,0.0029867464232686824,0.017115688704468557,0.018224133642738227,0.0021792882198088392,0.012209869932665374,0.006090349859256827,0.002192865418748857
2019-06-07,0.026617019814714427,0.028008207422470344,0.02831229113708922,0.019670457179231216,0.013681486226152284,0.003633122588603932,-0.010963355968967692,0.0017508343162415674,0.012944713974105682,0.008671818108551
2019-06-10,0.012779453841996524,0.009132455387117933,0.03137422141504964,0.01346912907028619,0.003392079263538239,0.004424868815447569,0.010810041144841964,-0.002136189043546066,-0.00045982502359009914,0.010284203034403472
2019-06-11,0.011579843374494914,-0.0037710854322430265,0.001649933470424969,-0.0015885874772361142,0.005467068824684729,-0.000934316932712731,0.0030810640725247307,-0.0009730232337856748,0.006070761250813517,0.012247741305789317
2019-06-12,-0.0031828850326144353,-0.004617290780568495,-0.004496418192190821,-0.0017943210142181698,0.01359256082989635,-0.010823160838253187,-0.012739185798152808,0.006039286426248847,0.0027426412656086363,-0.0014143375511582734
2019-06-13,-0.00020588389396658524,0.00631220375046726,0.008074084887562893,0.011036924845427842,-0.006846362846440579,0.008780303014770174,0.0024709210230671186,-0.002146734083473878,0.011214482849818186,0.0005506795037646395
2019-06-14,-0.007262372190373179,0.0009824710076176135,-0.00033686328637261287,-0.004317219776498571,-0.004405869681708863,-0.004418802506483299,0.002556042299881156,0.0035204704069362602,0.0026146492816596645,0.0004718305887896346
2019-06-17,0.005966566673658358,0.0030201008573444987,0.008750215966301989,0.006987002102853301,-0.0046397208971634685,0.009952924557716125,-0.0054633053225070505,-0.008575312958804204,-0.0018885343968259027,0.0007073426891377466
2019-06-18,0.023518344695440563,0.01738774304912938,0.008133468756305495,0.010375803512781667,0.005664954763619168,0.008656355685966455,0.013642068146356268,-0.004521509221614983,-0.012523600720971584,0.023641356749549924
2019-06-19,-0.0029224781862843274,0.003921735543221727,0.0039024725343073108,-0.0006604094329559773,0.0015688161840197168,-0.005545504169442106,-0.007225930872404862,0.00947848187837863,0.007481863050609938,0.0021483307050962352
2019-06-20,0.008035688667618057,0.009285596743699553,0.004924598579345574,0.007867710407768236,0.012531266650891437,0.017126911188116267,0.0025475216939894185,0.010563665157949487,0.011954094800459725,0.023122385933840528
2019-06-21,-0.003409388827755322,0.00014571985310785074,-0.0035919036198251986,0.010932474461357256,-0.0008437207079878828,0.014097698706764694,-0.006806325351419007,-0.0021294635709004917,-0.004832505516430441,0.0019455817390519048
2019-06-24,-0.0010059701145285205,0.005913964014576001,0.0013603018897812014,-0.007704159087284168,0.006826541232367811,-0.00952523522045745,-0.007127362035929452,0.007177427654645019,0.010161968306248381,0.003584995406701985
2019-06-25,-0.015157669671313267,-0.031572024351389616,-0.01861645619625729,-0.026076836881416376,0.008248479753239835,-0.008836798278961111,-0.008282527485312663,-0.003081602378738668,-0.005430573173086151,-0.004911702536005147
2019-06-26,0.021628921802626877,0.003747079359573524,0.010413885939479117,-0.006675378256336462,-0.01656947769242134,0.004326820502005946,0.006681394944392238,-0.01236487646922424,-0.01781216220521631,0.01076952982912327
2019-06-27,-0.00030043395305956455,0.0016428246366906318,0.0033985604479445097,-0.003415692506879342,-0.008177751929462795,-0.010182951757064296,0.003318439656686767,-0.0007823877966323112,0.00045580211767415335,0.0025900490491970185
2019-06-28,-0.009111856655366402,-0.0014158978998057847,-0.005592597818778855,0.00573094417451836,-0.010022041365377876,0.010683198393143689,0.02719597218323977,-0.003132278598579785,-0.0011843617453414224,0.005829909387258914
2019-07-01,0.018341173907326036,0.01283909313975995,0.015082077541072714,0.0158845755908823,0.0005743574733327872,-0.0009133455549880098,0.016815582704151844,0.013354128299321477,0.007660502601523955,0.00227457719179891
2019-07-02,0.005854276712610185,0.006633625500794604,0.006305337412949141,0.011454745386932252,0.0048076322158694396,-0.010971875344390147,0.0010558207110442641,0.007364685263939519,0.008960266512279436,-0.005490599974914301
2019-07-03,0.008286875593422671,0.006442844032319872,0.0024246069203850418,0.009338426970458613,0.01506822159625787,0.009508586510966976,-0.0015928113768285401,0.0023084199262981553,0.02332240407659847,-0.0019137232426066353
2019-07-05,-0.0008805850386360836,-0.002909850208860587,0.002016536782024403,0.008619740130883846,-0.01104553719908985,-0.00405522234497091,0.005938378786780163,0.00019216666054178155,-0.00815205940923358,-0.0007375288387257983
2019-07-08,-0.02061387151726879,-0.0007297930328301616,0.004843221049465107,-0.014019841741210959,0.0028454995449744835,0.0045975449967734505,-0.005462744687804388,-0.002111074157283066,0.007954105894593555,-0.004797443136652757
2019-07-09,0.006099340314486668,-0.003650443541052484,0.018429393240526393,0.006715677419492749,0.0031213588200158515,-0.0006539818639798023,0.004252388625528791,-0.007884642975494072,-0.009995704716125209,-0.004078872925047494
2019-07-10,0.009888706093428512,0.010186164593976477,0.014640624938845548,0.014782731271308247,-0.0014141344914432308,0.014130554625347846,-0.00291117848694733,0.004458223997715338,0.007439731536579064,-0.012286800571085554
2019-07-11,-0.007282465333252164,0.003989502636660314,-0.008099507325226352,0.0027783735231521334,-0.0077899022856871,0.000773863614033754,0.009555828636102826,0.004245595485901532,0.0055383510628903565,0.009951861681886776
2019-07-12,0.007682822748471763,0.0036129319220248313,0.0049624026209122984,0.0011012599398649847,-0.041467509128403024,0.0007736025879687691,0.010517016186645245,0.001537021223688484,0.005332921833539617,0.032845466064875595
2019-07-15,0.009394954335236294,0.0,0.004967642414728246,0.004514036152476919,0.003053061412591873,-0.007084807874142451,-0.012142126391490704,0.00019200245531503235,0.004261448854316896,0.009250898523208706
2019-07-16,-0.003459726541796604,-0.01310289160525513,-0.0054873776497271765,0.00256398711670891,-0.016405977407442873,-0.014919408723881533,0.010711063485196792,0.00019187513298279946,0.0035504110224560126,-0.00393860322585482
2019-07-17,-0.005623296601387162,-0.005909216089048708,-0.008891002112726198,-0.005825868685366942,-0.004829979099599702,-0.005926610451285286,-0.009816012816098452,0.0007672628488035738,0.00043141618576947316,-0.024156902237392308
2019-07-18,0.011359444229039006,0.0011012149379796554,-0.007093314974039089,0.00043608583796306277,0.0015925814723294351,-0.008479182323846923,0.0059655939863028085,-0.0028749168072643716,0.00213581565757881,-0.0061885796048660735
2019-07-19,-0.014927344126449138,0.0014654802098226227,-0.006764737761974948,-0.013676405272345926,-0.01332624680481842,0.002004379702529313,-0.009854212930647588,-0.01230052992615327,-0.00372515170636889,0.01770481297469484
2019-07-22,0.022853868167775904,0.013248648121406248,0.010745666804249376,0.006769428179970838,-0.012815692475711571,0.0010668408417244812,0.006429376558223288,-0.0033080215116836342,0.002521541318977638,-0.007266704165069804
2019-07-23,0.007817409185090218,0.006212111269060516,0.004462067812826209,0.007759949385876652,0.0015548027826988164,0.003995988742095058,0.018290092406867187,0.06071852758928653,-0.012575916650045982,0.021147222173078184
2019-07-24,-0.0008136446722463164,0.010266458914621968,0.003168672237739978,-0.007247176487436113,0.007295948420438458,-0.00013229216276222644,0.004038872516684666,-0.010123631035617198,-0.010979272839733545,-0.04482247412918838
2019-07-25,-0.007907377921551717,-0.0037662069196487957,-0.013489486526910066,-0.0033253713066784263,0.01032525034771603,-0.005706540216130929,-0.00958624028068955,-0.013201753078322054,0.0015097539038806396,0.021226552678098365
2019-07-26,0.0034780094036981346,0.008203097015729854,-0.015589116785757695,0.09620230315102951,-0.0029746154979471973,-0.0016012290688700581,0.004407706092691033,0.020727268978906643,0.01738041046465022,-0.013287861351704122
2019-07-29,0.009338556050489721,-0.002192989011944202,-0.015748424764872926,-0.002714506429915664,0.017517303229867665,0.007084749094921294,-0.0031839134253024426,-0.0033226426526816732,0.0110695208747571,0.011585769714768768
2019-07-30,-0.004292187912251499,-0.004821743338385476,-0.007278612913047433,-0.011144677258804081,-0.007066680262999947,0.00013262270535441267,-0.0022440485406574062,-0.005001015855912283,0.038017420394867774,-0.011230026484478906
2019-07-31,0.020404320650760477,-0.029070283783244055,-0.016723481350493508,-0.007980420419185674,-0.014082495443642706,-0.013138951409566668,0.0035467365302477294,-0.020290451768994022,-0.019683089124068465,-0.00962778865814351
2019-08-01,-0.021639200929127855,0.013135750679404756,-0.006138892274227259,-0.005269968106732081,0.0005375461965992923,-0.025551109539426298,-0.026379095132987196,-0.011400359154906226,-0.01109763759001181,-0.0370621236973222
2019-08-02,-0.021158264479377187,-0.008401928048147322,-0.01729077783786137,-0.012758263058578523,0.005986633206660041,-0.009798344001273662,-8.857726496225293e-05,0.005765777099641767,-0.0024844644838236674,-0.017745956292931298
2019-08-05,-0.0523475826144596,-0.03425868759372719,-0.03187185710749196,-0.034748209515984674,-0.006942994325177865,-0.02048798963316012,-0.029753025197859828,-0.012994311434689432,-0.02885604548771392,-0.02320542836495365
2019-08-06,0.018930307818661563,0.018758014301841097,0.01286026675758456,0.014141702174063076,0.0046864607156198446,0.009675688670417903,0.007848998727069123,0.012003984558466296,0.010611840035543052,0.003534602483839855
2019-08-07,0.010355242504434203,0.004380035330338483,0.0031154615501278737,0.004124374969971312,-0.004282000435880229,-0.00648244337331072,-0.021733235036597076,0.01740935897964513,0.010850547356692664,-0.010648516676832198
2019-08-08,0.022055722317193993,0.02668576562555014,0.022019656560675394,0.025750224841629032,0.011289122560541154,0.026666611232797788,0.01693947248076877,0.009590295469104726,0.016620523749788063,0.010266572565669874
2019-08-09,-0.008240330575894794,-0.008495987541106031,-0.013808825620453047,-0.014334479178717885,0.0027339929553382714,-0.021276637286441358,-0.0010921409413874317,-0.005028872118662209,-0.00562008612089504,-0.021635964032404975
2019-08-12,-0.002537339199092603,-0.013942527485002798,-0.0125360496687702,-0.01211192356636448,-0.0008332025826053302,-0.004859077875358331,-0.018771615422825128,-0.004118345924107869,-0.006422361697951184,-0.022281670420130517
2019-08-13,0.04234822110369274,0.02069420129009414,0.022085030397553274,0.018927196300752014,0.011294063513007435,0.012351010075511315,0.015415932315194114,0.005639327521473225,0.010514549119480021,0.019619689386142225
2019-08-14,-0.0297649159475718,-0.03011421955753446,-0.033645045853565536,-0.027140684412113703,-0.0236846856731745,-0.04028940712199913,-0.041521882348900974,-0.009533017199767402,-0.012451657088129786,-0.03193015499983742
2019-08-15,-0.004981573959220387,-0.002239347820094717,0.007464685662255555,0.004354772981922661,0.0021494537169672867,-0.005912943136400783,0.0038169722088594593,0.016606973891337695,0.013817835403892254,0.00034734576033934594
2019-08-16,0.023594814910016026,0.0183267805034939,0.009261785673171152,0.00845785114892883,0.00628164671512943,0.015613309169320466,0.023954306462307118,0.010024050542820184,0.015248473293081766,0.010238655315461198
2019-08-19,0.018644133126745732,0.016749000929376257,0.013137538159314621,0.01800363857294629,0.006775244658085988,0.016837695364952054,0.00900485186182265,0.005146161241416536,0.008894061211361937,0.007987439899426407
2019-08-20,4.7355769394075153e-05,-0.008308749727482745,-0.008116198419710674,-0.014086458593881801,-0.012475952275863844,-0.00604747192136168,-0.01269680711486565,-0.014810502042527762,-0.011144057318922096,-0.005879296829288561
2019-08-21,0.010838822037591234,0.011146724554442544,0.012301698764070057,0.006801648680359262,0.007120792541116305,0.009995628578834292,0.0027955335956311167,0.004082922324870841,0.002522985484784135,0.008656782994637346
2019-08-22,-0.0008465860675287429,-0.007276990949362849,-0.010353490725939274,-5.044892437211512e-05,-0.001976543523475427,-0.0021513995330749713,0.010314964374121827,0.007208983282307013,0.0018454209527234422,0.00178435936293031
2019-08-23,-0.046220620123481604,-0.03186252899863795,-0.030498806969126657,-0.03184166016213075,-0.026967515026007804,-0.029898215000552453,-0.02483426848518111,-0.013764163531812423,-0.017584765700937144,-0.03248783917731568
2019-08-26,0.01899935750207482,0.015443334702423206,0.011002318967479496,0.015256910397578594,0.008045416967427776,0.005334304423187719,0.00801754535211363,0.014886718043852554,0.017047099739230465,0.0031564015485561203
2019-08-27,-0.011283780248730002,0.002141205354161402,-0.003979912470737479,-0.0003073087632223803,0.014397442168952113,-0.009727388389826341,-0.010573773957626154,0.0033001873481259825,0.01030842941189003,-0.009089283135960802
2019-08-28,0.00671035755423377,-0.0013260568257054128,0.0013735967509673763,0.0025023517070312806,-0.0074050575263185925,0.007292686154660499,0.010024774062016517,0.007127302411699787,0.007051173290193891,0.013053505085802497
2019-08-29,0.016931525799165126,0.018884629642186512,0.012554889043934425,0.017457000640354936,-0.0034191976481053876,0.011081769768034988,0.022659174819672945,-0.0010887416429686825,-0.001812353978957626,0.025334993708733933
2019-08-30,-0.0012915923208025593,-0.0018823970893909747,-0.005659435682760394,-0.003106558234464374,0.0009356295879250354,0.0007305513554940468,0.005859499749148123,-0.00018152621657463452,-0.007839486760552017,0.01044405814564997
2019-09-03,-0.014563590058256137,-0.013201747826114496,0.007628234940805445,-0.017622396267547358,0.0029604515596730607,0.0011680288637203606,-0.011833355896036402,0.004723708749267086,0.00939868818948253,-0.016554696222277787
2019-09-04,0.016966269892912944,0.011687689784317445,0.006022901313268436,0.010875898194321998,0.0009319958748450485,0.010647713871202447,0.012067212124130311,0.008499046200334925,0.015243767571204936,0.017687928057249946
2019-09-05,0.01955178874997121,0.017583377436236836,0.022270161635782104,0.02530727768559049,-0.0021728462587451425,0.014143477764222645,0.02275428496662535,-0.011654908172464173,-0.0036522431297587588,0.03266155232996648
2019-09-06,-9.363389341354722e-05,-0.006783374054626479,-0.00391699050586547,-0.004842473719692042,-0.00287749819584171,0.009392538865760747,0.002135900924467693,0.0019955357971692678,0.0008961008586798602,-0.002357783343034048
2019-09-09,0.0042671850859496985,-0.011358733869364812,-0.0011780869502404645,-0.0008703777175137484,-0.009827737010985715,0.007894879352345452,0.024775670638444325,-0.012855237877786418,-0.005697078110109222,0.03708226187568875
2019-09-10,0.011813081106109902,-0.010471143756681789,-0.005897299060526384,0.00035673083585563425,0.02048072396910383,0.008113040350499867,0.012738267309819307,-0.0022009608281736703,-0.018744413822534556,0.023890085659908245
2019-09-11,0.03179488818720544,0.00029375787138374854,0.0013402724765312346,0.011860294369716584,0.01250458842786939,-0.0019425896992461,0.0027379765354094143,0.006801402463630479,0.011594862282308327,0.021490546396901733
2019-09-12,-0.0022359633400921286,0.010285169643542424,0.011278173776550826,0.012270479758156094,-0.005641502319742253,0.0006950759214661151,0.0061439205978719436,0.006207748802466551,0.012369073385646523,-0.010068549585183328
2019-09-13,-0.019454557677522466,-0.0014545872558604511,-0.0022835833039021036,0.004097358845517318,0.0026834699828437447,0.009169261305848053,0.01967616252427362,-0.008225506008573746,-0.005294427105613786,0.015407971790390773
2019-09-16,0.005257200543978602,-0.007208867247595618,-0.01712575737502442,-0.006773981163922804,-0.009481735048237239,0.015005346623087057,-0.008899573817403805,-0.005528633040390085,-0.019406883033628586,-0.004709179565559607
2019-09-17,0.003638166933753517,0.007774821032981993,0.008136828085409276,-0.0014210064347756068,0.0010036222549560936,-0.007595203510589621,-0.004951257068769754,0.005189068078667924,0.01177429002953767,-0.0073600868015925025
2019-09-18,0.009379435212531817,0.008224957364429741,-0.0027928049815375555,0.0022523254075434984,0.005706904213682362,-0.004783147111271813,0.010036081770858685,-0.00018428085195931754,0.0020636721704194727,-0.008322651238209078
2019-09-19,-0.008125110005987701,0.018408883597414105,0.002222836785044313,0.004948676163092802,-0.0023003992360822734,-0.006728717579368548,-0.0031731799132762584,0.00534746062526148,0.004035662718114397,-0.00724800052102903
2019-09-20,-0.014618169613332843,-0.011554664784289792,-0.01500957245064305,-0.007192753350242054,0.01183605185227754,-0.003456659104167481,-0.004020576768092421,-0.011188467464877117,0.002789143739152955,-0.015062882633206875
2019-09-23,0.004547191172912246,-0.0021512570682501453,-0.004938252915601793,0.003943653297974858,0.0006836685232431972,0.0006937011192458264,-0.00016811966590624117,0.004266054368658789,0.008016896797245376,0.0020286543234580012
2019-09-24,-0.004755051956694789,-0.012649469174892958,-0.024472096150627953,-0.013250346454012796,-0.001441934090432473,-0.013725144198695638,-0.01303850982531285,0.0029553240713118267,0.0031652919900677645,-0.018922367605770374
2019-09-25,0.01538939417128482,0.014412851331378373,0.015342109540061655,0.022662165935708467,-0.004257107599624943,0.002951504417010087,0.005710508993177266,-0.0023938667349518994,-0.004773106903923741,0.004920838354644186
2019-09-26,-0.005157543199833081,0.001291495031021661,-0.01611124135996367,-0.0029295898271534115,-0.016337032103845295,-0.005325331629544072,-0.00822051700656512,0.004061146221574052,0.010486056180704306,-0.001737488954658084
2019-09-27,-0.004866161238852085,-0.012971071470607276,-0.008270849128875435,-0.013152991045071283,-0.001940553222896435,0.007186097040209338,0.005895953957234745,-0.0014707838054540678,0.0020915202327544957,0.0015824106938231441
2019-09-30,0.02353555236049254,0.00943863633931441,0.006062217161457495,-0.003923581419352895,0.006065319752249776,-0.01217151324911403,-0.0002549418535562342,0.0023937703525218623,-0.0015250681755156759,-0.0022118056432993694
2019-10-01,0.0027680092975377324,-0.014097686438812929,-0.00014978297291068365,-0.012398198379116043,0.004714903707410345,-0.02350936872838183,-0.01818329543159225,0.003857228620837594,-0.0042613681123386815,-0.031193093933155835
2019-10-02,-0.025067629808132375,-0.017655334685636848,-0.01291737598591125,-0.023283691217243163,0.015462706807088722,-0.026105932597344617,-0.01990463837570644,-0.02872806397587624,-0.022365354090569722,-0.019694312335253317
2019-10-03,0.008494538841511634,0.012105704815048135,0.0065315416415505645,0.00977153509398998,-0.006136283643070173,0.012360476930407316,-0.0014241651365187735,0.014317765090820611,0.005450677380678837,0.0006668187776226464
2019-10-04,0.028031928693562636,0.01350158815996294,0.008831925999802426,0.0181011269539888,0.018827584142581566,0.014563180998622638,0.021659465833545832,0.013001847369617847,0.018564147762683003,0.008330446952010462
2019-10-07,0.00022017176476962774,-0.007240169218726611,-0.00401799145160453,-0.0022379375964426407,-0.0037407504701739702,-0.013774198843717333,-0.0021811235869134693,-0.012284652476493352,-0.009354844518995598,-0.006526797311225407
2019-10-08,-0.011715163528661754,-0.010574631586221295,-0.01566961490022023,-0.01499689761096934,-0.009913040499560322,-0.01940623235765948,-0.02229573986696265,-0.005383544288616093,-0.015548861745618203,-0.0189602931038112
2019-10-09,0.011720367583917701,0.0189430996660942,0.009662859223618092,0.010309746403559972,-0.019872661119216928,0.011094614877535713,0.007243574680222187,0.00466604337416765,0.008683049365317386,0.012460774518048057
2019-10-10,0.013478420238008049,0.006220976295496783,-0.0010046756673366408,0.005879944507519497,-0.0012378318946998368,0.0120105845293208,0.014028072519716606,-0.003158114180021543,-0.00032833245297314573,0.027210359226139902
2019-10-11,0.02659819881776282,0.004169922690324901,0.006778047269550891,0.00515934458612799,0.01758855128779202,0.010696001350123385,0.0168988789266884,-0.00670878436851674,-0.0069703491072126145,0.046539831182076385
2019-10-14,-0.0014394074115525735,-0.000930918603761266,0.002604069615361304,0.001694450492611299,-0.004644755669605982,0.0028993562298986753,0.0026692998832442694,0.0,-0.008588699652265386,-0.00015569568394646627
2019-10-15,-0.002331522336913472,0.014475066018919902,0.017823932579885904,0.020094159354145047,0.01621769132081985,0.0034695278189951217,0.030141630585990953,0.003939728383339336,-0.023740134502778787,0.02064186785269584
2019-10-16,-0.004037292157094141,-0.008193766321431761,0.005686324313618707,0.0006118031158834913,0.017539926956489316,-0.017142068603126726,-0.0023339745052901595,-0.0003734148243235147,0.0028155251993120523,-0.006410573268763486
2019-10-17,0.0038826993403249244,-0.0051279253156835125,0.005654258700535264,0.007884177480871557,0.007398060820607899,-0.0013191501581578668,0.0055982109038590355,0.005608478667668004,-0.0013186191065216457,0.01444022517983612
2019-10-18,0.004802899998689991,-0.0163216843462497,-0.016766587598934568,-0.006697068604034961,-0.062201684969602766,-0.007778395947765526,0.0017447702788673247,0.018404608955042923,0.007202613976093453,-0.002517997069503841
2019-10-21,0.017342680501493346,0.007423153709319452,0.01601690499181374,-0.00010434596942199281,0.002506067486159669,0.01671392429919094,0.02480090955651537,-0.010039896014996219,0.013705389521089684,0.011628364939642921
2019-10-22,-0.002286673877381573,-0.01488153253599167,-0.011161118465189634,-0.002475428815755687,0.009217282064448495,0.0050914741592213986,0.01003630978487191,-0.007007329945624141,0.0260329621201969,0.011041588681914627
2019-10-23,0.013418794336454098,0.006380042235889061,-0.0020161792094772757,0.013237095867104198,0.0054177486824869,0.009552805879510684,0.002644502354334888,0.014670404710442897,0.006711318353978424,0.01234192163296366
2019-10-24,0.0016449721630649172,0.019673564420844558,0.010560886524610735,0.0011769296811749985,-0.0184755205317505,-0.009462413282273485,-0.0007193455575377206,-0.0005491381384447047,0.014552882901649244,-0.011009274522194579
2019-10-25,0.012316214753615995,0.0056456220242340205,-0.010922221117825037,0.004121930604998436,0.00666661665760504,0.002315956439276956,0.007998311702015481,-0.015748065922838395,-0.012340654194890721,0.043929608522100816
2019-10-28,0.01001717002721092,0.024585866786579036,0.008942089145920873,0.01952065356766597,0.006466483446053051,-0.008808981610715416,0.003808734930594415,-0.0033486886756034506,0.0018661147366263453,0.0023617107251936442
2019-10-29,-0.02312803853809786,-0.009432403393099587,-0.008086279290598686,-0.021970780149839886,-0.0004645887745069466,-0.0029134921128667335,-0.0006325610074962018,-0.0029869435487070994,0.0009716967645974073,0.009067831852533459
2019-10-30,-0.00012328937623018454,0.012462611485134945,0.009803069503577566,3.156578761953632e-05,0.028810627689355384,-0.010520065285287594,-0.005536480457343895,0.009923048927236167,0.01084147283410708,-0.007005165256457557
2019-10-31,0.022609409628389532,-0.008574935311085885,-0.0018707552680410355,-0.0015069898307036311,-0.006022299351012728,-0.0022150901720182636,-0.006442552682863534,0.009084412931553487,-0.0034417328025356797,-0.018098736661237735
2019-11-01,0.02838094284367987,0.0024413786683381566,0.008318962677863917,0.01068481819428091,-0.006361618585100315,0.03004271158300642,0.023054812965645377,-0.00973709373835352,-0.005140021823434426,0.04854852148080435
2019-11-04,0.006567032149728647,0.005775165256685089,0.007379573116068405,0.013645233134425228,-0.007393411902090974,0.029741385393477815,0.007981262582460236,-0.014100377713660683,-0.03875039628735777,0.016817887000588172
2019-11-05,-0.0014369451619400397,-0.0006226742159985976,-0.0016346467664720699,0.0014188332144009497,0.0014591476439496098,0.019813182940996432,0.0021735187636535702,-0.013549131293919991,-0.0014276307437530722,-0.003743652659112029
2019-11-06,0.00042768774593038295,-0.002769190163802504,-0.003296920048778351,-0.0003328687673378461,0.004140556084015534,-0.021890906410828026,0.0015488634195390816,0.007249107916832864,0.011942775347214551,-0.0060119365395014945
2019-11-07,0.011541644332592416,0.0013882150693349526,-0.004215398090435696,0.012339204684918892,0.003588806205447659,0.02126206513833262,0.005414015459879851,-0.0096590767523973,-0.005817850616956277,0.010447006754779053
2019-11-08,0.0027365745530498753,0.011784312180023182,-0.0012974492684962868,0.0015761116086314697,0.011945355475732056,-0.018991255089396364,0.002923176543794259,-0.00153012008711928,0.0006688530200409382,0.007822847897573482
2019-11-11,0.007918919712121664,0.0010278024901406724,-0.007968083918385438,-0.00818956301711038,-0.007669365677300033,-0.00607594929399502,-0.003528441604841004,-0.007086731238827082,-0.003091207298986931,-0.0010798305749466497
2019-11-12,-0.0009154625269605088,0.006570317383721269,0.003584284648149527,-0.0008240822687850535,-0.004773296796797943,-0.013790005285357898,-0.005849392000129461,-0.0025073745113874946,-0.000502669163390812,-0.011216337063573056
2019-11-13,0.009581921931534731,0.0016321603878417523,-0.013998865975055064,-0.0007939075369475246,-0.0006088444599846587,-0.008216725080020693,-0.005265074290896066,0.013537135181132864,0.011570318597990292,-0.012641779773960526
2019-11-14,-0.006919632897408601,0.0050909254838749085,0.0008499299602007238,0.010005957255975861,-0.00236148021402105,-0.004360572924829831,0.0009341865371399471,0.004197524666375463,-0.0012431115592784758,-0.007266628594518543
2019-11-15,0.011879386001944159,0.012900401275074858,-0.00861165809356279,0.01863060212124923,0.030390810925824185,0.01007307132216817,0.007231733095581561,0.0007599395926749519,0.0003318338551856481,0.01303619018519453
2019-11-18,0.0050422770494025215,0.0024673197584845763,0.007496454800304697,-0.010273157026705282,-0.0008150251407890163,-0.009683727364602879,0.008414872536352203,0.00683515157828829,0.011199340369333788,-0.011836185667924437
2019-11-19,-0.003032604321458243,0.0003322602748581094,0.00014836251405148104,-0.005493323753627433,-7.434585199284083e-05,-0.010216027121272231,-0.00030601419240416927,0.000942869605988994,-0.0038558301589033395,-0.002855563258217564
2019-11-20,-0.011641726341746539,-0.0017344170639757017,-0.004142042998724227,-0.008174436133963181,0.008307641179968739,0.0030965318496813943,-0.007275130980325506,0.002637371631876162,0.0071654433231580494,-0.011594044813487248
2019-11-21,-0.00448306078281735,-0.0009358216652317619,-0.006198694786181735,-0.0013211725077871828,0.003677738781912465,0.024106951988905667,0.002314112777641153,-0.004885330856140069,-0.015945946566452096,0.01300155908596623
2019-11-22,-0.0008780398745208418,0.000736054329794289,0.0063469584412145785,-0.004976491612486256,0.011946800925002998,-0.0043058284157400095,0.00661874109072369,0.001321850714760986,-0.0004152874864877809,0.003627834017858822
2019-11-25,0.017533753828463228,0.010962876667125032,0.016107946060534006,0.00925273323743081,0.0004375389940229901,-0.006631258326443401,0.005352127325761735,0.0035827279354165853,0.0018289125390396066,0.017653190156365905
2019-11-26,-0.007808632923429815,0.00529022761684117,0.013022581087476892,0.005637135032322327,-7.310210166555642e-05,-0.002466758397630664,0.0013691329877518754,0.01277733720218821,0.014521619419396892,-0.0022533873563481688
2019-11-27,0.01343221940664141,0.0019074857214633756,0.01200372676735717,-0.0006625438330019051,0.004228380203995075,-0.0005822293207716767,0.0029617517083653233,0.000927129562056761,-0.004089656422043064,-0.0027382436240389607
2019-11-29,-0.002202791929956316,-0.006171073243860126,-0.009738720787676458,-0.00612769539992275,-0.0018871544868964696,-0.008296712439871179,-0.002271601298816317,-0.0028005937019139893,0.002463780976617924,-0.006589304002227903
2019-12-02,-0.011562687549615647,-0.012088752151203308,-0.01066191775556835,-0.011678458940388103,-0.0009457930642241541,0.004256426570568461,-0.002200758360820343,0.006554057376175315,0.005407174573390794,-0.012229756596930597
2019-12-03,-0.017829703628577498,-0.001604939444271536,-0.006533461163659049,0.004562174187468848,-0.0014557379272789328,-0.007892566429069547,-0.012854983972156675,0.0009302590979081149,0.0018741005051894355,-0.020285492403623206
2019-12-04,0.008826316566427073,0.0036165673206189908,-0.005237417464897476,0.018690870957348116,0.016185217894298276,0.011343613975777878,0.019725812799051612,0.00910797992300516,0.012851002636320219,0.00042833941766939887
2019-12-05,0.014670904536635332,0.0005336575351333472,-0.011478432267733929,0.006080768156985439,0.0012912679398011662,-0.0034957245458350217,0.0054405976164744185,-0.0018422688178604263,0.0007226277467820008,0.00663731821289093
2019-12-06,0.019316426316202007,0.01213913216116902,0.006389039145533015,0.009367128344762943,0.005876049323737309,0.016079545446060273,0.014880426321908669,0.004244275578976442,-0.0034504977341892618,0.011839964824181815
2019-12-09,-0.014000411921379241,-0.002569778561634539,-0.0011931926776630464,0.0026878374379000203,0.0008544959440068833,0.002157979534431975,-0.004665315361607081,-0.006431045813249381,0.005475531560187319,0.0007703377732808381
2019-12-10,0.005844512052555428,-0.0015195189071749438,-0.005887355634324631,-7.439196034964013e-05,-0.003629839805366797,-0.00861355073597192,0.0006695586910614448,-0.005548434171699035,-0.004805126551439387,0.00028030571100368107
2019-12-11,0.00852939600888547,0.003771467242815074,0.005467935101741261,0.001012562515676274,0.007072071005291836,-0.0014479784738206103,-0.0023791884244735995,0.0033473407947610667,0.0031383762885621724,0.007909295994382726
2019-12-12,0.0025486673315229247,0.010151404905490935,0.00663920342821922,0.0031542862116213932,0.002553485135355471,0.02001161188453726,0.02861841758329997,0.00352188013686483,-0.000722092214786807,0.019305927229331
2019-12-13,0.013592724281817903,0.008418101794627209,0.00034646559584494696,-0.0012012846428149926,0.00028302665865598264,-0.015780402172298147,-0.008767063697812882,0.0051715809216970055,0.0072251222187558195,-0.008516532507226504
2019-12-16,0.017118125531922823,0.006471724516004862,0.0046964185941400505,0.010268289934264097,0.0029000732172717036,0.01112218711677726,0.003873935883888624,0.0,0.000716997385590723,-0.0011681811592634261
2019-12-17,0.0019654407084506165,-0.005401255549828732,0.012123992912275838,-0.004269888832648894,0.012482892746060736,-0.004571367857264974,0.006116382786403696,0.0,-0.0019909777733536638,0.0069482482154081815
2019-12-18,-0.0023896476919089693,-0.0020686759941441757,-0.00370251419034362,-0.0021995454340940634,-0.0025770674082405964,0.0027267969526671987,-0.001013045839399207,-0.009371225721655718,-0.0103741430468971,0.005124045167738123
2019-12-19,0.0010010914614826394,0.008680642514360182,0.004624344595139496,0.0033509432071605616,0.015085022235426848,-0.006870028598251365,-0.0049986689132546225,0.007605225123852533,0.007337938222964802,-0.014273983935229273
2019-12-20,-0.002071227696798905,0.010917537819048917,-0.0032249589345579865,-0.0038486361979941375,0.004884496594613319,0.007926523136540187,-0.0008006701033770325,0.011966209874097133,0.0035223980843444025,0.017583439863748218
2019-12-23,0.01631818724950107,0.0,0.0036384504756830083,-0.000436341878304769,0.002601802584156987,0.005004230629759521,-0.00029138606897827213,-0.0010916199045938324,-0.0036694828435728244,0.0063018245249883975
2019-12-24,0.0009509377473204683,-0.0001905359032504661,-0.00211376350409187,-0.004590656315568875,-0.0034826655360681302,-0.0038414770806401988,0.0027695734089010493,-0.003642258115402641,0.0025620221905116036,-0.006868557543186271
2019-12-26,0.01984039423359807,0.008196964281043773,0.04446651549531899,0.013418349341964175,-0.0006851860497923967,0.0015712598209209894,0.010611962710076694,0.005666146108409542,0.0,0.0050181448277186735
2019-12-27,-0.00037961425553156847,0.0018275595243788523,0.0005511476895356804,-0.005746727736712143,-0.0005487501435754716,-0.0034225337442395087,0.0007191002441238048,0.00599798969034282,0.006947706715773938,0.0004043471424648448
2019-12-30,0.005934900399773957,-0.008618562379397954,-0.012252649580489217,-0.011021575637461978,-0.0030873333921528356,-0.005866238191986395,-0.0036652286684834,-0.0014455565926002611,-0.012847739486828824,-0.005125016625955103
2019-12-31,0.007306612007350832,0.0006978677288158597,0.0005143848474418178,-0.00023877501751456975,0.003922645081956944,0.004317970615567379,0.005554389477185895,0.0014476492515196338,0.0034545101709624326,0.0010843973053469291
2020-01-02,0.022816132564499547,0.01851627038199255,0.02715061035487687,0.021868073454071046,0.0006857810901357286,0.016050373588301303,0.012123445722163062,-0.006504081149305674,-0.011929515529667145,0.019298628047505817
2020-01-03,-0.009721501331671378,-0.012451583122962795,-0.012139034655920922,-0.005231166731264225,-0.011577834837330325,-0.008039483137590064,-0.013196674597449776,-0.005455691813580632,-0.006725449215196799,-0.0138844856271374
2020-01-06,0.00796770696578708,0.0025844652835360638,0.01488557393050649,0.02665394453821346,-0.0012474775247367509,0.00767800378874095,-0.0007951155966924306,-0.0003657929469170762,0.0013867512464988963,-0.0006734600839575222
2020-01-07,-0.004703187936997644,-0.00911752167116664,0.0020916204156395946,-0.0019316816830872163,0.006106819137708497,-0.008183871354172645,-0.01700079345130312,-0.007682592798356702,-0.006191268829390251,-0.013213191877062491
2020-01-08,0.016086616600871073,0.015928537419063415,-0.007808640261289468,0.007117910902474156,-0.00013789737310843098,-0.015080450093791331,0.0078014125209429075,0.0018434565259570768,0.004262338069610738,0.00888116075650669
2020-01-09,0.021240794588172296,0.012492903936185407,0.0047991747864684076,0.010498033447067456,0.002966557007699322,0.007655602302694131,0.00365106780798663,0.018215193061842827,0.010938006749426243,-0.0025053793110595413
2020-01-10,0.002261026327313287,-0.004627158371249829,-0.009410596802031157,0.006458450680936867,-0.0022700517996711023,-0.008887733564235445,-0.00996808678251282,0.0034333356257505443,0.0009687939108142807,-0.008010101469234865
2020-01-13,0.021364378180067645,0.012024326394297846,0.00432257824569926,0.007747141105309607,0.004411982383802693,0.009545851523867332,0.008304747788388411,0.01080511215582236,0.007340672471612741,0.004721734486728524
2020-01-14,-0.013503491761936548,-0.007043241447157067,-0.01155821171805238,-0.006555500845909057,0.005628172530762088,-0.008595837769433623,0.0116618326407667,-0.0023160351928067646,-0.001521634537630101,-0.0009535788346721752
2020-01-15,-0.004285443049645177,0.006476305287099304,-0.003969126548925228,0.006018329061172389,0.0033439416598557425,-0.0015897308817993672,-0.01498575332849883,0.01250010683887437,0.010185378138527934,-0.007567437909600239
2020-01-16,0.012526633468527226,0.01832347386078248,0.00854991102959346,0.007615434311972091,0.008094982788066085,-0.003907829492205472,0.003876441182680601,0.0021163801744279453,0.0008732567580509443,0.01579968338148241
2020-01-17,0.011070981019940751,0.005596592462824068,-0.00703966144232826,0.02024609359615903,0.0065450193477536445,-0.0037779765027512457,0.006921911220306942,0.002111828784679526,0.0026969394001503666,0.0064019501654444255
2020-01-21,-0.0067770670452057535,-0.003590509917518192,0.014629525206926841,0.0018451850803666847,0.0006708547793183861,-0.014293913188215157,-0.00984086439700449,0.004039291482778484,-0.0025315614075235304,-0.013059965753088432
2020-01-22,0.0035694157242023294,-0.0048048560457953915,-0.0023995494624705627,0.001092983118998303,-0.0068333956299527765,-0.005771285133443715,-0.0011693839258006822,0.00769640125004134,0.0017447848953386913,-0.02207773323036033
2020-01-23,0.0048159163657695014,0.006155476787395697,-0.0015259112256779117,0.000552534448333919,0.0018884724387076002,-0.006250980730843625,-0.0010243341927306249,0.0038187288719440105,-0.004571446681644442,0.0008416188481936704
2020-01-24,-0.002881932749676075,-0.010076788858765284,-0.012172426638861866,-0.012473891974571272,-0.001413715369553814,-0.006739149494225272,-0.024827952594851377,-0.0025937227217357472,0.0012003518650258727,-0.016602807388524377
2020-01-27,-0.029405515214806055,-0.016723010576171093,-0.01788746376771222,-0.0234898557249561,0.0028989835484731774,-0.02382419667961788,-0.008411382101080944,-0.0034672632966612493,0.004394982178907325,-0.033124267212584324
2020-01-28,0.02828961116704032,0.01959587145824515,0.01362436592451366,0.01311013281413631,0.00504196345666319,-0.0013899505690151415,0.018177728028262674,-0.008176907655425003,0.0027050903534133752,0.007441243247046758
2020-01-29,0.020932149457744798,0.015592570558562224,0.0025630978623367717,0.004274261240206467,0.006956430580754791,-0.00835281256261744,-0.0014878170679415437,0.0,-0.007696609921153064,-0.007020632086128242
2020-01-30,-0.0014489823426337978,0.028207686405063548,0.006824489189870775,-0.0016820743209061684,-0.0011953602573627764,0.010606986924267092,0.012367139989728715,0.032450555309526674,0.007116511558040717,-0.003019512929758217
2020-01-31,-0.0443387390771256,-0.014758672428588304,0.07379135586484753,-0.014763511553748776,-0.009909923918772878,-0.04121038277388234,-0.02597712375649197,-0.007815218209118902,-0.010559627896443491,-0.029696387847858885
2020-02-03,-0.002746442638775326,0.024378904103821597,-0.0022501685803328897,0.03477160381875111,0.00873261392836655,-0.022375925782631367,0.007630545375189479,0.0030820406223346364,0.003932015186500992,-0.012029080539372128
2020-02-04,0.033014104108891607,0.03291650949181801,0.022687342140775613,-0.02508418936540846,0.009522583308615884,-0.012514283383163183,0.014395939137396008,0.00443858094871219,0.004396107982136854,0.028820214016055834
2020-02-05,0.008154258476839038,-0.0012212419565573729,-0.004781236737139594,0.0004425211371739124,0.01576514337252788,0.04602311662614289,0.017000634808919113,0.0001697992790876679,0.009151598020665563,0.029436019510953537
2020-02-06,0.011696662569230964,0.020733738034431903,0.0050787328892443195,0.020691141153752923,-0.0029874300189921543,-0.013550104606156133,0.00014545040240210305,0.0023789972946484106,0.002602461031421033,-0.0013823859823723916
2020-02-07,-0.013592568560708562,0.001415642053535393,0.014169136390608683,0.002127264573055676,-0.010681799632557998,-0.006625750746164671,-0.003197465760179763,0.0033903440185338862,-0.008337346155480319,-0.02826935870851044
2020-02-10,0.004749882136797057,0.026157183624343716,0.026273579599096264,0.019978256290189123,-0.0001975261191464739,-0.010561354278540103,0.004155581742423697,0.009461248731582161,0.0007136703141641387,0.007122921431802043
2020-02-11,-0.006033568685791302,-0.022575843638578452,0.007915025985726132,0.0009281393041586927,0.0008561757630931588,0.009506582572074374,0.0018876101380338461,-0.002677744528706061,-0.015930671639719507,0.01392200419462819
2020-02-12,0.023747888455260435,0.0014642131600293151,0.004277469597884664,0.0056751982216149965,-0.0059212832275237215,0.012225012714455863,0.0,-0.003020960265938677,-0.005718755900838923,0.024965238872936224
2020-02-13,-0.007121113306499338,-0.005414124790193098,-0.00468981707537619,-0.0034505762229145587,-0.006619004162635944,-0.005548822711124002,-0.0008695177716362412,0.0033666109567029867,0.012231879288903125,0.000931212801828174
2020-02-14,0.0002463204903917493,0.008927298911930892,-0.006977166077050345,0.0035284380121247683,0.0002667092784889302,-0.00459591837949147,-0.003046388387181409,0.005703824876587493,0.009443078618134315,-0.012381895815288813
2020-02-18,-0.018310955168164278,0.010142820577289768,0.009742990607446878,0.00046778388121149206,-0.006594351736192827,-0.012695366097548733,-0.013240188717896784,-0.0070058813840147005,-0.010068071920366628,-0.010218055396064685
2020-02-19,0.014483007123457847,0.0029992830275480387,0.006749650094826309,0.0035734541323135804,-0.001340632222118776,0.007681795929914692,0.013639155650997381,0.004031616894057066,0.004564767350442089,0.0020498377188098438
2020-02-20,-0.010258953891203126,-0.015271163771021112,-0.007888626914309249,-0.0051677074465201756,-0.003827574393153843,-0.007954898539490607,0.0,-0.0008367969871265757,0.00908804986756917,0.0005112060569902876
2020-02-21,-0.022634833688532474,-0.03161261330622411,-0.026533823330561868,-0.022102897761844376,0.010514303892732668,-0.012195106562062463,-0.012218866600407607,0.006865412165560247,0.0009476355770405842,0.0020453560365563117
2020-02-24,-0.047500669339177515,-0.043115444000861425,-0.04135555023463999,-0.04287289834104602,-0.020606896665993912,-0.04684581334593774,-0.026875965734155627,-0.024612957719658768,-0.026834914132325083,-0.036732322885861146
2020-02-25,-0.03387210560411347,-0.01650219081848614,-0.018190498951138112,-0.023621856869159075,-0.008635187566772728,-0.03832502272661886,-0.04464292946314996,-0.014151987243609554,-0.015166167818799647,-0.023984105767807185
2020-02-26,0.01586403733189634,0.012495089921602531,0.003472315416060745,0.0029934930003587823,-0.006705884552505537,-0.02195581279553782,0.003009678421091344,-0.00380510011202706,-0.010458738220582742,-0.005814071413055566
2020-02-27,-0.06536849776215758,-0.07045910715767234,-0.048136265467272565,-0.05431259217418538,-0.03173735437892922,-0.06017740191343879,-0.04161406865814887,-0.04635403834043028,-0.055426171418055836,-0.03883042320117425
2020-02-28,-0.0005850127655955273,0.024213126316035893,-0.0002918467224900523,0.018479818279582005,-0.033352333571999515,0.032517217161647904,-0.04333854857439445,-0.02621508214473056,-0.0023786317544721713,0.007869054163941458
2020-03-02,0.09310038130752596,0.06653910749251835,0.03726611425327664,0.03514657750564787,0.04119560385691967,0.04743414657068756,0.046593849590914616,0.04542886189067907,0.05590382192199206,0.027044358302490856
2020-03-03,-0.031758965578659315,-0.047919758243936905,-0.023009811402324165,-0.03505689224613362,-0.03163842122824301,-0.04788444655549451,-0.03752488191355874,0.002503564798052471,-0.011626123320539916,-0.025235069834046886
2020-03-04,0.04638457562250631,0.036715200204636034,0.035013229015638414,0.03280214899560141,0.05819033040104449,0.021832291164491258,0.024709647754963093,0.05101689621352157,0.05356705037416076,0.024280430379263418
2020-03-05,-0.03243718152567854,-0.025095060407864023,-0.026216794314283698,-0.04837862868684928,-0.010245183716219186,-0.044067088640549756,-0.04906152270333297,-0.03699903085551626,-0.023052065800439725,-0.04262171853076935
2020-03-06,-0.013280032230112981,-0.0282673558697234,-0.011922924014239333,-0.014466763770566327,0.00014046446319393446,-0.04829375524590218,-0.05168029966026488,-0.0260842965723882,0.0002466429503529266,-0.004591174944452825
2020-03-09,-0.0790919499671251,-0.06777267716920643,-0.05285383245165354,-0.061702073059634155,-0.039357752229927545,-0.12224797469839455,-0.1354551533075269,-0.061527145224117175,-0.04603012017030761,-0.14282199666406836
2020-03-10,0.07202156270222448,0.06838413461399728,0.05065506668458708,0.048840748717676075,0.03811225566244292,0.03702853119939031,0.07769671509230358,0.034708559782852255,0.03868674473921074,0.023253729894292086
2020-03-11,-0.03473052923892661,-0.045301999826932726,-0.037508896429749194,-0.050401140676836764,-0.06947216292666847,-0.032941987564280906,-0.047070428980942824,-0.027022069744083943,-0.07432584781133977,-0.054465425329187966
2020-03-12,-0.0987547026964134,-0.09483813254386253,-0.07922082514747941,-0.08204654077895968,-0.04848240471934184,-0.11434017895556403,-0.08243025984881869,-0.09672460029888041,-0.08737347474820012,-0.08372206308639651
2020-03-13,0.11980792699035758,0.14216900386133458,0.06464833687376514,0.09241157952152768,0.07080779770937418,0.025282673175096138,0.18012530190592502,0.036791389660565166,0.12009051097858925,0.07999122799135594
2020-03-16,-0.128646757653764,-0.14739066052183747,-0.053697516604298,-0.11634148066860928,-0.05331754499332275,-0.09522565844223618,-0.1496487067300326,-0.0662263985610233,-0.04882981224761185,-0.06252495426441784
2020-03-17,0.043970278807924146,0.08233672222518762,0.07026613247879654,0.04199437993695021,0.07441184096234466,0.06726573355457655,0.06111326545457385,0.0424215831850141,0.0897697040567138,0.07268988767659668
2020-03-18,-0.024479974202595844,-0.042096100756585986,0.012257741060410998,-0.02403263372452602,-0.011933145840059223,-0.10024443304994224,-0.1052686933667929,-0.049385323351971544,-0.006681398648384573,-0.0007982104641927057
2020-03-19,-0.007662193156890096,0.016453013159979823,0.02783061376686291,0.018768421903543775,-0.058610081588988505,0.039553130846048834,0.01680786497388742,-0.06733555256781731,-0.05636423944470326,0.028865395904191127
2020-03-20,-0.06348559758584171,-0.03755875958946575,-0.018522798541688812,-0.03909425400716604,-0.05635586967152417,-0.04908520360332724,-0.021102119017878396,-0.08438924927633429,-0.07579196308908298,-0.072905594958112
2020-03-23,-0.021243996381026253,-0.009974472514000299,0.030735291504301987,-0.01318090510702341,-0.07298344975428983,-0.039401264196057384,-0.05353265782209338,-0.019321022519523057,-0.04617800719459997,-0.03821999887152616
2020-03-24,0.1003251637774214,0.09089571318539225,0.019586561347294085,0.0719833986296714,0.07234104646389716,0.12686817386080174,0.1189419848894997,0.05031919150987729,0.057011446799315024,0.10332080979254266
2020-03-25,-0.005508674708095462,-0.009572460761722912,-0.027967604900147047,-0.02512355012428913,0.0018459624236002448,0.05220084261211011,0.0373174138630048,0.05475294406137454,-0.02275581911855673,0.032859601580643494
2020-03-26,0.05262290023745719,0.06255089598854147,0.03693312450375408,0.05564528835273563,0.06005037590390372,0.04102973915192476,0.06966106274368333,0.06440754561237494,0.06401126508053401,0.05569900150126683
2020-03-27,-0.04140223233387885,-0.041060709119340566,-0.028325389436650306,-0.04528265721089386,-0.026941543589614647,-0.04817105803302513,-0.07123951713524534,-0.03341611435117475,0.025982370258774923,-0.045791924652808236
2020-03-30,0.028538041536970038,0.07034023020395952,0.03360354691971401,0.03246997780303418,0.07997705991391646,0.014884967622590617,0.026007361815638452,0.051156630683174775,0.043841371262660855,0.05946504359528304
2020-03-31,-0.002040805189057915,-0.015726623537701157,-0.007245622950859287,0.013643721953416899,-0.01413419268191396,0.012533328194512805,-0.037112720284796175,-0.016666779271739984,-0.04347838341052457,0.03876101064055937
2020-04-01,-0.052617060545236516,-0.03550862646041253,-0.021551791267353848,-0.051508238810269,-0.017692446587244004,-0.011588192759707128,-0.06297894165664475,-0.048135811519698146,-0.006091017071675919,-0.04041695590103589
2020-04-02,0.016686824684801316,0.020708551834350164,0.005834205106051149,0.013546898832837106,0.03369327318874915,0.07647229629836372,0.03734001384652208,0.04344746193917692,0.04637351495637976,0.048405921768247984
2020-04-03,-0.014371431642440258,-0.009210098748284268,-0.0063788821910731874,-0.02178108990686689,0.007660408199319457,-0.029455634216707938,-0.029557611332162725,-0.002730193129090841,0.005943947331618071,-0.017731994756946756
2020-04-06,0.08723734413194606,0.07436769382028197,0.04772922477644714,0.0828133054444824,0.04166347914106927,0.03213482249921129,0.064366589212143,0.06479542273094308,0.02372276978917931,0.05023155141860269
2020-04-07,-0.011582052012700239,-0.01077015837207651,0.007013456003121199,-0.0005324615838887548,-0.016313600979106946,0.01902653628417328,0.013190127401959462,-0.003428229852092235,-0.04278073435938956,0.012372012214119321
2020-04-08,0.025594467715181812,0.0100312532001543,0.015609461784076961,0.020667066046612392,0.04204245793298589,0.063287777319047,0.04037943716213399,0.028166154341072724,0.020661415014441076,0.044947703035202125
2020-04-09,0.007216361980974639,6.063775909348479e-05,-0.0001174844583299306,-0.0003562833051075076,-0.014169993808368031,-0.016419449858335433,0.08971379060821882,0.024675598907293095,-0.003822555156127727,-0.01860275328231653
2020-04-13,0.01962713062905075,0.0022402441272431073,0.06173506614263302,0.003182494443329409,-0.010337847559110824,-0.008578835168063348,-0.044472604129332516,-0.04224481114226575,0.011250583125530955,-0.08709919463205895
2020-04-14,0.05050366257470107,0.04948353495950575,0.052769449861283624,0.045290551571757875,0.04478783486387927,-0.007717381933913803,-0.02739589367463857,0.04240343522892198,0.04320826988794524,0.02050114119254154
2020-04-15,-0.009127542493245322,-0.010477674214712018,0.010668695718768717,-0.006267602270732864,0.011162169869990413,-0.045958115795941445,-0.04931935950070565,-0.02677829539470744,0.002149313259579122,-0.04249658474173734
2020-04-16,0.007945693409504573,0.03002059766959353,0.043554542393708706,0.00010327619390682052,0.013612356672975334,-0.032855726431079035,-0.0381098687097311,-0.01071238548758402,0.0023098122270239774,0.015152948711417036
2020-04-17,-0.013568616461698046,0.008811849713715736,-0.013782136130354616,0.01715407547479808,0.01570099453436602,0.10395936731777256,0.08988889845038917,0.020382672317658113,0.026255201570007936,0.0366342887851574
2020-04-20,-0.020756708961848336,-0.01982104079437752,0.007835757606907912,-0.013956207117101771,-0.0023022989021067586,-0.047200393734228574,-0.03645739590514385,-0.031835379564361665,-0.03280135129075701,-0.01461755531053377
2020-04-21,-0.030910449398105055,-0.041356958086233186,-0.02736033095931456,-0.03884544125102829,-0.013120285831272449,-0.005342565670310329,-0.029004338413057607,-0.02471520777840519,-0.0076286662741817945,-0.04144828225250485
2020-04-22,0.028803780318784833,0.03396498807883375,0.015192527091639096,0.03815503562906142,0.022113539337682786,0.028564643712209792,0.0032564790301019553,0.006610807153119902,-0.0023394591484604543,0.007191604010298613
2020-04-23,-0.003875506687844532,-0.012102355259777764,0.01521482348408254,0.010139724978378117,0.016471854733619118,0.03133167180483021,0.0005596775678335941,-0.013353816850012024,0.006669120848445287,0.020516900447267172
2020-04-24,0.028869524128761093,0.01825914633630976,0.004488511186874211,0.004271622279744092,-0.0041800573657841955,0.006443935822808111,0.014766760871724793,0.007987758597181482,-0.005192820881124938,0.010007989931610117
2020-04-27,0.0007066492939873381,-0.0028645758398759824,-0.01419786171076065,-0.004496314660750733,-0.0036804922075229785,0.004802324720387441,0.04310460362202839,0.029716192369557692,-0.011196959950641627,0.010171814251164424
2020-04-28,-0.016209424957942975,-0.024360944203944412,-0.02606061104255919,-0.030113483676254993,-0.01879541806945828,0.023440953454008318,0.007080648164121461,-0.0008552388376315001,-0.004767847292427407,0.0022571525769183864
2020-04-29,0.032845336977281425,0.04487356693199729,0.02533616474965794,0.08891047443127986,-0.007596780011213555,0.05537032982845913,0.026970541298123152,0.00813009732640424,0.001625308351033583,0.03984053499467288
2020-04-30,0.021096020774738156,0.010032490480134992,0.04268957423996422,0.0033676652750378455,-0.0013312637806248695,-0.02085979169600094,-0.021459174308517626,-0.026103485196401044,0.006747277202045154,-0.03065130795482074
2020-05-01,-0.01609905988417837,-0.02589158630341626,-0.07597409237648933,-0.021816239799857362,-0.011663466080103158,-0.07165883815528018,-0.026211460580375157,-0.006319405371790876,-0.008907747720650616,-0.04725898698937525
2020-05-04,0.014148745945869123,0.02445999564922019,0.013101236487597978,0.004235560006590866,-0.00013488309356701755,0.04033337092137623,-0.011903497593602097,-0.010087785493784862,-0.008988268213010353,-0.02849935021438299
2020-05-05,0.015008602356179956,0.010735801192480743,0.0007815221854263754,0.019744913484582405,0.008295756020123113,-0.0011138823833559686,-0.0015192608777802041,0.005759643491752842,0.0020731147036170405,0.011047101944884341
2020-05-06,0.01031750263351694,0.009847402312588072,0.014436139090531874,-0.0026614603695394035,-0.009498460154599542,-0.018737618854781646,-0.018804415419851006,-0.014317207994778092,-0.025084098327315507,-0.011385546011861147
2020-05-07,0.010344703971391978,0.00580706592938407,0.0069536948597912485,0.01772661071720294,-0.0033088322040875084,0.005683236141924564,0.010412918141459615,-0.003351938054718895,-0.008222678958642149,-0.0035292917145687275
2020-05-08,0.023801781949698064,0.005882263196972826,0.005068389389295769,0.0109986239212847,0.007520778063259792,0.04385175387322793,0.016335938503609482,0.03385676119918801,0.03369865908135039,0.04492498306624926
2020-05-11,0.015735516406843786,0.011154413452311163,0.012350743942999287,0.0139053235684925,0.00275735714824088,-0.009527795510294035,-0.029449772175104916,-0.012361816585716112,-0.0055196470091672944,-0.031219374586699877
2020-05-12,-0.0114284256310353,-0.02265186726051649,-0.021606420523622938,-0.02024070279873791,-0.01321206650949902,-0.016715238058538917,-0.03267748371619528,-0.01581023269966142,-0.006590858798790511,-0.03323820877799388
2020-05-13,-0.01207400230221023,-0.01512218171368318,0.004654320575239179,-0.01952476433892214,-6.796865917013672e-05,-0.04963739896459851,-0.03447093719208105,-0.0196341506281158,-0.00550012874884398,-0.004952348820730257
2020-05-14,0.00614315722136527,0.004339139241948287,0.008838926123896362,0.0063264735264734195,0.0034667606038469856,0.00882428309621619,0.041533020271583565,-0.005461629057510464,-0.0009651078156459603,0.016366841589084302
2020-05-15,-0.005911570216544759,0.014568238525612731,0.008761547889003518,0.011939195127114832,0.018964920889547265,-0.007092227571186549,-0.018510168943980387,-0.010069203969872653,0.007029154247684799,0.0162915167642399
2020-05-18,0.023560833930419856,0.009554625211522394,0.006838841203809398,0.00882694299031006,0.0005317612905169078,0.07952401143981591,0.052968474286936296,0.03952867708828367,0.013960336307260679,0.0657894997659012
2020-05-19,-0.005778417088791454,-0.006922570636077263,0.009508426590011165,-0.007782397381143835,-0.009965451173238549,-0.030877788151631003,-0.019679273377010142,-0.009561940312267647,-0.03244133002942151,-0.02556080983815967
2020-05-20,0.01944819103448836,0.01387081856695449,0.019846275173532213,0.025291047367300923,-0.008992165106616268,0.0325442659377444,0.029998629977608715,0.030309878325065265,0.00747067223641551,0.03220922805744042
2020-05-21,-0.007455537161327297,-0.012011019064600448,-0.02049693045417056,-0.0017103090802489396,-0.006568297977841642,-0.017853322185033438,-0.012701029590022062,-0.015689648162917402,-0.014654013040702463,-0.014089388610236786
2020-05-22,0.006438391566973456,0.00043610531956606025,-0.004029821100215214,0.004613796193908115,-0.009128431218752286,0.0008979949767713435,-0.007763162021803605,-0.0030996709314932147,0.00877985390707714,-0.013940092217755717
2020-05-26,-0.006773684396240931,-0.010571665668514418,-0.0061636144559753525,0.005752359345288394,0.0013162358352010184,0.029371984100919457,0.07097356498356078,0.02353976092265664,-0.0050620138395601755,0.043922764079192156
2020-05-27,0.004357311483286219,0.001321718408993755,-0.004736042347035618,-0.0007666884431166698,0.0022828032562132172,0.007188026820407867,0.05792107114518874,0.013885784968478587,0.01660250607510516,0.042670954127078886
2020-05-28,0.0004399244083042042,-0.002255142833806789,-0.003854151605534595,-0.0014364625194704939,0.01435577834307522,-0.025951446191373462,-0.014895797969058377,0.0077040089611806195,0.01905350725603694,-0.01372323964773825
2020-05-29,-0.0009743408071419823,0.010198337387281153,0.017187950901155657,0.010774042091488356,0.012111260945526503,0.009546945124534023,-0.025535930683307284,-0.008706608558697315,-0.0012059292355575124,-0.005052011924806199
2020-06-01,0.012298204316441241,-0.0022919120873614585,0.011738616181262485,0.0009416735823672973,-0.010487332852774256,0.017814057423570562,0.013256822588434414,0.006640845651407545,0.011473207527837426,0.00308003372288268
2020-06-02,0.004629381175756286,0.011377005804231066,0.0005543957444538172,0.005185114376671018,0.007201631223478833,0.02225576333730772,0.0033466524369589745,-0.0019152716074145593,0.006908053542659109,0.023402376857934337
2020-06-03,0.005505444617438071,0.0024335991038979543,0.002422733405640143,-0.002121622846157356,0.002697989994718153,0.04079455615923866,0.05397762956605967,0.021322047066600236,0.003981111387029834,0.030570914354728362
2020-06-04,-0.008612464311855028,-0.013163626776988235,-0.0071820481181340545,-0.0173354019230183,-0.012916342772342992,-0.0028432553648637393,0.020811449155845985,0.0004174766235691685,-0.020922989905745704,0.014714001395049525
2020-06-05,0.028481122824365546,0.023397958816503195,0.009103493113018724,0.018185776219102667,0.0038847050212595935,0.08105928620556302,0.045001940545989605,0.024415795852700484,0.01964672759540287,0.04776658045286797
2020-06-08,0.005912260614866716,0.006196737408321384,0.016536458949464095,0.005569269885469463,-0.0035980660693161193,0.03127346200684711,0.01995850151815337,0.015481422911845177,0.006084566265100344,0.019242283857092035
2020-06-09,0.03157798822796365,0.007644779977559413,0.030427139202305886,0.0027899960293267245,-0.005518739464418498,-0.022287217582210528,-0.02565010657536748,-0.017050975965236415,-0.005963927949656056,-0.02563174569288096
2020-06-10,0.02572758795982888,0.03709189589419126,0.017913292558120908,0.008691140583261925,0.012606063195738981,-0.05362470579428458,-0.04052819331566038,-0.007755024337276484,0.007520911995791746,-0.013041225093129105
2020-06-11,-0.048010382941075846,-0.053698627276929534,-0.03380230045218746,-0.04287570062713553,-0.046887492203020575,-0.08825275264389387,-0.08344344186049657,-0.06334833011748087,-0.024909846514412748,-0.08222588899047556
2020-06-12,0.008633335469631742,0.007891722206689877,-0.005058743377937103,0.007860770389758631,0.009086394483659221,0.02143778804209573,0.027363498617564375,0.010414150450602566,-0.00550492931151958,0.013163247713969373
2020-06-15,0.012367303624155834,0.006392003428587367,0.01086830941079775,0.005534668790946329,-0.006331309357610282,-0.000635916261390479,0.013818007047812886,0.01535094854461927,0.009254599374760142,0.0037354609129780503
2020-06-16,0.02650200707479855,0.024505147431925778,0.0165547312399128,0.018110165577975623,0.022725603591319254,0.02248606345079396,0.008000094352447418,0.010151282265417283,0.012340236267563975,0.052584597614245165
2020-06-17,-0.001391534645891368,0.003461335400713139,0.009830663019560593,0.004196453761903474,-0.0030457819983983336,-0.032572557439972116,-0.025279132737924037,-0.0040626159393107875,-0.0016930440435241056,-0.014449222335010559
2020-06-18,0.0003983914809486677,0.010708367528933227,0.004922484646629588,-0.012681308791358092,-0.004235406231341443,0.006219437686809215,-0.005428470162593291,0.00880217486135404,0.011447314535333764,-0.0049912757107618555
2020-06-19,-0.005714784465442824,-0.005959567182344805,0.007923935918584757,-0.006610211354801887,0.002928374913437448,-0.02003416993557383,-0.01142093619298068,-0.020642525818215574,-0.003018053434639567,-0.0010187144346941457
2020-06-22,0.026163964436843434,0.027773408720951798,0.014508287231048467,0.018264166682875116,-0.003058998114671585,0.009569228911349592,-0.010837331886140444,-0.006084218825545551,-0.009838610803406866,-0.013102251915981467
2020-06-23,0.021344599265525677,0.006680985751750024,0.018641697717608263,0.009182059503463957,-0.0036963040604974795,0.0060317510318614875,0.012196174457393516,-0.002186236838165545,-0.00016945583939775855,0.0036569955822187694
2020-06-24,-0.01765186380742323,-0.020157687437496574,-0.010855867894827953,-0.02136632424859186,-0.021279338060266606,-0.04710912163241421,-0.03339119780370503,-0.021691916906015685,-0.011127333650828963,-0.033188377232697186
2020-06-25,0.01327551611201594,0.01263648739584844,0.007380066387785211,0.005863013545553297,-0.001072866966236763,0.01505603383677756,0.03486177183781125,0.00627090335197944,0.012626674093896062,0.021710828543705762
2020-06-26,-0.03072584240153986,-0.020015888474894217,-0.02240276315369638,-0.05451384111580082,-0.013317412759650593,-0.03431459077161736,-0.05481860079140721,-0.03026896193094497,-0.022563356287014447,-0.018603127941592246
2020-06-29,0.02304658257737069,0.010747280922227542,-0.004638148068063508,0.025415602810917814,0.008925316617126366,0.016047673020592956,0.004428382140859499,0.01813162467114693,0.02108800331079541,0.023367769334629473
2020-06-30,0.008347596660577938,0.025549193140370408,0.029264486024190406,0.014944556057317593,0.011435842158270093,0.009025343994335744,0.011397651537539355,0.00721390638706354,0.016233684050658503,0.009980131146864357
2020-07-01,-0.001891572372450634,0.005847541731446304,0.043453386195574595,0.016889154832288034,-0.0017776203766296517,-0.022584958715755943,-0.008505003976682857,0.0031332431416499773,0.0034285591188025766,-0.0034781862861648083
2020-07-02,0.0,0.007620766240977295,0.004029609482701257,0.019369017173490377,0.0042028268764944254,0.008464817329497443,0.0032482045532242765,0.0013387697598148396,0.007501448004883837,0.013168481145348299
2020-07-06,0.026750429966007738,0.021526350703087838,0.05768955229869066,0.02021864424565445,0.014258077513259693,0.007032665944333161,0.025253658388662226,0.007798608356958114,0.006204440750946283,0.013388518818687745
2020-07-07,-0.003102747898824587,-0.011628037210999143,-0.018619371729473477,-0.006487969325344234,-0.0009090919405739806,-0.025906653294284543,-0.028210847587142873,-0.00044237953560144483,0.0048508404611080636,-0.0172294883784766
2020-07-08,0.023290010391315397,0.021993009211304093,0.026995584181255694,0.009181673353123587,0.00293998142558638,-0.0023124920383484904,0.010615491422655943,-0.003096411646142938,0.005481846651721023,0.007311420978134864
2020-07-09,0.00430019459184261,0.007000786195840325,0.032949191382365184,0.010015987904233192,-0.005444140098002315,-0.04126139659260519,-0.021650801801598285,-0.025737754101346155,-0.0033363706098376023,-0.018731058911210408
2020-07-10,0.0017493825563401622,-0.003032960098945825,0.005457748808544549,0.01339981068834395,-0.0008421982899738945,0.031189814785784087,0.054667046190018054,0.028239358777838675,0.011512108806599253,0.018134178328222283
2020-07-13,-0.004613170125887023,-0.03088866704788884,-0.030000019073486373,-0.017400513693252018,0.019948088503903394,0.00023443660621036422,0.01433484813876218,0.002215008388053885,0.001291636918061334,0.01999848128707704
2020-07-14,0.016548404044692155,0.006181238278866852,-0.006443299095769239,0.005706449651171397,0.018662317505058867,0.033051866900863036,0.005734622048732652,0.013701449421281486,0.00838365627542803,0.04832660450269577
2020-07-15,0.006877463398729633,-0.001487621008380069,-0.02436122126125273,-0.0026167308213783658,0.0022983384830308484,0.012707003895455982,0.015477232007007125,0.011554568114925834,-0.004716593962519444,0.010812083037437858
2020-07-16,-0.012305149054462339,-0.019803871138601825,-0.002981196241378159,-0.0012922113843893968,0.006677928259262167,-0.007842143218070308,0.002807553941921004,-0.005388193749868542,0.002088518171465825,0.0014457997932786348
2020-07-17,-0.0020201748080623805,-0.005100101617855679,-0.01264375276193297,0.0012739665140995005,0.0006698122641586313,-0.0171634322044818,-0.018498125150369416,0.014517907655004603,0.006973096968780679,-0.004580937103898286
2020-07-20,0.021073910346512514,0.042981053209964815,0.07929519957328535,0.030978575535180353,0.0016742546416754767,-0.023437682684769978,-0.008761285188991108,-0.014950652657147345,-0.003104350190862748,-0.016581263265568857
2020-07-21,-0.01380161093566723,-0.01346881735603589,-0.018314900474015072,-0.005064427036488239,0.0009356154397632821,0.05058793936788808,0.021685387200217843,0.023417312869312035,-0.0013572675945255908,0.009210280448708641
2020-07-22,0.002808927838141795,0.014371209777412242,-0.012229630062539742,0.005739442754623791,0.001803273458956589,-0.023291962403152566,-0.007242690693761378,0.02711832637317091,0.008555056132209415,0.008169389723646558
2020-07-23,-0.04551621018820107,-0.04349460695652596,-0.036568799201794455,-0.03073771923067803,-0.0026664559825381184,0.0020637099360416578,0.002938772671153167,-0.004125162445691721,0.0064700463273525965,-0.002774392922514135
2020-07-24,-0.0024772690682204335,-0.006122206828835575,0.007486874288995304,-0.005630477246786336,-0.009959451943091557,-0.006178605515775537,-0.007072382546488898,0.004349702791111243,-0.0015852748306359743,0.007174759024282551
2020-07-27,0.023700511096908405,0.012667704896801135,0.015387648743417026,0.014069751656828888,-0.006346289910897029,0.014736525765715491,-0.014041583527417911,-0.00020655444126416178,0.0028579972273088394,0.016790130072100062
2020-07-28,-0.01642762711009349,-0.008977304693320143,-0.017962780502695397,-0.016856067773736494,-0.0023779888361346035,-0.011799136567615776,0.004334371120685576,-0.006188120326905522,0.012349594741215109,-0.013296222907352107
2020-07-29,0.019168444667897466,0.010097871629973554,0.011065474265779418,0.013207806785378917,-0.0019749740859459353,0.01102176493435314,0.024249920829824134,-0.0033207355665683114,0.0033624671631080627,0.018112099655405167
2020-07-30,0.01210019021170039,-0.00078395369126949,0.006049030252796905,0.009753940649819492,0.002047151461162189,-0.04905758137835736,-0.026685279497542735,-0.006872080266642877,0.024238475193086417,-0.02704029046431078
2020-07-31,0.10468834811335737,0.005443797045092902,0.036960821567137314,-0.03277512320816556,-0.0073545663415037765,0.00501559127992679,-0.0039167665120128925,-0.009436228043565698,-0.0022830417184130924,-0.02815777887323656
2020-08-03,0.025197701954394747,0.05624112595482589,-0.01668096589563972,-0.003487893297136724,0.01090811462495389,0.004039877056815966,-0.005587715839774465,-0.019898288338817793,0.0012963383339343881,-0.008278174690476314
2020-08-04,0.006678049914524475,-0.015008589840509012,0.008657119256458845,-0.006380082572614354,-0.0008825588174774524,0.02887555710364209,-0.005723207498147587,0.008423446389711264,0.019041893370379537,-0.0019730004494724618
2020-08-05,0.0036248363370008363,-0.0016409552072365052,0.021090645909052075,0.003929971034069668,0.00801542833281177,0.008741681725371375,0.017373146262298578,0.01135124675889232,-0.0026159349291915435,0.0262314397951251
2020-08-06,0.0348891870038488,0.016013887437631658,0.0062308600392182445,0.017483669620196096,-0.005727715657513177,-0.004788892940844169,0.0003083492394035936,0.00550634952016682,-0.005470646650854949,-0.004297062992966394
2020-08-07,-0.022735728383565967,-0.017887883570966823,-0.017841853651889505,-0.004372067864738649,0.007116198025782117,-0.004582705305095747,0.022007483691149687,0.006739770423985991,0.006329764553197892,0.003943876311242045
2020-08-10,0.014534869110362836,-0.019907666422000148,-0.006093187166982039,-0.001034478153082996,-0.003835758478282991,0.024631364815039358,0.012678982385192272,-0.0016738057611733748,0.004118255278055427,0.05262359094706115
2020-08-11,-0.029740152803188535,-0.023385061592806067,-0.021437993092404684,-0.010876508393565576,-0.007160644159639462,0.01033487884261608,0.03159719936685801,0.004400747979833586,-0.006487901427799425,0.00359121667019191
2020-08-12,0.03323445188032981,0.028567060153887658,0.026478049605839216,0.018034049088206716,0.018302508939472606,-0.0002265164407874165,-0.008475838481670217,0.01043191283166145,0.01673826756946073,0.00028090152107518307
2020-08-13,0.017697495135436947,-0.002342532509017836,-0.0003858318082136103,0.006243266157213823,-0.011091608022403943,-0.024495798827165682,-0.005537187905308993,-0.0010325436959973677,0.002362379083569399,-0.013326982158648026
2020-08-14,-0.000891125707882412,0.0009582897059470241,-0.004112558082955964,-0.007925371063412845,0.0016217483203233574,0.004417953269919561,0.00039078542049875153,0.001446904347488065,-0.0050084369606624435,-0.005047309964979263
2020-08-17,-0.002611006627797785,0.00660593011351529,0.010924312234330102,0.007716126589984329,0.005059461454961944,-0.012963205520584942,-0.026364803076022514,-0.004953391703787391,0.002960942128116484,-0.008859714133434449
2020-08-18,0.00833304680099145,0.005754404094524546,0.04087466955935781,0.02607778897857993,0.00738297073712646,-0.004924947047275641,-0.013940351870351253,0.0043558292026342205,0.007453931591113738,-0.002523405404012191
2020-08-19,0.0012545432270183454,-0.0060668566463828455,-0.015701145907449088,-0.00717994416577461,0.001999151747639427,-0.011076945701432361,0.0023394624391384067,-0.021684974045781624,-0.005420924927777904,-0.0025290525238597095
2020-08-20,0.02218959729262515,0.023271068456488964,0.011314270642265756,0.020484397559723977,0.00684829011488719,-0.015253040661651673,-0.01197371603942543,-0.0004223944009179581,0.0079546130726873,-0.003912823527449816
2020-08-21,0.05153249755354339,-0.0072696662177965665,-0.0038364352508537536,-0.000431474007206889,0.008850026320444737,-0.007502072575491181,-0.0005136797248466163,-0.0014784748618298371,0.0043114572786648875,0.006910201177074304
2020-08-24,0.011960193150093223,0.0031450772706858032,0.006923017605080961,0.006080371466221424,0.0026356228930564107,0.029505073443732766,0.02815470537639042,0.014593930194924276,0.007785079302856879,0.023477663177952968
2020-08-25,-0.008203515940750528,0.013009568279286565,0.011800549645987202,0.013058683421880657,-0.0005912679932771336,-0.03173863892973794,0.0043974344448221014,-0.0012508580377954548,0.003970717992077599,-0.0037408282179167696
2020-08-26,0.013598910282491827,0.021619614516581676,0.0284955613728457,0.023837666321561368,0.0015784325166519064,-0.021281706613121232,-0.014029929371694116,0.00521818192039647,-0.0048179560512982,0.004817741795827946
2020-08-27,-0.01195434703048004,0.024553346259615694,-0.01215915158498826,-0.009494240077376315,0.004464707191560002,-0.006748407796400291,0.032899081348731096,0.0014533242802314827,-0.0013005516314373855,0.010857843794792377
2020-08-28,-0.0016199258556425233,0.010283476252062274,0.0005293902228860059,0.006699301550714631,0.004314000121966144,0.023905344111856186,0.004103832870609336,0.03317463546169086,0.004051679800581853,0.0018135630631692656
2020-08-31,0.033912115361806494,-0.014765812397777633,0.014451219151166761,-0.006038647910018402,-0.0014968177326341037,-0.018432229446586512,-0.02510465753728075,-0.006020469927562,-0.003170968629692128,-0.009190361225781984
2020-09-01,0.03983261403964011,0.007715495659918137,0.01395547583299983,0.015679294879515915,-0.012320131288985126,-0.01276905433213038,-0.0004990439797705193,-0.008278008511010237,-0.0010840171083498218,0.02628060914636232
2020-09-02,-0.020718431706887253,0.019272193805988547,0.009239471142122424,0.03764775870521753,0.015245912546596019,-0.006086843380457174,0.015079132592032973,0.042141667341239364,0.01686217772705989,0.022047521395514247
2020-09-03,-0.08006084622876752,-0.06194693446862021,-0.04628410915968095,-0.05117063994134896,-0.02782296491707359,-0.0020410848758904976,-0.003148251871696539,-0.01386982305089024,-0.016013159580918424,-0.016815455361684495
2020-09-04,0.0006617541560534068,-0.014035933061697481,-0.021787358799564616,-0.029640836651222302,-0.006419458332011296,-0.0007669335749930228,0.02161261684289162,0.011093607142824924,-0.0021700309710563914,0.009675733246665263
2020-09-08,-0.06729490652970394,-0.05409551715567662,-0.04394435952982134,-0.03643407637687757,-0.008950636290049552,-0.023029881177544897,-0.03477594095812908,-0.02409887374255182,-0.014641974058382412,0.002294731940621242
2020-09-09,0.03988656624598441,0.04258335142304448,0.03770662418145765,0.015509173003072307,0.016569496712450338,-0.00602404096845266,0.009507456497092726,0.007629242444627593,0.016257220544268813,0.028076702208972515
2020-09-10,-0.03264559884792073,-0.028018413759309135,-0.02860545100214451,-0.01368885650231133,-0.018637413364531952,-0.025032895104270203,-0.010310280740940314,-0.0037856934242298523,-0.010495892970185383,-0.018534280642988343
2020-09-11,-0.013129032325135181,-0.006524619149628541,-0.018547317429499666,-0.0067429156967075965,0.005922094359329,-0.002702711726439433,0.012421153646944072,0.021200135199959336,0.010534342817089426,0.02649154801078768
2020-09-14,0.02999991221463172,0.00676362220073079,-0.004251985314208007,-0.004572037932741746,0.0038568642380880647,-0.006504113072655304,0.013851833148433412,0.0011846366661230068,0.0035470080053614517,-0.0020802601214057193
2020-09-15,0.0015604319299580283,0.016406216133868057,0.017132004407634627,0.01742411790530629,0.003640049036917503,-0.010638162210813595,-0.031130973501549808,0.00670443254998121,0.0,-0.03198465460693756
2020-09-16,-0.029513583253377274,-0.017865687438797462,-0.024723344317983953,-0.01500210035221139,-0.0032911259504055934,0.042458963601278876,0.004230374632619771,-0.0050931453214977385,-0.006708513670584004,0.0168904711341904
2020-09-17,-0.015963744729076246,-0.01043654608565281,-0.02253666798925036,-0.016566600838439416,-0.008288195454156044,-0.00026439156243052153,-0.011434266124816017,-0.004725308772688508,-0.0013071975576777195,0.018264944894012425
2020-09-18,-0.03172011687578191,-0.012419446367164189,-0.01788790878106783,-0.02417542874558165,0.013657455315388978,-0.01613766146200224,-0.002130684381200232,-0.0019780920106170496,-0.0010906601912973324,-0.009618110507425559
2020-09-21,0.030325805679789486,0.010729435375401053,0.001881613182508124,-0.01443729964255247,-0.027349291152580668,-0.020435388391831344,-0.030909854470117626,-0.02695738219586996,-0.004804636239115201,-0.04632858958009134
2020-09-22,0.01571599007743618,0.024093880072544982,0.05692335984779917,0.020753186049625727,-0.00613381285934933,-0.024704931145613673,-0.010912017306523025,0.011611317397594911,0.009143314298820426,0.012523143984247254
2020-09-23,-0.041946248646072104,-0.03292822704585352,-0.04126889165142078,-0.034545331645960964,0.0015946954244112632,-0.032085494051569685,-0.016229931417112375,-0.02919851402162066,-0.011960095607066346,-0.01882434859860349
2020-09-24,0.010268781872184496,0.01296163985965304,0.006643681788120581,0.009557205390132717,0.0015925283321214234,-0.002035637209878871,-0.0008625364631632548,0.010163962297735862,0.004475176417575444,0.005263918907742138
2020-09-25,0.037516119801734193,0.02278663089950328,0.02494874307344297,0.011385500821387673,0.006843444721979397,0.009324056211829967,0.008741344638003579,0.000410535331563322,0.005112593175830904,0.005305405481635939
2020-09-28,0.023869075673673246,0.007795188353793225,0.025498115680328004,0.013620048756270098,0.00995457096021668,0.019342022308234785,0.028779469622659315,0.01149417595081026,0.0028338756409012067,0.012130514882433552
2020-09-29,-0.007568077944114515,-0.010408950870397282,-0.009190126805558863,0.005045774592518093,-0.00034008759385661946,-0.029170287870902034,-0.008423643347808318,-0.007305146472335822,-0.005434454666693345,-0.001828382346310553
2020-09-30,0.015075986274514896,0.014812677603465163,0.0012241460404771587,-0.00028645640822311247,0.012376081955143725,0.001458581294037531,0.009648774571311414,0.009198884995979428,0.012603648252735633,0.01180381298823896
2020-10-01,0.008462295223369942,0.01012673436858269,0.023034752317315554,0.015215529881930978,-0.010478174073875413,-0.034955036954719465,0.007271287733013221,-0.003848487530733413,0.001799203010040662,-0.016359201568282078
2020-10-02,-0.03228021113044821,-0.029511505449120512,-0.02988273802333874,-0.02170847423116451,-0.007331056876358044,-0.004527488201105712,0.009487670210134969,0.003660045332298134,-0.008044181273843432,0.022016297476415314
2020-10-05,0.03079082432989555,0.020321104409030344,0.0237440429687501,0.0187070590630396,0.013607660343942563,0.023044097731270474,0.021136111525927648,0.0004052294693293046,0.009195015772131665,0.023675911596063637
2020-10-06,-0.028669426525049557,-0.021247170019151884,-0.03102028886576813,-0.021452150182596164,-0.01328992228509096,-0.010373409130133626,-0.010298918238192512,-0.008910795206418243,0.0015782729461524259,-0.012769500696210412
2020-10-07,0.016967135185601778,0.019037511147226738,0.030881037106998743,0.005596115522632283,0.011076189186614904,0.0032945272066182696,0.017445318279784683,0.012668628745137411,0.007807693639663604,0.021381787658244722
2020-10-08,-0.0009559932788619774,0.003574123859201972,-0.0016084400175445657,0.016646705854004074,0.0068296027878071985,0.052537390746396184,0.02055559570122889,0.018159730851888156,0.0067519432445131145,0.012211493800744044
2020-10-09,0.01739606477967337,0.02483614609438667,0.030120249141207367,0.018214555933418364,0.013969861822740626,-0.014747720807408826,-0.005698384247388,0.006936253505931189,0.008965742512433206,0.014553904071267887
2020-10-12,0.06352039469724757,0.025902530886675157,0.04754990740220588,0.03584358595461978,0.00576271596544875,-0.0031662224240225356,0.012252908614122315,0.005510689522007395,0.010985161605626015,0.02309096618048745
2020-10-13,-0.026527327225250863,0.006594290821505977,0.00020333647320058823,0.0015851707283285332,-0.02291878938827885,-0.011839596569870325,-0.016204875894088255,-0.01702868208754027,-0.0019380058340082718,-0.0030133816415935932
2020-10-14,0.000743169620379458,-0.008974227230101217,-0.023208080547411636,-0.0023165746287827638,-0.0017525541510928777,-0.0020455378140645797,-0.0055562228594537855,-0.0019912702596395215,-0.0011787925077436645,0.009190476355125154
2020-10-15,-0.003960692793155363,-0.005433194454978585,-0.007450142689235051,-0.0050976245514642304,-0.006144134154606795,0.008784873898796342,0.014966804119868726,-0.002593554306027701,-0.0014580917551947348,0.008740183852836259
2020-10-16,-0.014000465118309657,0.0,-0.019750480983333984,0.007862766965967438,0.0061821179164449624,-0.010159825867717132,-0.002064393665451081,0.0007999733312027413,0.0038935516210423238,0.02247947667449779
2020-10-19,-0.025542016788118627,-0.02476538959467689,-0.020013957457728493,-0.024079960886818186,-0.02552287619038296,-0.019941262108163937,-0.01684579178068113,-0.008195005244864939,-0.017175732039868108,-0.0072296052445490755
2020-10-20,0.0131920207399292,0.0020068996379731807,0.003055554339711275,0.013810761605762778,0.0015934795753771436,0.008378013122500194,0.005711419449017319,0.012696612365822535,0.004016687273574071,0.008715038528859465
2020-10-21,-0.005446325676312758,0.0006990122283494493,-0.009968886774915697,0.022506967924077248,-0.004289096022595529,-0.016023465825149907,-0.009963019627773684,-0.0051741386251003,0.005404187178398079,-0.009408999895462289
2020-10-22,-0.009583381285909742,0.00041893543428828117,-0.0026812857408547996,0.013032937643149722,0.007989671979989454,0.051266610171757154,0.03532246490078128,0.013802551979243294,-0.0070826805139549975,0.013500925524360552
2020-10-23,-0.0061337169873735276,0.006235715749079995,0.008814971867029398,0.01638183967556528,0.0011028540537336706,-0.020080317936456482,0.009039661041826852,-0.0031569534197692928,0.006574896097796046,-0.00023738474299928036
2020-10-26,8.690139570077804e-05,-0.02844200935589669,0.0008238907949942309,-0.029816823165740525,-0.008743825048046716,-0.023712064355938534,-0.02475687620518019,-0.01425177402070854,-0.007585088907586579,-0.03197102958109621
2020-10-27,0.013472306056665051,0.015089680548754814,0.024723687101579017,0.00920921008458886,-0.005695834797594834,-0.01589209369700406,-0.018865785087978426,0.002007972967566163,0.00750150780776071,-0.032414399470825805
2020-10-28,-0.04631221194294188,-0.049566217773299726,-0.037595069983728635,-0.05508870223742346,-0.033461389991816914,-0.03808644274173201,-0.02808819594186418,-0.03887781028858439,-0.03301474770361257,-0.04274550780370856
2020-10-29,0.03705029564495055,0.010065053331405727,0.015249235849637444,0.030500543449852424,-0.008456135242254859,0.04434581685472949,0.006525849560956809,0.0012510813591901648,-0.0006539345996056101,0.023220166259142472
2020-10-30,-0.0560179006500553,-0.010990639162441362,-0.0544564552314909,0.03804403821035063,-0.0005830423940476059,-0.010615821221327426,0.00895332040536334,0.0008330749424183548,-0.003416369804957853,0.015387591162155712
2020-11-02,-0.0008267300420777834,-0.0006915477254146873,-0.010430948040659138,0.0050801809978198165,0.011523666008734335,0.04199886342650405,0.022541744678881814,0.011651927716042731,0.010211266516035211,0.039604859797491176
2020-11-03,0.015353441477121255,0.02026395147726623,0.014621516534147005,0.013137652073182293,-0.0013701847286601287,-0.01706353083435641,0.031521294085172125,0.015014367233969983,0.019639329584552945,0.027072056584311666
2020-11-04,0.04083657344097191,0.048248919349885844,0.06322966294024535,0.06088153228881321,0.006498059683942126,-0.005387973456857487,-0.030558064352057324,-0.0036473463509011372,-0.0041070907869096285,-0.07430384383275379
2020-11-05,0.035493800022402766,0.031886674890065025,0.024941733698923496,0.009536779695689335,0.0025827384464955916,-0.0018056474318672855,0.04089758677258315,0.00549104727760219,0.012371897104036078,0.05063454421188052
2020-11-06,-0.0011361890485358517,0.0019258824995076473,-0.003199936061909714,-0.001571463920133409,0.0178161335200413,-0.011757391308538812,-0.013320521524269768,0.00020224113958478007,0.005969902242067171,-0.011036902582292507
2020-11-09,-0.019967846997168692,-0.023824459354491956,-0.05062255447737596,0.0009601787388118233,0.026924517030937345,0.12660156581946902,0.13539269939380527,0.06309407769397923,-0.03658431153615871,0.05908616867702943
2020-11-10,-0.0030090414350729677,-0.0337928421864061,-0.03458294580536425,-0.013454952338194937,0.015060294130625929,0.02218510533492757,-0.003250864793341357,0.026821526720095745,0.01645056660173294,0.008664307240883184
2020-11-11,0.03035273365740787,0.026254884861842465,0.03372959332756431,0.005472870097314564,-0.003236978723250128,-0.010309241305726302,-0.014933188120470953,-0.007410185756732357,0.012904433264100401,-0.016483170296762162
2020-11-12,-0.002343318195077271,-0.005125928849042949,-0.008640935353967705,-0.002524051529135707,0.003382696889350889,-0.034265374906053525,-0.012284254522575422,-0.0106383742976498,0.0005631488856907563,-0.001947263579087366
2020-11-13,0.00041937608404962745,0.004966649396061618,0.005957652481424658,0.016891966493772115,0.010788837363405301,0.0241272946562332,0.006262540701424291,0.008300265564418208,0.01498400107343456,0.015254825573786768
2020-11-16,0.008720379783472287,0.003325383243447222,0.0007190451875813686,0.000998731997764457,0.006338054163139262,0.05764961435203819,0.028226027859040936,0.007483664987061989,-0.012822271288532638,0.008619101210430191
2020-11-17,-0.00756437630626372,-0.01275126525133874,0.001469221257177411,-0.006972694430869009,-0.00994409451501399,0.013364751856126178,-0.010145050647891951,-0.003156959526990022,-0.0038616459787381707,-0.007391041649647545
2020-11-18,-0.011391187109503376,-0.013183595755435484,-0.00963120822903818,-0.011932111017532554,-0.013257641154906352,-0.037755585232060906,-0.007406725070232434,-0.01993274148630786,-0.015364927940379247,0.004828390037747932
2020-11-19,0.005168044778678382,0.006348188730614046,0.003722494885254779,0.010300964147250014,-0.0015604406633400458,0.005106422793704324,0.002689831204243598,0.00988389938715839,-0.0012167084931958838,0.0009262625788746259
2020-11-20,-0.010957490137650128,-0.009556735806094507,-0.005652814007175211,-0.012618187729353858,-0.005301194585092817,-0.012299433113172276,-0.008566956402143666,-0.008658079132257135,-0.0016483676238606693,-0.0038752389068283932
2020-11-23,-0.029742530741599382,-0.001330666887546128,-0.00032591205652088284,-0.005079736084584452,-0.010182362369976272,0.06551154797485204,0.028803457193066873,0.00018992463972544726,-0.0038767793290888086,0.014805860194715637
2020-11-24,0.011594094948429445,0.01784771611267799,0.006348492495275249,0.02103557707713244,0.0,0.06656515255809836,0.04623706804667305,0.010250802491984512,-0.0032431802351745587,0.012129514795258922
2020-11-25,0.007467228014370164,4.683006750272334e-05,0.02149089105013391,0.00013029865184099876,-0.0013203893767396169,-0.027870596255584745,-0.010460385858136023,-0.005449020696816742,0.0026752742708897603,-0.012831942317865774
2020-11-27,0.004826256655237282,0.0063588071244991,0.003224444340751864,0.012975461581521852,0.0022271772808362122,-0.015192511229874861,-0.006637760569464302,-0.004345695388261905,-0.0005046412913719545,0.002576719074392164
2020-11-30,0.021099576910700524,-0.005389621155415303,-0.008543726224847115,-0.018254067866415924,0.004722311650587452,-0.05125632316409012,-0.027553148941171002,-0.013195470457108116,0.00187553782304839,-0.0085104799037381
2020-12-01,0.030827551823519705,0.009996956419645153,0.01642659261366375,0.023347006149827987,0.019145476095103087,0.009703670703928413,0.01577868775882818,0.008527261994545343,0.003600531267868856,-0.0019011292203765517
2020-12-02,0.0029336311539469584,-0.003885280967922511,-0.005139620139509304,0.016492642541513947,0.004679599061041095,0.03740244817498839,0.019208264449553925,0.0013450276543143236,-0.007246826711035492,0.003520772322837651
2020-12-03,-0.00113748405496783,-0.005246686528668998,-0.005244192164348127,-0.001715056503992618,0.005805387359135716,0.006760277062515696,-0.006555208486513253,0.012857258152966677,-0.007372167428083554,0.004371372240727922
2020-12-04,-0.005612719840149327,0.0005601439360412019,-0.007578327983446487,0.0010537682036115825,0.008523314516225344,0.03655804710664423,0.009072704662691278,0.020272916232498828,0.0009465373099999397,0.043405708730197334
2020-12-07,0.012270094691865463,-0.00032652423742041137,-0.00144820943300783,-0.0036901727015681285,-0.008650800751119792,-0.018714060366157415,-0.0037599090898615684,-0.01597038435357756,0.0015276352495661172,-0.019208609655656073
2020-12-08,0.005090838533751141,0.008026532983048673,0.006108347649924184,-0.0031369711026224545,0.01731900366876138,0.03276303899603983,0.0009847456586942194,0.003585920703583323,0.0026875799525345467,0.0007274416105291781
2020-12-09,-0.020903752752832072,-0.0194899417951222,-0.02300385041546993,-0.018478128861366794,0.010227404600566148,0.013257384444438802,-0.007786951896249228,0.00282046548410797,-0.011879768047738493,0.006877916973716536
2020-12-10,0.011988874602909538,-0.006043499987103851,-0.0008730964486967085,-0.005742846811700009,-0.005551683845444466,0.028271213550641994,-0.006443752069259179,-0.005250308429080475,-0.006598103803246547,-0.006775428813274198
2020-12-11,-0.006734746837576355,0.013015365261655587,0.004813852496939441,0.004044971492648264,0.004597471309020218,-0.004771654604608044,-0.005903400302609052,0.005654924267159744,0.0073796807697623645,0.0024603208017419664
2020-12-14,-0.005146759557564273,0.004407820709776633,0.013011701561464806,-0.012699951661443776,-0.025367616069015053,-0.03607304096628505,-0.01053844253824554,-0.0014993935638175637,-0.004834690378065498,-0.006916211909207326
2020-12-15,0.05009040013787791,-0.00032684273718974755,0.0025815971159888207,0.005033261059785632,0.010062284995981274,0.019422122719652934,0.017075322456995945,0.010700117682147514,0.005888811213152323,0.020724351933742113
2020-12-16,-0.000547271471333266,0.024050749619416445,0.023961224378619583,-0.002208834077565891,-0.005977545319650446,0.015334499662257084,0.0029089188490210027,-0.014487435490411427,0.004537252799473368,-0.012325039627910539
2020-12-17,0.006963362618836122,0.0006385417879199995,-0.0015057469987226346,-0.009492318810222167,0.02639173297927,-0.005034337476620077,-0.00828718410892093,0.00395793859305571,0.007139027892012928,-0.0018384406982951962
2020-12-18,-0.015850713228406144,-0.0037827256764980666,-0.01063939440891426,-0.00821034124979847,0.005793115008120964,-0.01724946198445998,-0.0049301400908653426,0.0088227871505131,0.0057142762158668425,0.009990492155792952
2020-12-21,0.012395295531960615,0.01829914408938227,0.0014149045573290664,0.004831309913156723,-0.009643046385969578,-0.01825398108157361,0.03753779626355502,-0.01730530362874938,-0.010931860885348144,-0.0044208453719205565
2020-12-22,0.02846439172546389,0.00606506604053858,0.00010603453584812073,-0.008267172229855624,-0.0019606129579654574,-0.016924952594706832,-0.0152165786982017,-0.0009468839698304476,-0.007053615913298783,-0.01987137388613247
2020-12-23,-0.006975904268671118,-0.013039323607110243,-0.006627122071927394,0.0046564755292966,-0.005107421428114822,0.01285163281874957,0.027944355601061455,0.006065068613020808,-0.001537992114108988,0.010420329821103191
2020-12-24,0.0077125008851210985,0.00782744116193812,-0.003949415822362745,0.00343123195131545,0.0034884368722369885,-0.004070143268137039,-0.004397542087580031,0.006782142547566483,0.010121678873752815,0.006389368829111897
2020-12-28,0.0357656329393341,0.009921480907178148,0.03507113271672124,0.02295052658649044,0.0047219313569317745,0.0033657349330513675,0.00658533189223709,0.013473330297500308,0.006970789390861487,-0.006627214105661805
2020-12-29,-0.013314945125468602,-0.003600814754188053,0.011583625131030173,-0.009132009579264078,0.006201622377102867,-0.01126020887790602,-0.0026326445819458977,-0.0005539359108512887,-0.0018748462829359935,-0.009642963221821343
2020-12-30,-0.008526665668401656,-0.011019490853160563,-0.010882060864285004,-0.012237171087000176,0.012391635202073203,0.00799579847777343,0.0027995733406251944,0.005726706523681013,-0.00469582405547142,0.019190618701333984
2020-12-31,-0.007702872752276768,0.003338207331720522,-0.008801370623195415,0.009439936134359117,0.00852239123344778,-0.009134640313587905,0.013640776190701365,0.00734760673730861,0.009944445495863707,0.010997558942521524
2021-01-04,-0.02471898942116113,-0.021265896890253266,-0.021584740620304466,-0.015125670742268782,-0.005591549332377821,0.006792837728847534,-0.009443654509245003,-0.03792839341133236,-0.00948730635342021,0.000714027524286287
2021-01-05,0.012363367802698866,0.0009645148068613274,0.010004358381754175,0.00806425433472402,0.011757420328373236,0.048193016907638775,0.005441201905211468,-0.010993378645272833,0.006385024097274261,0.00818015357600177
2021-01-06,-0.03366133508981506,-0.025929354125080017,-0.024896614147709384,-0.009867770338104709,0.009410129773516296,0.025516978967857096,0.046955948472135356,-0.0318128543581877,0.010526418419062322,0.05565222699649519
2021-01-07,0.034123300938056156,0.02845710017213232,0.0075771277744003385,0.029868676466974886,0.003378535872104793,0.00784569008225211,0.032838932969731394,-0.01108467836182414,-0.009346379027757923,0.001908750458637476
2021-01-08,0.008631166276514612,0.006092779721261987,0.006495514374673217,0.013238724947098435,-0.0020577087678441686,0.01112113324643449,0.0011042918796722034,0.022417941332113056,-0.00043215651895600615,0.00015437708585097631
2021-01-11,-0.02324882365351344,-0.009698503379155565,-0.021519462280005563,-0.023105737530227044,-0.004186571902300096,0.030356543420762883,0.014924517934964854,-0.017227876805432252,-0.006772806144026422,-0.0020591732679626773
2021-01-12,-0.0013955633820094127,-0.011770778282050198,0.002125797051401035,-0.010738499986326366,-0.007780587651394,0.022203402137619177,0.015718848431305554,-0.0017928092506450666,-0.005803437898828867,0.01898290955508264
2021-01-13,0.016226680087447543,0.006560283951479784,0.014438406874172749,0.0056521413226713335,-0.001517826960304336,0.011277827044338551,0.0009272416022063634,0.0009977242525811558,0.0015322523018932444,-0.008352656117124657
2021-01-14,-0.015127126701976357,-0.015345950788587248,-0.012135545173177387,-0.009346145164453534,0.017480586667982134,0.03903356402330593,0.005842430443087077,-0.018540768595388668,-0.010636464048125571,0.00770834451974256
2021-01-15,-0.013730592497837701,-0.001737295357532087,-0.007424600125642833,-0.0019066077057260378,-0.0021785409564814007,-0.04810170761974086,-0.017921860958851732,-0.010765728957725207,-0.007511140934530203,-0.014082978377288224
2021-01-19,0.005427122494890302,0.017822700355244914,0.005318518294228358,0.03290667701719463,0.015470893232754301,0.019836980142079463,-0.004327713524582721,-0.0039013441992173936,-0.00875494004402233,0.0024276074767604072
2021-01-20,0.03285613495232931,0.03649986092613222,0.04570048462239673,0.053573287933874614,-0.0024569012652331246,0.01412809300527229,-0.014995770894783322,0.0035044455561434873,-0.01250019847045436,-0.008863228505710308
2021-01-21,0.03665835334351164,0.002808200163774144,0.013363421550624865,0.0021700767678065613,-0.004003365560521055,-0.02866956168867607,-0.00838420567165199,0.005546180853418514,-0.0009836767146444991,-0.0007797980697574758
2021-01-22,0.01607361246612249,0.004356173292683341,-0.00446331304512726,0.004463686436506187,0.011253181914291144,-0.014134507010471253,-0.007713243517087909,-0.009397009971351733,-0.00770924349426938,-0.0013008524791170428
2021-01-25,0.0276840400737155,0.015844282099465312,0.0005376354551673845,0.0009088122824763012,0.014857934659011196,-0.011174292574557376,-0.012482179919314773,0.005980446146471641,0.017230914707154543,-0.023965743025266883
2021-01-26,0.0016790755931237467,0.012198863691323947,0.009754137082109926,0.007216274756422836,0.027111700798692295,-0.021961577199924864,-0.0040873055780636935,0.010455237506950876,0.006427528613354827,-0.0006941133220005336
2021-01-27,-0.007683530343275402,0.002453324848494365,-0.02812581228312927,-0.04665210428981226,-0.01525084986559655,-0.011336311538139299,-0.028271725263287473,-0.01541912525411615,-0.03538938796289204,-0.03514753447769792
2021-01-28,-0.03498521679782107,0.025890958430867084,0.0015591193708615059,0.018835154294268408,0.007624618893517621,0.015655943705235043,0.017597080612159033,0.012775887423237764,0.015423040553034228,0.020539269962156714
2021-01-29,-0.03742073375879007,-0.02917165691013479,-0.009704654514695155,-0.013943482779748329,-0.035646991395818395,-0.026487155926650963,-0.01106737266978397,-0.020346062237960427,-0.01649300319605307,-0.008137216951364601
2021-02-01,0.016520307021442804,0.03315219430939065,0.042629902924745666,0.035959144863576764,-0.0025747019481900946,0.0017842313320854952,0.007383185391128366,0.006853570577387558,0.005927939640105295,0.010282362433091663
2021-02-02,0.00633664061814021,-0.0005839997531231766,0.011104214562255077,0.013760653589573346,-0.008972914369275165,0.015805810090811168,0.03078229758079032,0.00990091393479453,-0.0013958661761414026,0.042117671680865776
2021-02-03,-0.007778730172468773,0.01457124528724174,-0.019961565909300982,0.07282506274164069,-0.004651199208978496,0.03922836428762633,0.0114515113752085,-0.0038803509807838754,0.0012424891449329678,-0.005454572578583061
2021-02-04,0.02575808613683339,-0.00407423572748844,0.005575845147329783,-0.002549930531889122,0.009283600534613079,0.019190566050723,0.023012983586676805,0.004920604137309548,0.0006201329831645452,0.00104456415236176
2021-02-05,-0.0030980595750089712,0.000785285474172337,0.006349415177487883,0.017140368886099155,0.015186099870869496,0.03351933818136099,-0.0019531007792157329,0.013058552762101883,0.004185243976498665,0.0070441517163082334
2021-02-08,0.001096817349297785,0.0011148133795544357,-0.008713780773966562,-0.0020633741362782176,0.0028581101999314296,0.043043153102500176,0.015654241674171177,0.0054380990553755115,-0.003087184448455904,0.02305689957549717
2021-02-09,-0.006573579421941922,0.005361403638212803,-0.00539885256244832,-0.00437994455226054,0.00818565582829689,-0.011711913831169762,-0.003995646016035526,-0.00440689420033602,-0.003870760799361439,-0.0008607461563473473
2021-02-10,-0.0045585719426007865,-0.0038970954500402444,-0.005573405440383872,0.005343527870681486,0.0032475710061907748,0.009677977392390291,0.0005730964643237968,-0.002012090806988942,-0.0034973581873521953,0.002230248586015282
2021-02-11,-0.0019204957385309251,0.006877499647905738,-0.007439273910078148,0.0010880367602517094,-0.0044957427324759935,-0.025039255202537025,-0.002792691289707938,0.01411321352945838,0.0008578629961275563,0.0031864418872502576
2021-02-12,0.0017761228790178496,0.002045217301316571,0.004775969497859078,0.0030065923932585115,0.003131312071266379,0.013643861568864546,0.014217110829036761,0.0077532439771110795,-0.005532718214134702,-0.0018151129873543725
2021-02-16,-0.016103991299385,-0.005265571273277647,-0.0026726192693009576,0.007479658045902449,-0.009064852849197003,0.030087273403570425,0.02407089481970326,-0.00828571540005818,0.0023508704223547117,0.022173144224424624
2021-02-17,-0.01764401581930064,0.0043597080288142465,0.012141589169594624,0.0037522869236288336,0.00357411255314255,0.015564455522925513,0.0031109423291946214,-0.0027850402784629358,0.004221491130171007,-0.0003954092693392308
2021-02-18,-0.008636262366729874,-0.0016791854550730623,0.005920814274298136,-0.006046625215539669,0.0004830523239056639,-0.015704540109866105,0.0033769716910809766,0.012766708823205075,0.008329387150242784,-0.011764945160401385
2021-02-19,0.0012331359546140508,-0.011567306868909721,-0.023535055745747435,-0.008072687153820812,-0.016652537949312762,0.006727973451490454,0.016690866210697486,-0.01299960546109813,-0.01860587645523304,0.04997018309069179
2021-02-22,-0.029798724976455526,-0.026808143158411735,-0.021280609604111933,-0.016540536389556104,-0.0006173449040949297,0.03685336830151309,0.009390464281535449,0.010377336496783629,-0.0042477820816329,0.03882606698999447
2021-02-23,-0.0011113322160275496,-0.005287706020642768,0.004326059526709614,0.0028526423304935378,-0.008834206007229506,0.013812229471994453,0.008031630061203776,-0.0017779375994843027,0.007426149396407622,0.009722226714767412
2021-02-24,-0.004052029839763938,0.005487085216719478,-0.010946968676518232,0.01149923964342503,0.013400369511155086,0.02997252342656931,0.017594917550394884,0.00336386358629448,0.0010977124617541634,0.010400350492024923
2021-02-25,-0.034782502637151436,-0.023704980349860905,-0.03240038681954516,-0.03256531672392693,0.0010457454107200004,-0.016578310754400638,-0.013571745984528594,-0.010648582768875925,-0.008459834214034068,-0.0029217786154640546
2021-02-26,0.0022315613814489765,0.014804364902314848,0.011700387973209825,0.002956411034905626,-0.02641948099173519,-0.024928396042147805,-0.02652442697042945,-0.02352043788246483,-0.02409545816219838,-0.026778337330674362
2021-03-01,0.0538513159603895,0.019622957333519375,0.017203798394717307,0.023616441927273968,0.005427572146805115,0.03733705376124408,0.022627080222365814,0.018575520587560623,0.006152308849388888,0.017972852656992444
2021-03-02,-0.020893594803642723,-0.0129568085307874,-0.016404262105025436,-0.0025028803578560632,-0.0018829506829980414,-0.0058511011174057215,-0.0032559200845400094,0.0040078720333553974,-0.0031377499809146503,-0.01792842568605435
2021-03-03,-0.024456838626385147,-0.026980922700361232,-0.02893170479822993,-0.025706330541068967,-0.017608212194287876,0.008025409344240453,0.019331805675270264,-0.0023951238700378186,-0.005972619408070368,-0.00421676162356277
2021-03-04,-0.01581171494553646,-0.003647577038213612,-0.009128157985388907,0.011196135102428117,-0.02016348989613892,0.038747350571404215,-0.01536848895154963,-0.0008004712207942966,-0.0082007581431911,-0.009957564735970315
2021-03-05,0.010738341060948287,0.02147947422331664,0.007687481916645478,0.031043323978993786,0.019794604853159203,0.03781316669138546,0.002324482136055517,0.017020311404588373,0.03135498706872175,0.03473252804890614
2021-03-08,-0.04167353279988428,-0.018177782184651825,-0.016167463748385735,-0.042712079951474635,0.008327954768201362,-0.0009847846195881749,0.013253077273796432,0.01673591085127124,0.010556965884725544,0.006449587288505754
2021-03-09,0.04064972394184685,0.028101345913243758,0.03756837366056898,0.016368811065957667,0.0019059197587010246,-0.015442736744245567,-0.0070627158689267056,-0.015104636386219505,-0.008875755365999605,-0.021572187873463156
2021-03-10,-0.009166728716602401,-0.0058173186876709915,-0.0017010173123747085,-0.0020438086833917124,0.009194776541233685,0.030702277597709715,0.02173476448109568,0.011403533027972923,0.009193086354561508,0.019649331222321154
2021-03-11,0.016502674578157128,0.020265001278428896,0.018298429776605563,0.03160325474535708,-6.262849807647797e-05,-0.007446668080834051,-0.005221119449600353,-0.01088599530116885,-0.0033766519235677306,-0.005880753551459561
2021-03-12,-0.007625398942137207,-0.005819611988232554,-0.0077402727850476305,-0.02406049465647242,0.0028904195828036716,0.010764654721399314,0.01185797904558683,-0.0019821168814011525,0.009691874109615028,0.04204597384931641
2021-03-15,0.02445666379713507,-0.003987287997245792,-0.0025279442445658162,0.0021657608683409713,0.005137887502188354,-0.025496031381162965,-0.004995210486513746,0.013304301882959058,0.0032776839199526453,0.007598324452487537
2021-03-16,0.012743107055631198,0.012350316724036192,0.0033034103914528767,0.014334869990114463,0.005921883140110662,-0.02119559591398623,-0.011971291150574381,0.003723476668847203,0.002955831998745273,-0.018549131770410066
2021-03-17,-0.006450566769129029,-0.0028185366416804136,0.014188848597238346,-0.0008014362470356584,-0.0037181703329630666,0.004398557793659386,0.010292261572711459,0.0003903672976082184,-0.004032880637008351,0.031661247543967486
2021-03-18,-0.03390523699862591,-0.02666212367998866,-0.03435878370750434,-0.029238069988846704,-0.0018660783214264898,-0.04311933491309794,0.016506868800307828,-0.013075897550959503,0.0021801757795798515,-0.012626804286151039
2021-03-19,-0.004480286796638477,-0.001603646342415943,0.015511909856343209,0.0027803711644711626,-0.002679463186675779,-0.0056328403673492344,-0.015921444324326295,0.004746117812035822,-0.00536117115676793,-0.02336578858799343
2021-03-22,0.028335925315371657,0.024484423927528143,0.01167821172408301,0.001840264495016397,0.0028739443146510446,-0.010267393575680406,-0.026879174128875194,0.003739335260080301,0.016951715184555516,0.0032404804596888326
2021-03-23,-0.0068888448762596255,0.006737562837977329,0.008560288075996736,0.005239414283288557,-0.0009343887543902252,-0.012341200902291516,-0.010002024415118438,0.007647053529636905,0.018589711879138493,-0.03437749215976249
2021-03-24,-0.019993485392454602,-0.00892313933625588,-0.016073304438495972,-0.004310629898250262,0.009728671332987382,0.020282570680575374,0.007761368242557243,0.0025296443921591916,-0.00030166402194387043,0.013653961294693318
2021-03-25,0.004163542959415567,-0.013250701333537118,-0.013219634289670767,-3.4688260841297947e-05,0.00037089352485186744,-0.0028400391694239913,0.012813881916412972,0.009705297456481965,0.00694016733520475,0.013651014902719583
2021-03-26,0.0051414831085245805,0.017818704028530252,0.0018941122432061253,-0.00380319227900372,0.018274408986217905,0.027234147332169556,0.016650057282307174,0.01960761302650127,0.014758989813345114,0.02341133617228297
2021-03-29,0.0014849426799317111,-0.0052435897098948026,0.007765307334585803,0.010401407534592177,0.006730534217736839,-0.005371786322062588,-0.015539147751230109,0.015271455814880763,0.015651329917441004,0.003137130301805513
2021-03-30,-0.012274449093972795,-0.014410896196470069,-0.006645597502498379,0.0003324441818468582,-0.006203383884548885,-0.01236929311356083,0.011789305888431079,-0.0129991300426886,-0.015410140720943266,0.012423054379585796
2021-03-31,0.018765795863012302,0.016907472077263064,0.01269600564306872,0.007842714238076809,-0.003999754526927246,-0.015170224937223864,-0.014565205155753103,-0.008278324897444178,-0.00014795021815683373,-0.005191569587876921
2021-04-01,0.006958583612793223,0.027908717804035144,0.02162845443110406,0.03261060295965246,-0.009248443529578876,0.027941662261468325,0.009722494838925178,-0.003794677239392974,-0.008491302697549052,0.00375221068699938
2021-04-05,0.023577137515900626,0.027728450591826492,0.02079404593469847,0.04187271341595644,0.0036846142149549177,-0.015507797097561116,0.005300537952475537,0.00571327318515924,0.01616050799739055,0.004168025630294503
2021-04-06,0.0024622547475579015,-0.004858247994077081,-0.0009018902147276409,-0.004371266179786559,-0.00024449407137017154,-0.0028317499122822998,-0.007030346943512011,0.007195696066326862,0.0003660380320273937,-0.013136262685875644
2021-04-07,0.013390207288856981,0.008230481250724342,0.01723733655641202,0.013475038933619787,0.0013461819474254177,0.004437065846555788,0.015668097786825985,0.001692052764031171,0.0017583349220289257,-0.0009974111581022571
2021-04-08,0.019233948594185035,0.013405376422462423,0.006071242952548017,0.005091533121779124,-0.003911814110679868,-0.01042555994849026,0.0012262896106753907,-0.003002863860971705,0.003802706689855606,0.0003041577112763427
2021-04-09,0.020251579052524615,0.01026657025382871,0.02209562242522667,0.008993699204927319,-0.010553764960194667,-0.0023215417562301166,0.007477999174131611,0.0011294655792342123,-0.006483879303066931,0.0011713761316012317
2021-04-12,-0.013233081944410197,0.00023451320570955225,0.0021321218730274705,-0.011472199113412684,0.002418592519000118,-0.006622423929541266,-0.0021114439080174296,0.0031967096765868064,0.004033033495612237,0.0007800522630647677
2021-04-13,0.02430656387923369,0.010081641279791942,0.006098747605224553,0.004370536029334904,-0.013363315312730717,0.0037838007267567697,-0.011926969435433143,-0.004873751868480158,-0.0132192134524044,-0.00684177230701033
2021-04-14,-0.01785278115984057,-0.011218856102319874,-0.01970591825597423,-0.00555365271548014,0.002758817250187562,0.028899648711963266,-0.01869022065099346,-0.00018818282372623507,0.0036265869162612763,0.014083226139643967
2021-04-15,0.01870770315372261,0.015297894654144883,0.013828409714570444,0.0193316910478043,0.0029389815707787648,-0.00593165784306493,0.006348541069698621,0.004709989435600415,0.012094203222032585,-0.00025777896774903386
2021-04-16,-0.002528134163539142,0.004778313061674311,0.006022342354579324,-0.0010939051450389314,0.011534493184398587,-0.005616279766487042,0.0074261581577961255,0.006562855954908242,7.304229680316077e-05,0.0036122917591154824
2021-04-19,0.005068849890722982,-0.0076701969925639935,-0.00806900981526193,0.0030707934004647885,0.0027735383397395896,-0.0031764256398861823,-0.00424019553342625,0.005961307287161155,-0.0046630995696068656,-0.004156520109577899
2021-04-20,-0.012830214131504758,-0.0018553963553816777,-0.011067567276491497,-0.004694749196885284,0.02329620055545467,-0.02106952467958101,-0.022141995564126882,0.0031480844085032267,0.008345285043216188,-0.020482937955063507
2021-04-21,0.002930087152216432,0.008983164010820888,0.008195669633476843,-0.0002896427194911677,0.0006609164318622796,0.012841419494109774,0.008508010558405887,0.00812252926710011,-0.0065340943698263265,0.021218617853506982
2021-04-22,-0.011685402549467594,-0.01308596195088374,-0.015758395892332966,-0.011337108698434295,-0.00846413597272111,-0.01303568537768407,-0.02105766139229648,-0.0031129202878943385,-0.009927587972133112,-0.015357543787075323
2021-04-23,0.018038407157032976,0.015475821766699704,0.00962218974677076,0.021047449124260043,0.002058589284850809,0.005427658944002545,0.019135923616806272,0.0005511216713434131,-0.00512519245975962,0.009874646250528807
2021-04-26,0.002977822066609459,0.0015316921445247544,0.020389780364207244,0.004348026594573673,-0.008458206993366302,0.001979665965373023,0.002463165708138426,-0.014870698047618425,-0.020009041248349457,0.0019556182120605836
2021-04-27,-0.0024491648722574366,0.001605878064525612,0.0024729175512423485,-0.008203766908523424,-0.005727752572115441,0.013110603497764606,0.004583161697724325,-0.0014907163028443637,-0.0006094034888897149,-0.0009541833205218841
2021-04-28,-0.0060274491748282255,-0.02828556587161113,0.012017786731569835,0.02970790209674612,-0.007353640355218682,0.03013640503718862,0.006478982202433148,0.00018646179267300944,0.0016771975926828109,0.008509117492247809
2021-04-29,-0.0007486969995773585,-0.00805316927249966,0.0037039347600635875,0.014293879643998642,0.013705343728990682,0.014283394136526795,0.019444581224086432,0.01250250183911672,0.008447351541035486,-0.020792047285167703
2021-04-30,-0.015133413263581197,-0.0013068517923282563,-0.001120636171800582,-0.016407837041721662,-0.008952518716554558,-0.028843035092501412,-0.008892513429153315,-0.0051605919922868,0.0068672898218318235,0.0028135331820671183
2021-05-03,0.008215563719643049,-0.0012690023319917865,-0.023340170719312603,-0.00442742870837709,0.015240017984244236,0.027603043653997128,-0.0029256737083428463,0.009262839541965384,0.011842356222697248,0.0002628202755654563
2021-05-04,-0.03538543025735896,-0.01615985815381138,-0.022034541333801894,-0.015470961675471795,0.01549528683599144,0.006290606255210829,0.013823584546934775,-0.006241023651550992,-0.0034074955331383494,0.022965379779190886
2021-05-05,0.001955323689931676,-0.0053269815331993264,-0.012479432999494278,0.003441870447080886,-0.004172334291944524,0.0300724623444919,0.013120545480008738,-0.002585604420631271,-0.008027320986816466,0.019150911231889278
2021-05-06,0.012802405682526441,0.013226742118487511,0.010955401769447537,0.009754838531189858,0.00401020220998527,0.009512958931893634,0.0201243423523072,0.009999865491163717,0.012588086088544781,-0.0034050916275367715
2021-05-07,0.005327287180149742,0.010931811765594768,-0.0044640578502762596,0.00623772345420881,0.004530872674207265,0.014297337092533002,0.0034229647316441625,-0.0005500295236433583,7.396414347526914e-05,0.016535190302111813
2021-05-10,-0.02580425543988174,-0.020914212396550003,-0.03072052637375966,-0.025587548845951935,0.010504319342047985,0.002402733762510989,-0.00012404291453393945,0.007338089962968697,0.018645853511832122,0.0067223666926470305
2021-05-11,-0.007410269507089007,-0.0038432694462561257,0.010474816917876772,-0.009464302363291321,-0.008163506356393957,-0.03179943517354333,-0.016623596860138257,-0.010744844236602158,-0.004939161855456287,-0.013643277220124927
2021-05-12,-0.024938641485628965,-0.029362921117572438,-0.022323796765424953,-0.030752648781827152,-0.004026347692640986,0.005358426121237159,-0.006874704700234324,-0.0051545643292236765,-0.010584808756088693,-0.008274211363574535
2021-05-13,0.01791969410581462,0.016862149849592,0.0030235440044839024,0.013085032420826037,0.010463900536050286,-0.012325125211772425,0.025722437330368386,0.008697187358040592,0.016083812402367448,0.01158772305785738
2021-05-14,0.019844797564300354,0.021067360748134645,0.019430851184491837,0.022135049687354913,0.0015297639534290752,0.024789241695319042,0.015541675066466087,0.004036014878589622,0.0021059182495757334,0.008997271945918373
2021-05-17,-0.009258596232692429,-0.011968702545095189,0.0147351540352203,0.004626173443295523,0.000998662566671804,0.023366755582433063,0.004024175380199058,-0.0016446856867240456,-0.002028940165937132,0.010568446817574184
2021-05-18,-0.011245681335914304,-0.008565034771221391,-0.011653058569779051,-0.011555791037110907,0.00035191615911256413,-0.028300385979361242,-0.014088627579211477,-0.005490229723542517,-0.010237455238308657,-0.021732741729635685
2021-05-19,-0.0012815986989295203,0.0024738383108617867,-0.000148514828115065,0.00399135850912713,-0.002170682228337606,-0.02399469542708188,-0.007638184387255831,-0.003128469300244685,0.0020540297887150505,-0.010857385729678537
2021-05-20,0.021012096873413544,0.013820524213204566,0.004913709794237331,0.0156063482614337,0.005820786000936495,-0.0023736855998739426,-0.0017380023056058347,0.008860993367067138,0.01024909699304466,-0.007936673183807419
2021-05-21,-0.01476699161278261,-0.005314894586816665,-0.013732853548741542,-0.005557140744687272,-0.000643080040376165,0.001359641341418305,0.011378862987459604,-0.0005487593025097492,0.0,0.009574888142500404
2021-05-24,0.013314218527558541,0.02288213469745881,0.013084215261017773,0.02916572304349585,0.0038259198705941078,0.011710653136853155,0.005410133658603655,0.003295261052210785,-0.0002899147556995052,0.007629376255645193
2021-05-25,-0.0015734694005740124,0.0037481146256863607,0.004332851226203749,0.0007751032253890955,-0.0027558081687298897,-0.022647211218331242,-0.010333998955465606,-0.0001825546098496167,0.0034066478387839716,-0.007864573764411964
2021-05-26,-0.00039406437527900184,-0.0009134751672703612,0.0018747562447005706,0.007380970995231051,-0.005938350694268735,0.011671849197596229,-0.00012389776124377416,0.004380402661311011,-0.0022395294446757585,0.0022767157772214386
2021-05-27,-0.01237679630977262,-0.008668372890438536,-0.010734558114025683,-0.007406697445664023,-0.0015377351777567938,-0.006447067293773423,0.015572213671775526,0.008359418474109814,-0.022733834429834898,0.015018438625336916
2021-05-28,-0.0053481448429291145,0.0014840300951355356,-0.0021794289420000723,-0.0024676885523462477,0.00260620086453045,-0.0032446074176906148,-0.0006695376253795793,-0.0036046469888023625,-0.0009632557449175128,-0.0008287796989785434
2021-06-01,-0.002648219516613426,-0.009131696059711203,-0.0013714148069622345,0.010323190742420163,-0.021979212476581855,0.03580599681897634,0.01102051595820952,-0.00018077556991047405,-0.014608424502197792,0.006968467141804435
2021-06-02,0.006276094104757934,-0.0004041093447396671,0.004765962837133042,-0.004447270037168827,0.004047561500165386,0.00793903495724746,6.043435226832372e-05,0.003979796874056696,0.004364589746236103,0.0028836299799726017
2021-06-03,-0.012154211280873128,-0.006429594922982784,-0.014526941142032901,-0.009706513586612342,-0.0009626884771789523,0.003938289177509935,0.0006622241199765178,0.002522566038511531,0.017908262459243485,0.0015607254241882806
2021-06-04,0.019022097402267235,0.020674715921959352,0.006027657821926935,0.019590323226234663,-0.00042151595117900786,0.00441322298814617,0.001624897299164374,0.010783428355601865,0.0007358399013892569,0.000738283300721454
2021-06-07,7.951981224607607e-05,0.012042142458459804,-0.0025606925929613222,0.0036473962393845927,-0.006808580794873009,-0.006509165250252247,-0.0046862191385035334,-0.003556181680458681,0.003457015422589693,-0.017457644943410733
2021-06-08,0.006672045898244772,-0.0048857062834309906,0.020669153552085318,-0.0016068860539897312,-0.008796624121557572,0.017690328165838043,-0.00398409344210382,-0.006958992706559752,-0.01158174163761827,0.0016682769519642537
2021-06-09,0.003077138179357286,0.004038511306263981,0.005220349302289318,0.003960973185174854,0.013464889707542227,0.008369683747339707,-0.012485060100584144,-0.0030550648351491683,-0.0003708377540801999,-0.02294308506280085
2021-06-10,-0.008023348665566421,0.014393400855778227,0.02087684594544914,0.011291796592182157,0.008998181972262653,0.0015961583311203675,-0.015588664035716238,0.007750583139074063,0.007418923627527274,-0.03801392042600571
2021-06-11,0.009832703280896693,0.0025267894630760512,-0.0008418265339896758,-0.0020245785325770926,-0.012688492300214405,-0.009243067370695801,-0.0006852668176350329,0.004471264593179702,-0.006848696403732091,-0.022283380484561133
2021-06-14,0.02457810807815841,0.007755283475678887,0.011067127216432215,0.007699136766524672,0.002485499302154359,-0.001608629463036082,-0.016969380010448787,-0.0034085843512351444,0.0003709769296496024,-0.007657405528351924
2021-06-15,-0.006437968151721041,-0.005887175220394392,-0.0002186996793457352,-0.008379243855244134,-0.005321254942743159,0.03641069170246869,-0.01516793269380945,-0.0025201577588662705,-0.0019275105148260918,0.0020547342360768273
2021-06-16,0.003933912824448216,-0.0037929852481343174,0.0094941835711142,-0.005328808823175213,-0.00036484114408719126,-0.0035752477149152417,0.007023890485094553,-0.013354831371437781,-0.0138875931376784,-0.010480305034513804
2021-06-17,0.012600858860530195,0.013676194891028226,0.02166464377780497,0.008039891505567054,0.004804480265165445,-0.032917433985324096,-0.028860398394296216,0.005121688748820574,0.009112936268288241,-0.035503744841729246
2021-06-18,-0.010091613877835304,-0.0056344529150191835,-0.0006706583139327593,-0.01340925544817173,-0.01961033599070683,-0.025649435892126204,-0.02530282829213526,-0.021474177438660202,-0.014628166667698284,-0.0028170129318230153
2021-06-21,0.014104038530060148,0.012334735183753054,-0.009446804682075038,0.014166009497835752,0.011482733450694615,0.036258281601589726,0.016968383249979624,0.01097267770350241,0.007876967679856017,0.020827556705935946
2021-06-22,0.012698333065727985,0.010966077673911556,0.01490466106187549,0.004252466024629475,-0.0013425226025428616,0.01917255807681406,-0.0014621772764217278,0.003679153713284977,0.00037577031931435023,-0.00037543907081805106
2021-06-23,-0.0020900070021310224,-0.0009038174836015767,-0.0004621896804161141,-0.0016634184170248867,-0.006050654007118572,0.0073679911174158175,0.0060580426763066075,-0.00806462987867318,-0.0014272334557582367,0.0030968883645479117
2021-06-24,-0.002169083361482138,0.005353008782327029,-0.015622946391951387,0.0030540618998058378,0.004550307381984142,0.004045806912958971,0.009197840283895697,0.004988965892824604,0.0006768755994983611,0.025959824081778216
2021-06-25,-0.002248777311673278,-0.006261705672409135,-0.013806561613952328,6.949333203309926e-05,0.005141503140901005,0.002170011855872067,0.010097700702449641,-0.001286993647242607,0.01428372203673467,-0.01381408212121471
2021-06-28,0.012546270576264673,0.01396088576227239,0.012474089136242261,0.00022442398994448887,-0.0011567123273019675,-0.025518135835516875,0.0018176536620133632,-0.0011044775511782623,0.00296474828173543,-0.00018479743889765476
2021-06-29,0.01149998002306174,0.00997310227879189,0.0012340341405479016,-0.0021503310893038474,6.0499241885558774e-05,-0.006189466941281974,-0.0012310573085124732,-0.00737203156763877,-0.006798680557813297,-0.005410054034832745
2021-06-30,0.004621342064282885,-0.0018422207037346316,-0.0023143032508132766,-0.001496823452072249,0.0043288068718698725,0.007345831973400774,0.00908250927562082,0.0046417182454197015,0.003943306540802993,0.011762058710030221
2021-07-01,0.0022632954894448165,0.0025839629490724825,-0.0020900020900020966,0.0029078551491712457,0.0074053668067028955,0.0028534567774451958,0.009901215945666175,-0.0027722777780320174,0.002297427366584781,-0.004227249782541853
2021-07-02,0.019596211240267003,0.022275590328082018,0.022723749230608936,0.02297361696360456,0.018197420877650083,-0.001422487683683138,-0.0009602743375236589,0.00407739827466691,0.004880283146146525,0.004845160459633346
2021-07-06,0.014718655874230935,3.584781103871393e-05,0.04692710742205475,0.0074445795178907925,-0.005977318617066074,-0.028494635283618952,-0.01679186170727398,-0.005537391186230645,0.0005882755740247436,-0.01947121984236122
2021-07-07,0.017955173406190017,0.008175298445234347,0.005669564076709488,0.0022506191062914294,0.008572897494014242,-0.015642777283982445,0.0011732937643984531,0.008166412049443128,0.007501656962851877,0.005479733286500199
2021-07-08,-0.009199460679452098,-0.008966207519141345,0.009422227593882448,-0.011306638019248139,-0.001947884121369925,-0.004469550004788769,-0.01725396770890386,-0.003497770078958129,-0.00014611104707207279,-0.012017279477497755
2021-07-09,0.013055109064513681,0.0018742285041144502,-0.003234704202571881,0.003794601074141868,0.003962995148467874,0.018124499917059333,0.031999830445658795,0.006096398146691051,0.000364980482753241,0.025034146429125492
2021-07-12,-0.004203640134229136,-0.0022307714661699007,-0.00021234814297510507,0.011608010837315552,-0.0015907562936526842,-0.0009800399503487878,0.014316140924085508,0.00036723983530562165,0.000802702329244509,0.0053350717568765305
2021-07-13,0.007888867511312014,0.013197949403828124,-0.011076947823728478,0.002882341905071195,-0.0012391916590525076,-0.004740569769253522,-0.014873627086218755,0.00991175435040148,-0.001239498682873541,-0.015508937096898934
2021-07-14,0.024100901181328682,0.005445177864606077,0.0011747744165069296,0.007032311738902619,0.006793920779889273,-0.02217514288093958,-0.003405344920601183,0.02253745027971643,0.007373819359398848,-0.016496989472866375
2021-07-15,-0.004492173724672255,-0.0052389700399214645,-0.013711143174944485,-0.009607307034558477,-0.012029132176895385,-0.009742799429084958,0.002192075975320007,0.0031994120968248385,0.00855173363248074,-0.00108680205375411
2021-07-16,-0.014076178192266364,-0.000996079838011199,-0.01585423166667721,-0.0002755676575567634,-0.001603794949156856,-0.027650628650328413,-0.022835532553606375,-0.0007087130010124953,0.009701292920229365,-0.016366345361447876
2021-07-19,-0.02691446341365089,-0.013321565840684446,-0.006727030092302577,-0.018838940835010365,-0.007257350180153832,-0.034368675877140986,-0.03251912580062455,-0.011879440243485861,-0.000498148067150761,-0.01817832169012823
2021-07-20,0.025973923218463257,0.008339581973976662,0.0066486136498793424,0.013096122796841358,0.009408112147172076,0.011020937594736102,0.018643199318522985,0.0017944343726359335,-0.005340324888774561,0.024029808557448407
2021-07-21,-0.005131500250207366,0.007446143365411828,0.003361110852517335,0.010613378495694548,0.0061738924267407125,0.032165865590219056,0.02104049869496727,0.012896373109944292,-0.0035078180829081207,0.013319908087388699
2021-07-22,0.009628623909076595,0.016844191427055843,0.01473563589596627,0.006840255759945402,0.0028909655538951196,-0.011253546498268263,-0.012625740995439005,-0.0014149032776624715,-0.0038312246786785797,-0.0074502255616314406
2021-07-23,0.011989083558253233,0.012336718512890421,0.005115384934792244,0.035769034940482225,0.010648038892748568,-0.0012255843441173475,-0.001921589919741673,0.009562700081187536,0.014440777758744527,0.0017689678672752063
2021-07-26,0.002894350516089661,-0.0021402183316902024,0.01180863619816197,0.007668287069077628,0.0004659882267941118,0.025245449798933395,0.006704764563560728,0.0008770338768593344,0.003505618490730278,0.007159009939996297
2021-07-27,-0.014900164746030509,-0.008684076918718753,-0.019846876786293155,-0.015928726043024866,0.004596092692757292,-0.011114836666119676,-0.0013186124010455824,0.0035049839384937442,0.004063180876390016,-0.005354830509429531
2021-07-28,-0.012195994716220904,-0.001116423432107605,0.0010837371680696428,0.031796915602433584,-0.0027797053738122246,0.006743795467959446,0.0016505559722415075,-0.009081407094794769,-0.01483834819564056,0.0073369239710558976
2021-07-29,0.004552170017071644,0.000978240074446246,-0.008373940689987869,-0.0023258433981881987,0.0,0.01219510370515664,0.008569636977916906,0.005463641756961568,0.005188769101681867,0.005296865938407391
2021-07-30,0.0015106930302932753,-0.005549597138094997,-0.07564890713277761,-0.0077402732984267475,0.00011597814714647825,-0.023078059517670058,-0.00797409915306424,-0.00035049005812970435,0.019715989147486068,-0.027333252180182566
2021-08-02,-0.0023309320336751815,-0.00031608331697297043,0.0011690369463182027,0.0009499725314654484,0.00040694735631086054,0.0001736048343052854,-0.004018642545772999,-0.0026302562762702264,-0.0024606721246343,-0.007690481910645919
2021-08-03,0.012644453057455873,0.008075289128487428,0.01043374884144277,0.005750703241703903,0.012306118508287334,0.010767523440944782,0.011377855745590582,0.0007029974002079609,0.014589809909291818,0.01627982847298215
2021-08-04,-0.002782370445345017,-0.0021243393626870777,-0.0034222398904129037,-0.003719756477566616,-0.005906496914971249,-0.023367684763398344,-0.010791904346926229,-0.014406101283279016,-0.010559570006937635,-0.01908868419285381
2021-08-05,0.0007483463941528878,0.010505573875366325,0.006340362999381677,0.008333001053800748,0.0019037040421518991,0.006333590444218329,0.01262857418571306,0.007130162017816799,0.000491650558999801,0.01305487868982369
2021-08-06,-0.004766994426140925,-0.00020714726149340112,-0.009197334693852421,-0.0037650429702307253,-0.003339080815422557,0.011538368748981842,0.02840377577366593,0.002477939838235299,-0.007649165173983508,0.005598865699778299
2021-08-09,-0.00034204649907176865,-0.003903876060284195,-0.0009177334401756498,0.00865260965860104,0.0034658255860127163,-0.011406753421772664,-0.0010794752687407483,0.0001764745384722488,0.005445017634331029,0.002591696053242609
2021-08-10,-0.003354336767665167,-0.006555157197162709,-0.006340816609805455,-0.000774129045793992,0.0003453754021334188,0.017133025668079505,0.012267020960076369,0.0026480563119894995,0.0006333382287895262,0.024797879971682146
2021-08-11,0.0017859257329289058,0.0017806839091785154,-0.008603643493863333,-0.0038594658861090814,0.0001727291498785366,0.002921678496692115,0.011930414924973265,-0.0012326204795025664,0.002460162903931362,0.035455612009517745
2021-08-12,0.020773079440140174,0.009966738014908438,0.003459810192938395,0.006714236431400122,0.00805512473357406,-0.0022615800496331717,0.003908996174160295,0.001938920042586112,0.002313736684745882,-0.006406094203066481
2021-08-13,0.0014106285406780827,0.010489641314615383,-0.0028848279463596915,0.003888412197275981,0.005993269125511569,-0.010113003786795138,-0.011187429959657824,0.006861481350412646,0.00482694891422919,-0.007582530092281492
2021-08-16,0.013547887415192639,0.005975772673715518,0.0015239472057770875,0.004225656731056793,0.009021146332300667,-0.014620633912959091,-0.006563121416611306,0.004368467189431957,0.00696185750997258,-0.0039349246243580716
2021-08-17,-0.006153775502003467,-0.005159435282597213,-0.01728702615047184,-0.011914857242647181,0.00916526431387421,-0.006792855645822993,-0.012080744882069339,-0.0034795271825701635,0.0016590973075985005,-0.019613332146868556
2021-08-18,-0.02550112059729115,-0.006118967899939487,-0.012566487390164305,-0.008872624606999446,-0.012703737853332009,-0.02105841228971239,-0.009107587486585578,-0.013617391901914022,-0.010905606654234345,-0.017006957745941187
2021-08-19,0.0023229110087250593,0.020774566818530404,-0.0042078187123096855,0.0017054668132934214,0.00778831561357296,-0.030520233383328432,-0.008355917469823892,0.006371722287563886,0.011793476556583471,-0.025547027850023496
2021-08-20,0.010157123278169422,0.025575665018624738,0.003827154714335368,0.012894368698071368,0.004871744081037077,0.0001896257418230185,0.0028520773223874585,-0.003869129431099072,0.0006898113977018561,0.00239672047758388
2021-08-23,0.01025677050009266,0.0009531123968742339,0.02060035500127988,0.01900605527824517,-0.004316654919834573,0.04114518056586469,0.012797065146785025,-0.0035310524910240337,-0.005100332183483491,0.02049393290460455
2021-08-24,-0.0006010646894697436,-0.006663350271258528,0.012220318769066596,0.008711684051157853,-0.012499169356509854,0.008195203766043324,0.00619033788191925,-0.007618664760883687,-0.008105476303331582,0.016495829011537566
2021-08-25,-0.008421220221333625,-0.0020158755046636445,-0.0019965141547840792,0.005787163166507181,-0.006613686036709865,0.0018064164126347926,0.02061261510250101,0.00107115188586282,-0.0035617299883304865,0.010207506614209105
2021-08-26,-0.005527286810483756,-0.009668550381615737,0.005098257262930783,-0.0044936593722983975,-0.005337978975363367,-0.013523245793972238,0.005157800342900476,-0.009452650845568789,-0.0017523585758946192,-0.016390374575851907
2021-08-27,0.007184632892666354,0.0021065215896443057,0.01014175672465778,0.01812390651911877,-0.0021351049005156053,0.019374780368608402,0.008037286681292333,0.00198094136282978,-0.0007725520886379122,0.0075270189325591375
2021-08-30,0.030417195093589644,0.012911816167048284,0.021476998866989616,0.004072800493709172,0.004221495816717935,-0.01093786466229707,-0.016007495108485092,0.009523671766801911,0.004356775737239582,-0.006483963585855457
2021-08-31,-0.008424621589239956,-0.005632711733727147,0.01438520002272603,0.0007399445265185989,-0.003051898357991023,-0.011602477057497285,-0.0030542736604626253,0.0023138981736798847,-0.0037781466554316356,-0.002742915491574238
2021-09-01,0.0044785486138150254,-0.0001654839575183642,0.0023654092095504176,0.00357996013850026,0.0035233112550725476,-0.013756488581488369,-0.0014376513071783226,0.0067483960983889535,0.010183351504290172,-0.013800166535378855
2021-09-02,0.007474730558879816,-0.002253015324415908,-0.004564478889317991,-0.01328012266468337,0.006849138865770543,0.02436311451423956,0.004632918209050985,0.0014111752629277774,0.000764985796739559,0.018368928573256227
2021-09-03,0.004230385674653725,-3.298731432255231e-05,0.004311086264728647,0.003157955126826373,0.0006288840526842421,-0.0038126519302723594,-0.006044742800186631,-0.0007046712340581518,0.0006946744557951856,-0.00665776242961591
2021-09-07,0.015489292680115119,-0.003188070887756078,0.008982024369138308,0.003763715397443912,-0.01553916379968312,-0.005831939720188695,-0.0017557874631961568,-0.01868504578876229,-0.003748770469170104,-0.01017262258590812
2021-09-08,-0.010083432065816744,0.00010023330676678377,0.004619174430729789,-0.004085907444353665,-0.0024372214115599977,-0.009166031315335,-0.004459858772949077,0.013472486823769891,0.007595330933115152,-0.007011323803834069
2021-09-09,-0.006704602951323246,-0.009859939049879252,-0.011726004336084506,-0.0010437999589465452,-0.022280688265676196,0.0007402297444514261,0.0043533920520675284,-0.009925733572926254,-0.004218424063387238,-0.0065289109509207854
2021-09-10,-0.03310213262766526,-0.005180971506631993,-0.004308001431212238,-0.018566085765539753,-0.006544904543952956,-0.002033771222863634,-0.01149550519946052,-0.004475448178229313,0.0009721053071707342,-0.0019962679665128658
2021-09-13,0.0038934336355649357,0.0043284950942326095,-0.0034532897607970625,0.010338746296565615,-0.007007119631729952,0.02575021081527762,0.01588697535492445,0.008271924393336905,0.010754158613532017,0.005804812647489888
2021-09-14,-0.009561999249772857,0.009428022071031217,-0.002073980962099431,0.0014894143533210613,-0.006031019741788546,-0.014267648837896774,-0.017452665635795173,0.000718753584104892,-0.0017160924067347594,-0.01876813262628796
2021-09-15,0.006143337650779124,0.016778735938230316,0.007475391332653958,0.01322398910459932,0.0037616810276284163,0.03371214189847804,0.006939467341138039,0.0034118638747897556,-0.002131354933290308,0.016804480822300905
2021-09-16,-0.0016101529414553895,0.0013121435648737467,0.0035819053548502566,-0.0056738672649951916,-0.0012089116227975705,-0.01063462763794465,-0.00044258358165794043,-0.009484757106085429,-0.006960200389114157,-0.010353553009511018
2021-09-17,-0.018348284604522314,-0.017528196163063114,-0.007373319866162298,-0.019566928762478453,-0.0028448141767083435,-0.011823792003527678,-0.002593673087152415,-0.016440668247580947,0.00159591163449746,-0.018909954944638874
2021-09-20,-0.02136104650378845,-0.018575237321089677,-0.03084174438431353,-0.014776251026910603,-0.0057053305953850275,-0.026649778506650512,-0.029933755806168416,-0.006980164904349828,-0.010045297206156434,-0.04470558715985695
2021-09-21,0.003428148522047092,0.001699079488233668,-0.0036057473697842513,0.0022598501401087656,0.0043952385022807405,-0.000931007765435865,0.00013057364336521715,-0.00018505452856198978,0.0015395967603080152,-0.005135654498346853
2021-09-22,0.016872619119751686,0.01282230578861454,0.01089234819407503,0.008994327792664514,-0.003646670764152926,0.02926903606723008,0.01915293524008521,0.0014800605213509677,0.0034239876143835613,0.007954002662371229
2021-09-23,0.006718961575084448,0.0032822671049825836,0.01063594079605279,0.006647342961241254,0.005673053973464848,0.03387077550907547,0.03380145846705118,-0.0016626073270525898,0.004108309054307258,0.02754093767562793
2021-09-24,0.0006129607451763608,-0.0007010722156297611,0.0027868730462519142,0.007074156882025173,-0.003032650556284211,0.008934616438450504,0.011540039045422334,-0.002775545759586051,-0.004438349360003979,0.001017350094364211
2021-09-27,-0.010550020277657057,-0.017304151293557335,-0.005756835077931344,-0.008037206909854655,-0.007240547490851013,0.02969288431337458,0.024165766293970492,-0.005195998261076862,-0.013166096119518023,0.01615688359230294
2021-09-28,-0.023801165182832484,-0.036203627440423714,-0.0263784679831095,-0.03715830822975996,-0.0022062394664879026,0.01045537302886479,-0.0053897176469369645,-0.01809359609864225,-0.007553364907037952,0.0027499529188836913
2021-09-29,0.00648299413238318,0.0016931567808327053,-0.004475351789266391,-0.01087015898654431,0.007432268099123007,-0.0006675630316451686,-0.0007828780947710667,0.006078903410755343,0.010171498097410359,-0.013363223412170444
2021-09-30,-0.009311825558832698,-0.007323754213583777,-0.0048710792439015105,-0.005042622823843601,-0.015364382500102414,-0.01770212456568465,-0.013618413498019066,-0.009252117210061916,-0.01563156938933563,-0.029817566580659594
2021-10-01,0.00812703052872421,0.02546796780090177,-0.0005418778291703674,0.02144734822264205,-0.0063773261197292985,0.0358722045562474,0.021015322794736946,0.01048190616070821,-0.0015739367394587145,0.012293764865656698
2021-10-04,-0.024605303887380692,-0.02071967302939315,-0.028471678341373097,-0.021117876992244877,-0.007790124472262572,0.012965468556101811,-0.0010769758922531958,-0.0005653910939105167,-0.005660038924421129,-0.006175259803315902
2021-10-05,0.014157972420987264,0.01995717760531579,0.00978753803838428,0.01768300190301919,0.002261302234634277,-0.0016202725860020584,0.01633021796721712,0.001698292578508731,0.003890971782860353,-0.0032619300372662696
2021-10-06,0.006307406012538985,0.015064432549189544,0.012732016728672857,0.011336284575962141,0.002068128889844756,-0.018338141769365657,0.0021345703684128026,0.011868885283761621,0.013349750921870296,-0.0033246951326176832
2021-10-07,0.009084572792490864,0.005936648534186295,0.012391203105561077,0.01206718276855323,0.008942303944437846,0.0028104649970819295,0.0063303754699375325,0.003165119754263701,0.008003265329796783,0.020275339472327625
2021-10-08,-0.0027220744925999796,0.0,-0.004181805261295635,0.0040257384547086605,-0.0025412966109985557,0.02505771502121279,0.000764390015958849,0.004454272400269632,-0.004145259448865901,-0.003014218784099687
2021-10-11,-0.0006295995578364799,-0.002103013314419866,-0.01286860335091844,-0.006234483171785099,-0.004225238427733036,-0.009971110703566044,-0.021031631107874427,0.0020324510850715516,0.004162514149977037,-0.011631587741677163
2021-10-12,-0.009102875993959647,-0.004588334610147959,0.0003172745113595443,-0.017744861063767492,-0.015975121048900864,-0.005198157231069089,-0.00768136680860243,0.0,-0.001475664818727962,-0.015397321447814805
2021-10-13,-0.00424028822781819,0.011711510598801711,0.011378601203982708,0.008303506708522645,0.009575953836482132,-0.0027759715992782263,-0.026366668780255065,0.00018463634572540855,0.0023224073237753107,-0.0051599919726453836
2021-10-14,0.020225834594656433,0.021733819065824944,0.004743759227551214,0.025940871569513302,0.0057160353979428535,0.015228480076791673,0.015341688877595905,0.0068213813283029,0.011303085474540397,0.028527683819491223
2021-10-15,0.007512606089085994,0.004822458750528336,0.03308023939004423,0.0015372170667193874,0.007432197837763388,0.009516092364202589,0.019208576774635278,-0.0023804352561641595,0.002568457006484337,0.024134128713755754
2021-10-18,0.011806047998815572,0.010124454989722809,0.011064772529006062,0.009974124662892159,-0.0073155622876518445,-0.00047926026805378275,-0.0003602594239253687,-0.009911958519271069,-0.01440229078615718,-0.0042206908099583496
2021-10-19,0.015080360292099693,0.0030588869828225285,-0.0007514424560826072,0.0032147126365398293,0.02341982810084975,0.015025610342778162,0.01212866722128636,0.0038933260720197538,-0.011802864211447828,0.014935722749138236
2021-10-20,0.0033611677685980723,-0.0026601262885533883,-0.008446195751808605,-0.010248721260811666,-0.0005491238948801547,0.0055118100155941985,0.013466035229371842,0.008864124816631236,0.003910044431594262,0.015163775989883277
2021-10-21,0.0014734192342680252,0.010897366074954506,0.005841756945129006,0.000825468829810605,-0.002320081239088001,-0.018167682049578526,-0.007843562590035713,-0.005125214360820918,-0.007196789489514743,-0.010039511090566666
2021-10-22,-0.005284584683069693,-0.00514855865686259,-0.028954833317208384,-0.030443812321564456,0.001958341017606502,0.006859304084719797,0.013451172216460083,0.0018400249278067715,0.010765829290010798,-0.0018905366060405493
2021-10-25,-0.00033670603523749953,-0.0033315289091645495,-0.004550989805058192,-0.0008684786885333473,0.00219872094970075,0.019486607746561635,-0.004889935672065193,-0.004040748988885845,0.00014190936044666813,0.007774857417813585
2021-10-26,0.004575086970503017,0.006425761717585132,0.01677526160393561,0.013543512920063838,0.010178031489628259,0.023154545479428412,0.0026909207844043603,0.004425768013538001,0.014199757013171777,-0.012709576501751085
2021-10-27,-0.003147789507710219,0.04211423726090113,0.004863638245470758,0.04959489933066874,-0.012126667186318274,-0.025971977054949802,-0.020828277350144697,0.019276732676858144,-0.007140587367781337,-0.017581700624167862
2021-10-28,0.02499206656066355,0.0036512397254253592,0.01594115275917063,-0.002520243913455178,-0.005435566670914049,0.002806719789293366,0.01507467591889422,0.009365752656431248,0.005992879788916383,0.04058530560358564
2021-10-29,-0.01815575709039896,0.022414071645377343,-0.021511245053778105,0.015063620730036531,0.00018450940118830417,0.0024879026637139035,-0.002758803694413836,0.005888529106135687,0.0021730696950983397,-0.0003919507560105062
2021-11-01,-0.005607400767318693,-0.0067850673391183225,-0.01610709978002456,-0.03072693576950225,0.0008594558201870939,0.01799289841943308,-0.0005297537788209183,-0.0035478663314104653,-0.002447889049932428,0.006715386406889401
2021-11-02,0.007116037390465957,0.011415891418076862,-0.0016154097805501921,0.013487972619186994,0.015765150430371078,-0.01234167422298793,0.003945801637296631,-0.0012460963268018377,0.009955148309653827,0.008472047308766273
2021-11-03,0.009798455673198925,0.002611539190380041,0.021507811127532195,0.008014253395125959,-0.0032009475791719977,-0.013730441394938397,0.00035190036279009185,0.0033868502199059236,0.0068721626452323825,-0.01723627327351618
2021-11-04,-0.0034983913858638305,0.007305445326278637,0.02748232410840923,0.011388000805627962,-0.0027868568080033906,0.007508212670549463,-0.013135478330462358,0.005507006776726664,0.0018612882011661558,0.00019645463567541377
2021-11-05,0.00358211662752983,-0.0011293914502652491,0.01207642928374364,0.003942187752752568,-0.0071082227820162824,0.009470511151814964,-0.0014260395932814696,0.004240526424939217,0.004954925931819343,0.011248027411817407
2021-11-08,-0.005552395633233842,0.0027672665637681337,-0.008527948857282919,0.0012024502392748992,-0.0034266818180215264,0.010765986270948602,0.006010050333493888,-0.00897263371045276,-0.007463635557519277,0.04065467364517805
2021-11-09,0.002459238515841733,-0.0030863476630783593,0.025007238016599764,-0.0007547735008083256,-0.0022101963395726454,0.009738307258983836,-0.007571209293960157,0.0028403857357448548,0.0030355268584705275,-0.020723438474754552
2021-11-10,-0.019163132370017544,-0.015329489262026152,-0.026334994227121156,-0.020313130088322584,0.010830401704346793,-0.019700517721155775,-0.0009536852574335564,0.004071533603478894,0.009835457792532809,-0.014965818561313182
2021-11-11,-0.00033807107659489244,0.004927611819437017,-0.0027425987825921982,-0.0008704011790775512,-0.007366209455132,0.0018691138499509208,-5.968145484924747e-05,0.00035251988254692,-0.0028608625337877003,0.008999712967507012
2021-11-12,0.014336886918884906,0.012904935099157022,0.015162029225161966,0.019973513542627108,0.011958926564010541,-0.007619321498918086,-0.004474837996712444,-0.002291074634228063,0.0010930241268587437,0.003548726809895042
2021-11-15,6.65978350291585e-05,-0.0019306788000100772,0.0058238044631160335,-0.0015198611655126149,-0.00902968811120164,0.008618180700950662,-0.0017978778592675493,0.00017656366628360232,0.0057312877508122195,-0.007454367602867107
2021-11-16,0.0066667277106167155,0.010236251927637552,-0.001404486161877938,-0.0038799432567631076,-0.005198372464289336,0.010097724109217054,-0.007204567381791538,-0.007064401024152067,-0.0014246275735976255,-0.010976987562630547
2021-11-17,0.016490237924270623,0.0006785933570205849,0.0023441312596286235,0.0011562536175215854,0.003749974911799514,-0.010919783619351198,-0.005382270181044424,-0.005514253333338548,-0.0006112918419484137,-0.011926231349213334
2021-11-18,0.02853570763979074,0.006340017415289667,0.04143700734081501,0.012100906185015026,-0.005389503155879494,-0.010884843991178728,-0.008633631711349898,-0.008942953341563586,0.00013586059835168918,-0.007685366029326568
2021-11-19,0.016976221465684782,0.005391536942179087,-0.005273114275827551,-0.006086603728748585,0.0030170942514056165,-0.04621915588452985,-0.013063599658440395,-0.00505314656905731,-0.002039038617377753,-0.004865515410133914
2021-11-22,0.002927427447181774,-0.009559725408233133,-0.02828730052206352,-0.01762284114045687,-0.013161582721213039,0.013845626458075522,0.02131514914580035,0.006167189649721072,0.006674797831715429,0.009678939885870763
2021-11-23,0.0024222082835472225,-0.0063266788772081695,0.0020909577736383245,-0.003554377076477544,0.006199022801833598,0.026337339319285613,0.023912485990738697,0.007391447170841614,0.011095972908970131,0.014576415866097703
2021-11-24,0.0032832418324113544,0.0006811188963398163,0.00010331533981333685,0.0023186918261308698,-0.0028002995247521367,0.005544006620223474,-0.007844193135728372,-0.008053009690021873,-0.005219173678527422,0.00847427116556232
2021-11-26,-0.031678187649015976,-0.024355552572089434,-0.021184701669844985,-0.026943559455045785,-0.006490427055789949,-0.03512924375985749,-0.03012711543339819,-0.030669295344998182,-0.008004965391425922,-0.040276472418567466
2021-11-29,0.021873550234435823,0.021081235403829446,0.016267432688752415,0.02354354157973515,0.003454742524276355,0.005550908416122713,-0.004322590369758683,0.015819871582874345,0.010510904660182785,-0.01413970473995041
2021-11-30,0.03157769958712886,-0.017942758332062048,-0.015302274022490625,-0.024963879065238115,-0.023912638428389865,-0.02841351649708901,-0.014885579110828995,-0.031573180381878396,-0.029794890231635507,-0.013117533014778027
2021-12-01,-0.0032063553781989107,-0.0015426729026505326,-0.0180634873037836,-0.005962034395067151,0.013788400688129698,-0.0008354920041798719,-0.005918256056480775,-0.0028597705074653312,0.012587867297198851,-0.00972320288006201
2021-12-02,-0.006129744925656544,-0.0017873052951055124,-0.0018468889124809706,0.013573068995033521,-0.006262552069520311,0.024920552945684182,0.02102713085464103,0.01472256293360541,0.005874651333548364,0.027784877130996977
2021-12-03,-0.01172445514617948,-0.01966700367244978,-0.013839076006382012,-0.006746477279322427,0.014577655758103436,-0.006364412695344268,-0.018113089095223023,0.008856314078921956,0.017791747457255314,0.005132181619226461
2021-12-06,0.02150280876256372,0.009845162796308982,0.011086219388703134,0.008123117631103627,0.02233643522299933,0.011332125211501065,0.011813695186205786,0.025588516600045574,0.015145030629222678,0.017593672769174562
2021-12-07,0.03544634064389163,0.026763627534296397,0.027986504263362688,0.0287418092349514,0.002577785186980819,0.011204929981037726,0.015047599934104428,0.005463380689613384,-0.0026286123445048437,0.015947929006528527
2021-12-08,0.022782885004205555,0.00014907563176236316,-3.689871657430732e-05,0.006226542798531298,0.005999083875897204,0.002890511379340044,-0.011441138298631581,-0.0038040041966730387,0.004480668254990494,-0.0014669604739108166
2021-12-09,-0.0029701051433445036,-0.005582787962726488,-0.011279643604146683,-0.003698035526405463,0.009492279066291687,0.0025619222794615037,-0.0015556540725889523,-0.0025451850131789078,0.005839089899721817,-0.0002937583280121503
2021-12-10,0.028013530957389454,0.028339903077333695,-0.011247564604614624,0.0024586589735735576,-0.002471359590714317,0.006388652543652951,-0.0039885508857852026,0.025884099742346844,0.013957340486814296,-0.0032821969112366567
2021-12-13,-0.020674258039051874,-0.009166657572118098,-0.015356076499860039,-0.014695594234096498,0.01788635968679131,-0.021900997471171912,-0.011888596089518755,0.02629707983764651,0.014216098630555063,-0.010862373467252495
2021-12-14,-0.008023100361935653,-0.032586732753209224,-0.0028071293797337082,-0.013163145178112567,0.010923263967655306,-0.0014603364211344116,0.007662303538981341,0.0006924472421863115,0.003678233677913312,0.001938186590026758
2021-12-15,0.028508964537841353,0.019217750939877654,0.024977573145925636,0.017608853901742494,0.004991309873029426,-0.004387488781269044,-0.00747798380249054,0.004498395481091322,0.00385511228423141,0.004512866845741037
2021-12-16,-0.03926373543055617,-0.02913504891610008,-0.025641174633125208,-0.013630152869721135,0.010927013879844516,0.0016320572438313086,0.015638812952509795,0.01016190978993392,0.014163331815156388,0.01787190216756329
2021-12-17,-0.006501810493140581,-0.003385685906597269,0.00678920370502567,-0.018830679905298298,-0.027628571737938645,-0.0218346880304493,-0.02275459714591621,-0.01568639042795239,-0.022655086731780072,-0.023281876135182622
2021-12-20,-0.008122106193581335,-0.012013239267701703,-0.017283556389377508,-0.0008327853481916447,-0.002853578020396763,-0.014492766533703572,-0.01798911595984154,-0.0032910979038622834,0.0025399669171335404,-0.029348834187816975
2021-12-21,0.019086877344277164,0.02306877525123241,0.019978649621920752,0.013174236994508037,-0.003218686747268218,0.02265042532728123,0.013966548751833896,0.003997059738631625,-0.0006334375736293252,0.014581353293963373
2021-12-22,0.015318839410722651,0.018057257154240336,0.0036381058820253998,0.020509070089680614,0.00430585513517423,0.008099001496598701,0.003908057520651376,0.007097223677871023,0.009888720200327716,0.019363480432872615
2021-12-23,0.003643632919645423,0.004471966775437597,0.0001841364158221559,0.0034249391081049296,0.0019055085496371138,0.0004921792382928114,0.003573641598816124,0.0006876731021439042,0.0048956207718138245,0.020034474493047405
2021-12-27,0.022975152492418216,0.023185550473782346,-0.008178022851368039,0.006738481633891569,0.008439818624055517,0.014257558731383568,0.005723107863657928,0.007385703625261586,0.01168027236161806,0.0008730856238261531
2021-12-28,-0.005767529200945698,-0.003504140201132322,0.005843719029521299,-0.008244897508878801,0.004007680450407669,-0.0032317031504749405,0.0030348606317009974,0.003921560472405217,0.005371140690308529,0.0011628048606542318
2021-12-29,0.0005021248027365921,0.0020513161389543733,-0.0085549217086347,-0.00021807604872225994,0.007044248400353448,-0.008753353914870976,-0.0005042616283554846,0.0011886954090079005,0.008290469274742751,0.003436179121852234
2021-12-30,-0.006578205494985112,-0.007691141059192108,-0.0032890070546229833,-0.0030992867630664778,0.0044302884267815035,-0.005887052572672302,-0.0005047328460753286,-0.002883678671329548,-0.008648372642160895,-0.0060289149899294125
2021-12-31,-0.00353523396718447,-0.00884143810941973,-0.011429400216389607,-0.009223367521018377,-0.00719615434676979,0.006579848759584506,-0.0008200627633805357,0.007315340561724115,0.0049761863849981935,0.00320266954130366
2022-01-03,0.025003986117237087,-0.004667952712522738,0.022118320898886212,0.0009627416126489763,0.0027470914625409293,0.038405203076960825,0.02115546707640137,0.001520256824456112,-0.004157157131516209,0.0012575717482239401
2022-01-04,-0.012691468372388437,-0.017147105630955672,-0.016915587005979504,-0.004082859052443322,-0.0026813221748589466,0.03761397227662333,0.03790989585918858,0.016694429012757084,0.0034992771322059912,0.05352647326628368
2022-01-05,-0.026599921570023888,-0.03838804675547969,-0.018893091563845,-0.04587646945317736,0.006663485081172427,0.012437373277268682,-0.01828227822004347,0.008293525983638306,0.004527142602776868,0.007657746847467006
2022-01-06,-0.016693289437734515,-0.007901893278128624,-0.006710981961323137,-0.0001994444605837309,-0.003426118287647939,0.023520742146350138,0.010624086444052994,-0.00526396570665677,-0.00840422258788398,0.010193517973460908
2022-01-07,0.0009881931337727412,0.0005100083460496396,-0.004287778294336242,-0.005303151795218564,0.013517523299313883,0.00819637859887945,0.009908106679659578,-0.002315383581976138,-0.0005526824212043202,0.009910373877122014
2022-01-10,0.00011621789967786178,0.0007321895251100052,-0.006570176170610398,0.01206050543433923,-0.0049439276044666025,-0.005952094820488862,0.0009573453873399362,0.0016574463571774611,-0.013641290141565565,-0.011374248722138103
2022-01-11,0.01678373972391034,0.0022590744024792997,0.024002125643924677,0.00769096870681607,-0.010630347040811339,0.04206201329603898,0.0010158619677638203,0.000330998420116968,-0.011587405104675819,-0.00762488169714981
2022-01-12,0.002570459876435338,0.010445162044343093,-0.0009373300985386912,0.012126362527497214,-0.00852533803716371,-0.0029431933025879653,0.005672056757904498,0.0014891441492401736,0.002205906726347351,0.01113869286544844
2022-01-13,-0.019028244178831755,-0.04232254974292904,-0.024169655027437842,-0.020105097002151462,-0.006066320169633488,-0.007168943976584852,-0.0012467770544332124,0.0059461366732198595,-0.004528221107580999,0.020683599149851073
2022-01-14,0.005110817931190059,0.017716638348607594,0.005731487003565627,0.006447241411101867,-0.005451496543157686,0.017556386648600597,-0.061463181679084156,0.008046017624678381,0.00960277219029515,0.00854609569718412
2022-01-18,-0.01889406203756283,-0.024339525560990394,-0.019862738846190164,-0.024967739628450558,-0.004409058251696685,0.016835931054790754,-0.04192834684141411,-0.007981795953757809,-0.019272766979689937,0.0040622081653598485
2022-01-19,-0.02102469501548787,0.0022468908588859637,-0.016477101806013472,-0.006481687325993302,-0.0031118321557995765,0.0004105115094146239,-0.015468894984534076,0.0016422195770600112,0.03362489297829807,-0.031036733118743665
2022-01-20,-0.010347377588956985,-0.00570275767321804,-0.02963230963415675,-0.013388376156950876,-0.007984005956115259,0.002188252497518306,-0.008527408905823597,-0.004098532151940781,0.005399416534751289,-0.022692487316503862
2022-01-21,-0.0127648141064175,-0.018468468279204897,-0.05950180896147472,-0.022174442535463856,-0.0022996987477563735,-0.015012816508770288,-0.01747261872086625,-0.0049382496517800245,0.0038270603626162636,-0.011725136733370278
2022-01-24,-0.004864554743178706,0.0011481935989892111,0.01332698348311534,0.003471573099961489,-0.011524366514392259,0.00859094147775008,-0.0008961214042525478,-0.008105697096867814,-0.008117357711315831,0.001121128028223728
2022-01-25,-0.011384674605007139,-0.02658810737220807,-0.031533745543573244,-0.02957869852596684,0.028594473155735267,0.029399451866532367,0.010900310581995809,-0.002335077649341155,-0.010911328061493641,-9.329711306471644e-05
2022-01-26,-0.0005632414889580328,0.028492986293685796,-0.007954330670553511,0.01810374770061851,0.004474079868710179,-0.01014268426164866,0.009486234680908145,-0.0036777464844524044,-0.00871246073775711,-9.345940805272068e-05
2022-01-27,-0.0029430950154846203,0.010549232545761456,0.005508645722495764,-0.0017643294666547238,0.01312521195284222,0.01280879124629375,-0.017644858016740428,0.0008390199224110884,0.006196841630039751,-0.00989326122333889
2022-01-28,0.06977742235445827,0.028081655820177076,0.031084056738273746,0.033688666538387535,0.0070341327123522035,0.0021294629975550095,0.008946678445532985,0.019949743360485384,0.008608805220702731,-0.0518922925698343
2022-01-31,0.0261259068676456,0.008823585331775963,0.03886361030218932,0.014641767096924552,0.002910660385798014,0.009032999288214327,0.013573435094860642,0.002794168237895578,-0.0003111720822220887,0.001988515453968276
2022-02-01,-0.000972743100717044,-0.007138446768439888,0.010830762802234384,0.017298280309280045,-0.008183823940262402,0.06411273006314921,0.017160067572322246,-0.0073758068850574565,-0.004425213895849378,0.01880331258510748
2022-02-02,0.00704421499452601,0.015222034648020744,-0.0038427158906232384,0.07523749481761866,0.011060270454877008,-0.0025978405064862597,-0.008005499252003112,0.01023777273203308,0.0179041868270442,-0.0019965096545520034
2022-02-03,-0.01671965434129985,-0.03895234325919328,-0.0781276325178123,-0.033175724182807786,-5.8029582436947e-05,-0.011659927227991917,-0.008269751779818146,0.00702844213320275,0.009471118531166445,-0.021225849164062338
2022-02-04,-0.0016793081932691134,0.015568492755241525,0.13535901735711864,0.0014185932323227401,-0.00654095605168703,0.021711757250330255,0.025958231872947213,-0.010550281930733263,-0.01590110511531173,-0.010867938535214505
2022-02-07,-0.004234493845064136,-0.0163103571751797,0.0018777353189827206,-0.028556526372671254,-0.0033208647204688857,0.01203768935132965,0.003342884431709603,0.010498716921142348,-0.007490902743447214,0.007106742903480345
2022-02-08,0.01846673319201919,0.011995312617110843,0.022021627828944013,0.0014222841323585644,0.002630641523454047,-0.025852167961420536,0.018814970625084193,0.0064935244012052085,-0.0022452646771019547,0.008407440770812347
2022-02-09,0.008293727411696317,0.021834933271919654,-0.0013877341505965646,0.01573168062488528,-0.00011650725803813433,-0.004787388151117122,0.004168081390819811,-0.015483913393446014,-0.0022506388925969123,0.010421905907094242
2022-02-10,-0.023598946830876155,-0.028373158632180817,-0.013561706274733853,-0.020989987403528754,-0.012070830101700847,-0.009619942316498764,-0.004150780599445958,0.005570169138154446,-0.0152255167642521,-0.0026032772759072564
2022-02-11,-0.020218439824989498,-0.02427414299668207,-0.03591110674363196,-0.031290478627284846,-0.010093061503972822,0.025178817804919706,-0.013016996082378163,-0.017758364661820902,-0.005598968137311089,-0.00901153602393756
2022-02-14,0.0014233816901665364,-0.00013550959014896335,0.012221683270054351,0.009260357888792425,-0.012581290474583895,-0.015334736521894654,-0.009290427658060096,0.0064689517122162865,0.002878839105990627,-0.006708376306649888
2022-02-15,0.023152296183099885,0.018542092921059128,0.008658352201907249,0.00798748990063003,0.010326197222458866,-0.012534848942620136,0.014623876155218207,0.003790511431905008,0.0005105627734522944,0.017609370762327048
2022-02-16,-0.001388924848935491,-0.0011671808975399767,0.010159039538768955,0.008268230861383286,-0.0005976780028161821,0.004615915669089032,0.001809671621959108,-0.00016448100022770085,0.0075882576241024235,0.0011307995042153518
2022-02-17,-0.02126901304917317,-0.029282128199815016,-0.021808901106176726,-0.03774557248649335,-0.006100272648141392,-0.001531343947546171,-0.023032487799038326,0.020032933082842597,0.011455027876415835,-0.04370433187458267
2022-02-18,-0.009355915695411166,-0.00963068194793304,-0.013261957754408193,-0.01611606306490576,-0.010718821061192263,-0.011121102104193259,0.0046889885101333295,0.006761090963147254,0.000500615977644614,-0.014326856060327575
2022-02-22,-0.01781239450986849,-0.0007295199409620423,-0.015753494788264932,-0.00452084753377946,-0.013589539914624749,-0.011634049547149417,-0.0017746609591210438,-0.0041572462659273945,-0.012320360477669379,-0.003855242685057658
2022-02-23,-0.025863957239340096,-0.025893130374921136,-0.03575624663287669,-0.01714371536837267,0.000496492571970597,0.0040542484871795015,-0.02093934657106078,-0.011078975062968954,-0.012473936613844883,-0.023743524659551096
2022-02-24,0.016680103782118705,0.051093116139310446,0.04509522427819257,0.03999588808769472,-0.019104409257503674,-0.012634931789188952,-0.027843047758780548,-0.017535501818418342,-0.02692991531492539,-0.010606968981490494
2022-02-25,0.012965385600490986,0.009233513625705347,0.01605793012842116,0.013328220956760672,0.049702681733277077,0.026912689301257675,0.023659763331444816,0.03867136727206133,0.042699102792880694,0.012832347453246351
2022-02-28,0.0016379420065271155,0.0049779610935756224,-0.0014662630028149382,0.00444341964366779,-0.008614276656274789,0.007451406015618334,-0.041697521494648115,-0.009705692433903956,-0.014850869180121906,0.002779704339898492
2022-03-01,-0.011628100175326783,-0.012851735037135215,-0.015765550251120253,-0.007371114631894549,-0.0034638585761262997,0.009563619935808676,-0.037729162697848984,-0.004337900949477058,-0.01654987097024041,-0.025322369691524127
2022-03-02,0.02058834260747333,0.01776555072542685,0.0060241839623909055,0.003804386705556828,0.012439040410276991,0.017178484211571865,0.02074010193397058,0.007422860848157464,0.003130681596984264,0.053492061977481464
2022-03-03,-0.0019813449786367787,-0.014224215193742173,-0.027319556126581324,-0.004993501310147752,0.014695311519574261,0.006333042091042351,-0.007108128132405356,0.0006406495860267203,0.0037062839657662217,0.011630003405912248
2022-03-04,-0.01840811065646597,-0.020478446509833992,-0.0152637929917393,-0.014884267961660647,0.005935371647907806,0.03763566475813063,-0.0281294290171753,0.0016008774529319147,0.005053239567665901,0.0041568385120522855
2022-03-07,-0.023717838059988616,-0.037777017921874045,-0.05622045424233624,-0.04190860982103939,0.01610822940355927,0.03603295163707276,-0.038615764117630125,-0.02381313225013737,-0.014825362961875421,0.005315472936030519
2022-03-08,-0.01167600509617961,-0.010971372866850682,-0.010465446730283379,0.005744715450125337,-0.020265949871510758,0.007575505386986814,-0.007042904458888333,-0.03962044744675075,-0.03958405851647229,0.06761560893506902
2022-03-09,0.03499748220264798,0.045858346914590564,0.024001199930983708,0.04968718459351806,0.003793393417443447,-0.05684653374022741,0.04006233352390565,0.005114268894124363,0.013488944169308015,-0.0010474290612699777
2022-03-10,-0.027186294909990583,-0.010086696606587342,0.05412515560997311,-0.0074237111309745085,0.001771226709589957,0.031042512004151535,-0.011840591053213556,-0.018317405705871814,-0.025744399852621003,0.00958133516244386
2022-03-11,-0.023908630829287403,-0.019328396879958354,-0.008806846762653975,-0.01932341991705311,-0.0018272177529132794,-0.00515484624426954,-0.0225238959404922,0.0006909363093841048,-0.011867106113734649,0.014353801512009046
2022-03-14,-0.026562408386816116,-0.012960871076375335,-0.025229488143872714,-0.030180103186364438,0.01381770967279361,-0.03579827752721931,0.009931210894266185,0.01844130084898432,0.01277747141385066,0.0028395140229013904
2022-03-15,0.029677474372530543,0.03874244561137541,0.038867730338306705,0.025779858282585444,0.02591873506092779,-0.0569125410739858,0.017745901472578263,0.018448903276877537,0.035987695887652604,0.004734630955386621
2022-03-16,0.029015084615645836,0.025213469365061192,0.038933563723705156,0.031598889511122774,-0.00919714737158106,-0.0037557871896389816,0.04468580895138752,-0.002683802593358875,-0.003394206258035659,-0.0017558101669110648
2022-03-17,0.006454175772021564,0.0028191442349192464,0.027007748989816838,0.0041903925894271055,0.013064302145959328,0.026647897717246627,0.012644383631590816,0.010595505643300251,0.0031385865893047704,0.026009045458838198
2022-03-18,0.020919146658209264,0.01764789286547286,0.025512151358369817,0.017083957313973164,-0.01108615330444851,-0.0039253366810491075,-0.0003564157703648263,0.00016625033343586892,-0.0005325730344287738,-0.0035635068922452717
2022-03-21,0.008537638215097232,-0.004227308405988728,0.0014945523217748669,-0.00017630339835827957,0.005662588060223461,0.04487095234045424,-0.003212056526584739,0.007986745340136103,0.0037962478884192574,0.012675080065763344
2022-03-22,0.020800479420879592,0.016379278094335037,0.02103830044237709,0.02767410853246277,-0.0047205810826627115,-0.004379398446652916,0.021267458502982617,0.003631634624475799,0.0076966913262415115,-0.004470217798327791
2022-03-23,0.008233866403869472,-0.015029909885630022,-0.008981816492546923,-0.01138575999114222,-0.0037715081590933286,0.015762500259850487,-0.019913294042862018,-0.0065788982542371865,-0.0069794490924920405,-0.0024246075272794654
2022-03-24,0.02267768798486869,0.015392686903469288,0.0014779010051912955,0.023840134022475645,0.005162390904701608,0.003007360456661612,0.0065103303210323205,0.009602548216893103,0.0017240628386276935,0.00017993556247497544
2022-03-25,0.0037342342777990645,-0.0013809386182505046,0.006868294014676479,0.0007134224214280227,0.009587036895703394,0.021827825463664352,0.008742541462766207,0.009019460950499214,0.011583026485414205,0.005175345989610447
2022-03-28,0.005036735920335822,0.023116458767479697,0.025592678900108856,-0.0015352475628800377,0.00514341414449615,-0.028051731560458704,-0.007398365404474583,0.006338344910671312,0.006870641742448003,-0.006760376203746921
2022-03-29,0.01913431239820884,0.015159068104537932,0.00192027764251268,0.007422613276581114,-0.0005060106819523291,-0.0053130502381941724,0.002200459935182142,0.003875786342993015,0.010267290610020963,-0.0036511579928326654
2022-03-30,-0.006649534656260392,-0.004914118694219427,-0.01780118433038691,-0.003978545023507807,0.010408191108805864,0.01711768064325736,-0.004533400493925699,0.0008042656050128993,-0.006882493544456025,0.009229137367936291
2022-03-31,-0.017775907919741263,-0.017683041931661814,-0.019864567358571672,-0.020226840209393915,-0.013140973965650948,-0.014203829269124113,-0.030026600169586026,-0.0033754094445451743,-0.010298584179347592,-0.0011655110538743019
2022-04-01,-0.0017181489413556905,0.0036004977448180764,0.003450973226124532,0.0077873990253298775,0.005416725419740143,0.006417254875005662,-0.007409055386800145,0.014032216129790553,0.014987075172770759,-0.013688096209028111
2022-04-04,0.02369351184331303,0.017936472888743227,0.029264484561530857,0.02012812802917341,-0.009652523283293246,0.0004811548905148122,0.004434078401279518,-0.005248894290188599,-0.006512743437188773,0.004732035187009043
2022-04-05,-0.018942120202566692,-0.01298500809473968,-0.025492089193307588,-0.016649932570114934,0.006460068824710952,-0.005170484038841461,-0.011637283887836136,-0.0011193375269207273,0.003504848706121111,-0.02169268907863664
2022-04-06,-0.018450718434699476,-0.03660600259648905,-0.032300120131985244,-0.028757148691692214,0.02601191631409394,0.011120221243016148,-0.013874210810134069,0.010084842241095071,0.014293103289542364,0.0008792742912950846
2022-04-07,0.0018041870965967988,0.006243850493401482,-0.0061194323502751224,-0.0048299032362110195,-0.0025790536843043332,0.016736568340653735,-0.003042099695660938,0.005388287522305024,0.012943965257042,-0.0014334933529664973
2022-04-08,-0.01190893709078078,-0.014600096868902068,-0.021066740550443774,-0.01914070133443746,0.0019804685933202393,0.021046310340159913,0.018308035067381434,0.0061476521298771125,0.007805737213072872,0.005233678799686725
2022-04-11,-0.02551581923239099,-0.03943142002551603,-0.021613947156313595,-0.03349135413035775,-0.012519122257053317,-0.034431335878622016,-0.003670610656714035,-0.00031328929720220167,-0.003810239203706267,-0.004515368701648703
2022-04-12,0.011523149560565216,-0.011217894901919045,-0.002213363562407644,-0.008608781108492503,0.00033350625185257776,0.02087076111779318,-0.010977545147853207,0.011753520816184304,-0.0030095881626951426,0.0030085883599813013
2022-04-13,0.0163428207396763,0.019712191203300478,0.03152445706895657,0.01706531169043668,0.00422444117287224,0.014135491714632575,-0.03223365359869168,0.002633250073519555,0.002830026278969555,0.007244901880577581
2022-04-14,-0.02998835202196659,-0.027084535808695187,-0.024652684274885983,-0.0243583365173754,-0.004206670341481034,0.011749898456539398,-0.009269339307847457,0.00448013480340026,-0.0055813748382634865,0.04370740324439781
2022-04-18,-0.0013309513958957853,0.002465781282658286,0.007109164667870926,0.007468679920389798,-0.012451155946785919,0.00819764680094659,0.018553912733532574,-0.008920305435959897,-0.00952254560718746,0.00926205002063285
2022-04-19,0.014115290691415483,0.017039718921782132,0.03488883060861969,0.01826910944459126,0.03050775307692466,-0.008921702607523896,0.020706609603442283,0.009776536781302303,0.01496233454307605,0.009742685362593484
2022-04-20,-0.0010156387130897393,0.0037153563630465403,-0.026041044919075107,-0.015145431498978512,0.004424161441789476,0.0022789799282225687,0.0035083291854700605,0.013677561770083946,0.026598092185431188,0.012577447775033557
2022-04-21,-0.004843426843104681,-0.01938086683412643,-0.037026427673936824,-0.025191356127748255,-0.0028822144164331043,-0.01057277481422736,-0.007752051895263623,0.00379024580236198,-0.0007803532088646037,-0.010677204738463786
2022-04-22,-0.027821449736689652,-0.02414460462838408,-0.026608937569704394,-0.04149354691800855,-0.009925816974849289,-0.021831752770370083,-0.028722490766926456,-0.014499419742466824,-0.00836351618620057,-0.06549716863921784
2022-04-25,0.006737346760238738,0.024413413763799463,0.011943186356370372,0.028741417380383716,0.024622757915597093,-0.03371285173102745,-0.0003153100377061291,0.010574786203753073,0.008061962341054274,0.0018492101631135682
2022-04-26,-0.037328138111192066,-0.037403728356125265,-0.0457507730510871,-0.03594579759094707,-0.007150282879533898,0.0003642370054510735,-0.029581262629340355,-0.013497102238328673,-0.016979563983095303,-0.029533884129608667
2022-04-27,-0.0014669387535175549,0.048108833050608535,-0.008781047317448887,-0.03670865087028197,-0.013969694113431075,0.028557824200462045,-0.013005858843992413,0.00784004391243287,-0.0026908843052099174,0.017403565592983394
2022-04-28,0.04515522107243641,0.0226325569204604,0.04653418536434306,0.03699197394596587,0.00746820921510416,0.030245591751321577,0.0158128837622995,0.009609716612858143,0.025414209251283237,-0.007104081193174072
2022-04-29,-0.03660458119047172,-0.04181187711689249,-0.14049437774923412,-0.03723344944250517,-0.016352476827274143,-0.022362372453079926,-0.03226853748667946,-0.023870858191531563,-0.017501915712011318,-0.0089438112983109
2022-05-02,0.0019666645902485236,0.025043161464032293,0.0017580913238786078,0.0216766805381845,-0.0100853249491909,0.013607240098984397,0.009132059985955454,-0.018108710605664546,-0.013516078806382614,0.007267325051950824
2022-05-03,0.009622478403230383,-0.009456189633244128,-0.0019799044812061073,0.006441636762541503,-0.0019591969521158825,0.020599280355953598,0.021419556587284116,-0.0056745566339532205,-0.013701373884816959,0.0073087334147037275
2022-05-04,0.04100833459665454,0.029100745778838144,0.01348046853293483,0.04199139217066561,0.010712973097021905,0.039800586752968714,0.03308138603548039,0.030912996801212955,0.007362051338489328,0.04199044074167668
2022-05-05,-0.05571631968530377,-0.043554872331610706,-0.07561036490424522,-0.04707555275080255,-0.019090187763809108,-0.015158220845319814,-0.025019592688260817,-0.007996210456595154,-0.018429074665081147,-0.029920624922367467
2022-05-06,0.004727597852107968,-0.00944634414968426,-0.014041240035030156,-0.0065146965009890145,-0.0022061492730169885,0.015280646235924067,-0.0016139333692699598,0.0035653857313540094,0.009970380471538531,-0.005927765550371666
2022-05-09,-0.03318963068730052,-0.036945576418243364,-0.05213354825727923,-0.02795345563903917,0.005443234912690942,-0.07885256521062811,-0.015033967335891574,-0.0020080904531437627,-0.0025001033145719553,-0.03894703805042665
2022-05-10,0.016112119486243248,0.018595769875794588,0.0006434445934941913,0.016745014939361536,-0.0013536846064542418,0.006630444436721117,-0.02437210461084105,-0.009286552570083484,-0.005269754757641243,-0.015996821470193878
2022-05-11,-0.05184121685604148,-0.03320969230828785,-0.03203225709010693,-0.006927712018831245,-0.005421007652826604,0.0208186926655205,-0.006308379400364106,0.004686868037458991,-0.014083603858273452,0.010936550625633812
2022-05-12,-0.026894256362352875,-0.019957734905444724,0.014790404884573505,-0.006676701966829679,0.009879320808436898,0.004539529966941069,-0.0008465910175788904,0.0031099128960894173,-0.00406256020863538,-0.01062340170268461
2022-05-13,0.03191620264892725,0.022596157060473354,0.05727556035084902,0.02841523830051651,-0.005734531000400556,0.029664135869549746,0.0088953725785903,0.018756688406850852,0.010724328691495533,0.006402983799485895
2022-05-16,-0.010672320085592713,0.0014553820167426679,-0.01985316173972207,-0.013834460957373174,0.006954904657432648,0.023519762085323803,-0.006969570304182882,0.003651947758091856,0.009764332641447826,0.013997134552197421
2022-05-17,0.02542285601532779,0.020344407524563124,0.04113327357999652,0.01772018801117059,0.004155444357007099,0.012754357048700316,0.03314733299319528,-0.002729011056751496,-0.0028365442866594703,0.02847617655501411
2022-05-18,-0.05641930393229366,-0.045529785630666675,-0.07156196640827228,-0.03926648443676306,-0.018565925860243526,-0.015850749738331227,-0.017106013403375253,-0.06962607609909965,-0.06232204628673732,-0.024168273741840385
2022-05-19,-0.024641313012563892,-0.0036996990212138092,0.0019278532990965047,-0.01354342212604498,-0.00888893166264293,0.005405643183849618,-0.014822073610195385,-0.019607699099417286,-0.023028391389758318,-0.005674647454423587
2022-05-20,0.001747461251576654,-0.002291110956743725,0.0025345295167618076,-0.013371511753015097,0.017476855040029715,0.007899959378147692,-0.008198929239982888,0.01633325417812692,0.0006352637584312593,-0.04323857102127138
2022-05-23,0.040119009236791126,0.03203187882897818,-0.00031605069518414464,0.023689753658902912,0.020415453142153206,0.02209898464355664,0.061871554800822404,0.030829806853639008,0.02299185988131791,0.031998640765702024
2022-05-24,-0.019215952339104447,-0.003951568553503426,-0.03214110432537587,-0.049494087411124155,0.010922878387888302,0.0054316415283872654,0.014125226052551731,0.0184535830936976,0.01778681269271498,0.007347891277236451
2022-05-25,0.0011401024062802634,0.011170174896786955,0.025696475417555487,-0.001557131879002971,-0.009812763181557882,0.02012731809808721,0.006964073760338252,0.0007811015030194657,-0.016392105551060965,0.017796919914577103
2022-05-26,0.023199546472199684,0.012874974408167539,0.04029499229486544,0.018784634162416713,-0.0008905697520333877,0.003530473164408132,0.017290243652428483,0.0035898712289637036,0.008746129685514692,0.017581902137112415
2022-05-27,0.04075634368570591,0.027604213744848227,0.036632083603781895,0.04196945545467545,0.009082633153457476,0.009830304786850652,0.014137754166445804,0.005909794058742923,0.015291841587810495,0.019484208781044288
2022-05-31,-0.005346056690294088,-0.005013833234462695,0.04397010379074828,0.012869928199780833,-0.008614579553650636,-0.01629245229034937,0.007313302793514165,-0.02009899926055314,-0.005648071185582304,-0.005940746417719911
2022-06-01,-0.0008733145870307712,0.002023458944179213,0.012266042992872705,0.0011427638891483571,-0.010137420249944351,0.019166340971269014,-0.01754523231398042,-0.004891007955092008,-0.015147536241812531,0.007968408952870876
2022-06-02,0.01681137291465795,0.007928710037467424,0.03145034300738625,0.032754750573196434,-0.0031513138488689085,-0.0017374522539523873,0.016088094516306883,0.010464566606943393,0.010779943314365825,0.011169018125413155
2022-06-03,-0.03855565054348131,-0.016607203021509087,-0.025185068024527135,-0.02619838755494941,-0.004120717784241501,0.014538721084973671,-0.013939310966713858,-0.01192543708876459,-0.008966763448610138,0.013181741801177926
2022-06-06,0.005227657990590995,-0.00470332732607015,0.01994280728922404,0.019901268462771737,-0.00011337681385914511,-0.0025230210702903433,-0.0033036293795111193,-0.001588046042282687,-0.003907045037809587,0.0032749917258108052
2022-06-07,0.017585767789304763,0.013953550056546193,-0.014344105316090427,0.0028163082326282396,0.010997730070843259,0.04583178659156961,0.00262095345573643,0.006044214640921419,0.011148140263131268,0.015516636744394185
2022-06-08,-0.005043401407651693,-0.007669767778340497,-0.014796745486375773,0.0003798933775556179,-0.005943702769922177,0.011802236193625637,-0.015914499206967747,-0.005691671067490245,-0.012454264663773418,0.0118888542613369
2022-06-09,-0.0359557339386567,-0.020782999127621382,-0.04150848957443054,-0.02012486403050817,-0.020137364715287598,-0.02160820839613986,-0.02101595303575965,-0.01733174086150202,-0.01805548275084723,-0.026675211310291158
2022-06-10,-0.03862837693030585,-0.04456381929205433,-0.05596211721574329,-0.0319936614174916,-0.006677849980342487,-0.01827423771789294,-0.04596588334775353,-0.006310792819010036,-0.003789612301751233,-0.0379577071460756
2022-06-13,-0.038285045183379385,-0.04241283084569514,-0.05453719355874531,-0.042901456762130974,-0.010084313671391287,-0.045888922975260815,-0.029778258211973774,-0.0011398639779683917,-0.026769972123698582,-0.0385722804560894
2022-06-14,0.006672998298201893,0.009205025387527765,-0.013118555361940287,0.003035989845548981,-0.01533856335513828,0.002608397377273919,-0.016639352004981123,-0.027421992337078316,-0.031197885240665024,-0.0009184100358780034
2022-06-15,0.020111164495455913,0.029735431619454022,0.052389802934770247,0.02857129462168606,0.010702301975951345,-0.012591206893248552,0.01183586766115119,0.0074286418594089465,-0.009937301075259253,-0.0033383194953864326
2022-06-16,-0.03965123285848082,-0.026970125841419,-0.037243378610853695,-0.033990923664437456,0.0005292926297160161,-0.03688471188430953,-0.017156208993858724,-0.010055314949104832,0.006112732832916468,-0.05441758705196653
2022-06-17,0.011533140778229534,0.0109398491133883,0.02469609751257895,0.010468376951873193,-0.0036453943983463244,-0.05766492059018302,-0.0035264540875772354,0.006094528917516051,-0.007200640449235629,-0.01103747023624102
2022-06-21,0.03276064137271906,0.024591463149422177,0.023159471438541024,0.041071025376935744,0.020949006644936263,0.062238856130707454,0.02477208767018846,0.021369611306808034,0.030295943336740683,0.019362498710796316
2022-06-22,-0.003827292632372914,-0.002404219672163088,0.0024843268523027096,-0.000506424567339625,0.01577927953877367,-0.03957150667621512,-0.0056116339051686115,0.007413623155635651,0.015619489324704361,-0.043489365379299594
2022-06-23,0.021573672067856764,0.022636573371720647,0.032033093996523876,0.006767531589385367,0.022305697762696752,-0.030161741538290987,-0.010939309249167972,0.011937909088484577,0.02743704849376316,-0.04876740945739222
2022-06-24,0.024517250668301793,0.034149982645762966,0.03575237064906056,0.051077121460426644,0.01463894203168059,0.019833479220947803,0.029845446546480137,0.018745847705471164,0.01440598863025122,0.03817088649080258
2022-06-27,0.0,-0.010496870815755899,-0.027820692849391482,-0.018152110067070515,-0.0009326701930518766,0.02451092417939127,-0.008012377778115254,-0.0020621553642420354,-0.007620507291043022,0.011321359177691948
2022-06-28,-0.02978937125623493,-0.03174911917650014,-0.05140434227234392,-0.03303024515907482,-0.02844309490992669,0.027743178408634606,-0.004811557414539869,-0.010014377593467128,-0.016265275334931828,-0.0007995409341033932
2022-06-29,0.013023760435288079,0.014737917458881533,0.014152668728781848,-0.002731993536838173,0.0002829962606554215,-0.03693994100724818,-0.004490030489271546,0.00722561357142415,0.009083430729718067,-0.021126885486424163
2022-06-30,-0.018027918343345384,-0.013179110652113635,-0.024880638358708018,-0.024516313970503023,0.0029381098566299,-0.028143361025494862,-0.023330299167389157,0.002869333563943588,0.011181287840262621,-0.025724841580389568
2022-07-01,0.016164499123666465,0.01070755236322496,0.03154127203651269,-0.0020694427451819486,0.011323146158122244,0.02230267452569268,0.012787498636010586,0.023366608167087133,0.016134683508510328,-0.002629440404833261
2022-07-05,0.018930419214541416,0.012597090497502572,0.035962053023039564,0.04161859146331626,-0.007687146932739308,-0.03129628472416357,-0.0038035168607858383,-0.017086159360959474,-0.009650474802192943,-0.025407917955592607
2022-07-06,0.009607125374448522,0.01278327401501067,0.007312791463036872,0.01155729224182589,0.0008980646620015964,-0.01804043472275696,-0.006482075004426102,0.0020544703211036186,0.009329863850251696,-0.008344750315455562
2022-07-07,0.023999458946238894,0.008226345229010112,0.01749322109655349,0.0367541110655476,0.001121909741828242,0.03194067591412231,0.025292709996212803,-0.007885087539700408,-0.00034238664981667277,0.04625387157589578
2022-07-08,0.004714730112278298,-0.0027571903828089717,-0.006791033294013427,0.004802788751166132,-0.001232612186129023,0.0016289695853590747,-0.00313807493057916,0.0036559678951577634,-0.006712352546339062,-0.006545478597294374
2022-07-11,-0.014757943370527271,-0.01176842830922975,-0.03280250030721621,-0.030807598048857576,0.0003926788071786369,-0.005111698021786681,-0.01311648493551354,-0.003167454185632468,0.007033379297367803,-0.022780586119914514
2022-07-12,0.006833730116009296,-0.040981586225424915,-0.022639810105564928,-0.014315688389810677,-0.014017490008288336,-0.01331134338422224,0.0009745822107205537,-0.0042898788534720955,-0.008832944248572061,-0.0030279656562903767
2022-07-13,-0.002536558130719957,-0.0037449711745953795,0.010803884746268588,-0.023390626184515928,-0.0023314663229666577,0.004023382977051515,-0.009382967972188516,-0.004627488922296141,0.006562710059094812,-0.0035533529077200754
2022-07-14,0.020482292229669685,0.005381560885424852,0.002083294604711794,-0.008854539244820159,0.0013679262963575134,-0.020037535346230095,-0.03493880156986462,-0.00320611346669486,-0.00295110766913409,-0.022603378575762667
2022-07-15,0.011450364873512475,0.010390440680364765,0.02639434033114041,0.012775278291065284,0.014514971558824419,0.016838934644518577,0.04583346597290916,0.005146350129885624,-0.0013766654617224372,0.020242704653500088
2022-07-18,-0.02064331511963935,-0.009621352967975283,0.0018493974357443044,-0.024580006456354164,-0.022442972809449402,0.01845290002674238,-0.010270169459284495,-0.013599957095847603,-0.012132203348782511,0.0006344667545938876
2022-07-19,0.02672196877773203,0.020766861747164578,0.03911741266419089,0.04384125461501598,-0.014578174167698243,0.02520353167254208,0.024778528027801228,0.014274077577017152,0.005093801906302042,0.041789908461900005
2022-07-20,0.013509884815197548,0.010557448240022138,0.03857539627705431,0.0007906700527984256,-0.005708015559172441,0.010988709003636021,-0.00017463400052086797,-0.016472149737231767,-0.01728682859863817,0.002674400869771665
2022-07-21,0.015094197617942173,0.009799170551243908,0.01515028639903937,0.0038630523120737337,0.003514470934891989,-0.016696478839224094,0.0068100075127752735,-0.0022763229543920627,0.0009456518569765926,0.005667412500140134
2022-07-22,-0.008110882391103247,-0.016915934587670267,-0.01773248120979176,-0.0563232070119728,0.004728329481194393,-0.007635280494759367,-0.004855995557083603,0.003748460348868665,0.015983613192768864,-0.013094556880809849
2022-07-25,-0.00739809325785501,-0.005876501577445237,-0.010455798059483934,-0.0036144015368410054,0.001975657142049725,0.03330280506061234,0.0040081896835242325,0.009741710870202258,0.006782306147593564,0.017859172311498472
2022-07-26,-0.008826563831543233,-0.026774259766827346,-0.052253606265046604,-0.02316072578034889,0.007074093234922252,-0.0038900616126024135,-0.015622142203202793,0.01640127140183667,0.0019447031170913842,-0.003190140687557297
2022-07-27,0.034234897440794,0.06685167586693641,0.05365389594199388,0.07655688005045369,-0.0027637734865283425,0.02164482862786743,0.01604638177481088,-0.0031641504376253016,0.009495927045045649,0.022181837013791394
2022-07-28,0.0035717622013864414,0.0285411139338263,0.010829110898360028,0.01026002753671662,0.005773736563171816,0.011684996128410674,-0.003731236046980224,0.016664144221559596,0.016616299084540875,0.013981009653926346
2022-07-29,0.03279303775843645,0.015664689490536787,0.10361464095050721,0.018385508528309558,0.0018368517785956051,0.04630817013240529,0.004790586199032054,0.0017171175177677078,-0.061799323569279974,0.05541948534632968
2022-08-01,-0.006153629250542192,-0.009723934806752155,0.0032604850044939404,-0.01255150609206146,-0.0034950511633766723,-0.02527573032979613,-0.0099686847751288,0.005454056489627046,0.028723785851515915,-0.01709960549533318
2022-08-02,-0.009287307183016846,-0.011474613419050872,-0.009084834427092181,0.002350661492950712,-0.005692854110680212,-0.004339530287498006,-0.01558548919548719,-0.013638805176888313,-0.0066481357543285435,-0.05824692832349976
2022-08-03,0.03824767017206443,0.02783656653653055,0.039952299225118226,0.025623281569087775,0.009657788275373669,-0.03242295271494655,0.010495464299324242,0.004399622398170822,0.02064121248389128,-0.003487487149613666
2022-08-04,-0.0019262193978791808,0.004177225395082695,0.021860686341448332,0.0009314937515934041,-0.01603775157993026,-0.04207848964703842,-0.011002561579532832,-0.003911154333380407,-0.0015877259834076174,0.004210660394468491
2022-08-05,-0.0013888523826868227,-0.0026086207136205575,-0.012414983387324718,-0.006091861404194154,-0.003958206317579149,0.01445094369966382,0.030259784253265476,-0.004554809991785924,0.0004840454201420208,0.009529347625347073
2022-08-08,-0.002903020666232048,-0.009154999612014825,-0.009872154542052702,-0.0014472831629034344,-0.0053182306352062,0.0056529523488957345,-0.012180294323104746,-0.006468900374288933,0.0038004707206973354,0.002265441082343944
2022-08-09,0.00030329019422348225,0.007063336776823359,-0.011333489631663474,-0.005711759965526753,-0.00011752018721122859,0.01843737523457123,0.009007299727232354,0.001270497688724781,-0.002340260019300211,0.0011840857682188233
2022-08-10,0.02619446156630123,0.024300355024957865,0.0352608325167747,0.026322472378605744,0.002879381738959852,0.009493277986700743,0.026087907426847412,0.009516403550402064,0.009452682570482374,0.02521123909594425
2022-08-11,-0.004431423559688619,-0.007400547473620289,-0.014366830308238487,-0.007184553383842385,-0.020683584978132052,0.0289280915302621,0.014781523354963078,-0.006755672442633753,-0.007108602922201723,0.017198011977465733
2022-08-12,0.021425291877719577,0.017037007732106035,0.020691152408548463,0.023897696384946432,-0.011008574975399643,0.008691996942087776,0.016564068455776404,0.007592364581764377,0.00970639459940581,0.014638878512979181
2022-08-15,0.006333550304200353,0.005344065405534337,-0.0025775713556979163,0.003287311728215725,0.0047793419875963306,-0.017872480788662104,0.0027020328430036322,0.012558838605563505,0.01288622841382292,-0.004521265475043945
2022-08-16,-0.0009238689448732851,-0.0025896878939748458,0.0111747882760318,-0.003112675852094071,0.008910766238462209,-0.00931560273597154,0.009554225164893682,0.00821694600556877,0.009221826742715766,0.008012172784810812
2022-08-17,0.008784691383266097,-0.002636066471158993,-0.01851079360669594,-0.01766652261321855,5.978453042065901e-05,0.008090889781504185,-0.008412370062963803,-0.0023064655744766682,-0.004602404344311695,-0.00804978051668015
2022-08-18,-0.002291765548181335,-0.003947533896045408,0.0014074379989574837,0.0051861548960010495,-0.004833571350104315,0.023644463539796545,-0.00774929248467271,0.005240639164291849,0.0035518416506741257,0.00724729905361543
2022-08-19,-0.015101703547133138,-0.013854366715243427,-0.02860159688639219,-0.024631701737110046,0.015230491583597905,-0.0031785833709043754,-0.024745333160939964,-0.0007668889288980907,-0.0002673517267097747,-0.008867341085937674
2022-08-22,-0.02302943569427507,-0.029355027119065236,-0.036243902638259384,-0.025339179612186014,-0.0035079286956497535,-0.0007440191196379509,-0.016521802902849436,-0.014884150674259411,-0.0026712897800531543,-0.019631972551911958
2022-08-23,-0.002029180272761333,-0.004716294793411846,0.003002506326521548,-0.0033264257103985395,-0.008711778567414896,0.0424422291709583,-0.009856898488837973,0.0010903283198508973,-0.01928641304353995,0.028420931733372123
2022-08-24,0.0017941538635419807,-0.0023515030867391484,0.001347163157822573,-0.001492899937171499,-0.003310692400909865,0.005918556556124832,0.0024238307017925287,0.0014004574391353053,-0.004301476382029823,-0.015465763994653603
2022-08-25,0.014922711582291415,0.011095564604484798,0.026008936084948253,0.026035770241456424,0.009360891449287312,0.005173239168820842,0.023748007316191977,0.004816459022388475,-0.0008233166051513363,0.024309810130240805
2022-08-26,-0.037699330851321156,-0.03858710607935334,-0.04756700784791723,-0.05409356783026986,-0.017112331577951,-0.012311793058898957,-0.0327288782977333,-0.02412221890621158,-0.02340413332646385,-0.034995704472975175
2022-08-29,-0.013690293772470441,-0.010667909896225458,-0.007342307563037775,-0.00833776933122543,-0.0077312667192784845,0.022989400897611256,-0.002441797294758352,-0.006021152511427208,-0.004216745368290753,-0.0007297357839459728
2022-08-30,-0.015305413836977144,-0.008521211534335493,-0.008167020675137082,-0.004386795465678883,-0.003496889190001795,-0.03805431099582013,0.0001747465385231184,-0.009246124494279861,-0.010656854476194022,-0.025237186774316744
2022-08-31,-0.010634845272127214,-0.005704057364933068,-0.015225659516225343,-0.006609257001210178,-0.0067104260957198125,-0.007475727170951907,-0.005943356600146887,-0.00707962120667005,-0.015979744210948166,-0.011928949248344423
2022-09-01,0.004707046164663442,-0.004092317659477485,0.008282741023605045,0.014045510015762597,0.024792066589299555,-0.01799358552998842,0.006858285649581575,0.00469933799632094,0.012324572588780613,-0.012289337314358106
2022-09-02,-0.013611387099977001,-0.016666551839132238,-0.002425266463259801,-0.01722254458854644,-0.015725029478514507,0.01832328716477849,-0.006986206774543091,-0.013709565379552147,-0.017760135599620863,-0.008825263019746066
2022-09-06,-0.00821528309412034,-0.010973905369011328,-0.010979542799969266,-0.009642825638951247,0.0027038928928946326,-0.006695352813479216,0.0002636872886094821,0.0004905201661409286,-0.011154722332158085,-0.0009399119312685222
2022-09-07,0.009254085615128416,0.01911158841542515,0.026722663554652915,0.024716587178817084,0.005453977794839249,-0.00853079119420519,0.018990826515262516,0.018470194131529727,0.015114471562267529,0.0011070944622768586
2022-09-08,-0.009618017070946339,0.0016659375915790697,0.0026259778181887405,-0.009776198439633954,0.008045196676375932,0.008179453191551778,0.02329590297824513,-0.0030494356687750246,0.0013072516435723713,0.01266165571499056
2022-09-09,0.01883978574392886,0.022976977974498602,0.02657523304266962,0.020944944241152452,0.001934847318104449,0.016752550450178427,0.004805969472228,0.0032195325307855516,0.015233017313973418,0.03461641586947484
2022-09-12,0.03850813532818065,0.008281095465868304,0.023861278411006825,0.00189779310771776,-0.00042241768064876783,0.011502610940805624,0.011831829857639198,0.002888418099036283,0.008145356429489325,0.015357103891300294
2022-09-13,-0.058679658931181655,-0.05497848757945445,-0.0705752837581286,-0.05899321714259875,-0.026020218069905066,-0.02335829119782873,-0.03474873275203949,-0.032479844215626885,-0.020694757461412694,-0.04204780772347816
2022-09-14,0.009555458111136561,0.0009128062102299328,0.01364140798846103,0.006518361792431815,0.020640953482148783,0.02454633178820753,-0.002319840926844341,0.005291809285634885,0.002388231823670317,0.0018446830202321074
2022-09-15,-0.018929830941975867,-0.027119176862571925,-0.0176585314552421,-0.019904707637969254,0.002550564483753792,-0.029077492289807494,0.015070702826759375,-0.013587438636924132,-0.007725185215860408,-0.011697745018739658
2022-09-16,-0.010960226906412962,-0.0026081082883792073,-0.021777003694830932,-0.0010689551621477777,0.015265484377516625,-0.017083354368655157,-0.006702407419623468,0.00016805275596865066,0.00611165410486314,-0.016548898280648427
2022-09-19,0.025083114440123788,-0.0008989499261742306,0.009147615105472573,0.0026265046583227036,-0.007876154346682984,-0.00010717457774511718,0.009224461979975729,0.007557883122917275,-0.0020969384294541316,0.014710072840700361
2022-09-20,0.01566535262614077,-0.008465713076841297,-0.019813903001303257,-0.018725171482740444,-0.00787801596922777,-0.008154300460714636,-0.019718963947130685,-0.001500238001114429,-0.003550808564011687,-0.0226236980038933
2022-09-21,-0.02026758209229651,-0.014435904749083628,-0.02987152347123634,-0.018390414810961486,-0.010244232804931142,-0.016118945053958833,-0.028835404948246768,-0.008347178315858739,-0.012872913858145152,-0.03393467579250853
2022-09-22,-0.006375445389336876,0.008495370948176095,-0.010376272544574183,0.008662355969172975,0.01776085556648188,-0.004177920047431671,-0.011378730987499086,-0.002357026711941157,0.003536336431112952,-0.00814174220058328
2022-09-23,-0.015123627057181732,-0.012698013192183222,-0.0300912015408894,-0.013980354622167068,0.0032494047091391476,-0.053218390014964756,-0.018613640615345095,-0.011137415695930741,-0.004625039055159763,-0.03699795479490153
2022-09-26,0.002260178423283188,-0.0019753786748795132,0.012040804722097675,-0.005772706558578644,-0.00611799833444171,-0.020641585845884824,-0.02153181558100825,-0.012457239156583033,0.0009587392185581578,-0.00986363593146855
2022-09-27,0.006566169797515897,-0.004379898265206239,-0.006426381710496365,-0.006824865511432909,-0.004586613469971579,0.02095748152125476,-0.008802239015679336,-0.025747379032465934,-0.027485127617057348,-0.0011069774085386008
2022-09-28,-0.012651325407673997,0.019711406445076296,0.0314657666190894,0.02615377133917063,0.008609179728551464,0.036389042508040204,0.020217229076527676,0.010641835264287414,0.0,0.03275075259649918
2022-09-29,-0.04911929826017325,-0.014808914816964114,-0.027201076403397306,-0.026286893411413104,-0.01100037782132579,-0.0020256224857808647,-0.016946019163673,-0.007195226910914343,-0.0248522182382358,-0.0110874204561211
2022-09-30,-0.030039290776180505,-0.01936854741228533,-0.015679468675155572,-0.018168648117538044,-0.007110810868373507,-0.015448839283347726,-0.01563669041136151,-0.00972246470347482,-0.019036446452752598,-0.010970336714664186
2022-10-03,0.030753088569200893,0.03366266131779261,0.02548670135768094,0.03125974201338,-0.000979757475401688,0.05280033921250871,0.030909057855834643,0.011245816854274393,0.01790080465405741,0.04357638730548219
2022-10-04,0.02562271382622905,0.03381236106621399,0.04496029692750958,0.030413631949170794,0.01482845298534885,0.0364447641710941,0.046783543140396455,0.002294849675011701,0.012372787278421171,0.04905660950916024
2022-10-05,0.0020534234806917073,0.001285778539411364,-0.001156159830559167,-0.002066176723388158,-0.0030793163529456713,0.04041172941557014,-0.012346784233648767,-0.009510315335636732,-0.006917729843649689,-0.006958563202715706
2022-10-06,-0.006626055370970607,-0.009670930819355328,-0.005374071210291542,-9.84991252699352e-05,-0.019380872427732565,0.02966065860961975,-0.020382086864078275,-0.02151506625107935,-0.021052778609513045,0.0024104574863015316
2022-10-07,-0.03671850793426512,-0.050852842277250065,-0.04771409266460669,-0.027016387679748233,-0.010561395564581577,-0.010091995504583284,-0.01997425549647769,-0.009449394041009085,-0.017473096400659416,-0.007046510462240918
2022-10-10,0.002355547414018444,-0.021303216723041474,-0.007768849586377025,-0.008309580365138514,0.0013109455351292265,-0.021676901550945482,-0.009341229714490584,-0.0022013353866520147,-0.004103940960083818,0.006308085599773472
2022-10-11,-0.010254818548201872,-0.016750101855573463,-0.01284419027000161,-0.0069488916522535416,0.014462815175775523,-0.008498434466702731,-0.02885991641332264,0.0016548593917873333,0.0037977237344588577,0.0060447673483330355
2022-10-12,-0.004604894895684164,0.001508392716623952,0.006149206372302096,0.003910302399359189,-0.0002459660727800461,0.004387927305074868,0.016182763264475097,0.012114438910856284,0.0016100096537834396,-0.0013910546822401004
2022-10-13,0.03361279955991914,0.0376080583358509,-0.00327726077574253,0.015375157633235492,0.015120963420457656,0.034948567605734615,0.05559302255549148,0.01323899880863566,0.015108824225541051,0.020278587607913456
2022-10-14,-0.03224002675843851,-0.024248673667610854,-0.05003107895219994,-0.02523723623669294,-0.0041780380000296935,-0.02630802528548304,0.016640803638715118,-0.015929862087363023,-0.00973810019543675,-0.02702847451575474
2022-10-17,0.029122673725456183,0.03924561778222868,0.06445275295885255,0.03531482322301538,0.012951304299797073,0.014416708630492492,0.042000179380355496,0.01291376124862631,0.018068386930621738,0.014647318991180214
2022-10-18,0.009409381724085897,0.0040837901134089805,0.022585461588422673,0.008002402815069365,-0.003481470703110001,0.0017892206519674048,0.02572053665648566,0.013467301712774438,0.008088645755639945,0.015210040199158614
2022-10-19,0.0007652270946834072,-0.008469696739749288,-0.01108629175628062,-0.011312756191073303,-0.007951282792201808,0.0296623501322395,-0.019606135855066653,-0.008504539891528218,0.009270107872074052,0.004685392521592169
2022-10-20,-0.0032670967764242276,-0.0013955907026812486,0.0015642678860967596,0.0034124880793526824,0.0025500997667529113,0.0013489092202660924,-0.0032614699196795716,-0.015725469844637296,-0.012880161268826629,-0.020985718470461268
2022-10-21,0.027059078333680597,0.025280559490927335,0.03531453097461368,0.011603391689576803,0.021803842072820823,0.01857018157847201,0.05252738347307906,0.01597671113378829,0.012520690935816647,0.06066685683096784
2022-10-24,0.014802796839075372,0.021187921319686165,0.004190412347291339,0.013744857313888081,0.013454958481655233,0.006990377047870089,0.0012271101158030095,0.028770550991798816,0.006144033432586848,0.0056777109687420335
2022-10-25,0.019337598081653695,0.01379176636347279,0.006509754475742646,0.01911820926414376,-0.0015791908549598332,-0.006754101842510685,0.002614939637381797,0.023970850337623695,0.011517410791943572,0.018504874458237452
2022-10-26,-0.019627221153043606,-0.07715632877417555,-0.040961814879887926,-0.09140521844677185,0.008786926620428792,0.011900297242174673,0.011491451789849227,0.007463820883332417,0.007030504951980765,0.010880831894439558
2022-10-27,-0.03046527277787181,-0.019756127246631006,-0.04063638620803933,-0.028547101866726488,0.0005805213886127536,0.0038267944980301394,0.003948053224373194,0.0023574959993377664,0.0007586753543633584,0.07707122898187713
2022-10-28,0.07555238483314564,0.040220452861297495,-0.06804249715805744,0.044133481888031456,0.014857049213019113,0.029288460534086402,0.011877953842065914,0.020661685539081764,0.025326122152882213,0.03393987004928212
2022-10-31,-0.015410268135970906,-0.01585610905792978,-0.009380148789788323,-0.018485780248975292,-0.005146677587516746,0.0009936720832166568,-0.0015863834943163901,-0.014976981145941481,-0.004067680782995686,-0.013130056637582155
2022-11-01,-0.017542854878044745,-0.017059562980899945,-0.05515425020719411,-0.042746904669429875,-0.0050585101067534,0.009927090750140755,0.018033039039374588,-0.003508673262900275,0.001559440820242175,0.009424181474333215
2022-11-02,-0.03730483301484533,-0.03536817768924827,-0.04824876665742572,-0.038686783634208965,-0.015367669517860172,-0.020552300707261884,-0.009207872772828862,-0.013916795420706896,-0.014383047965198847,-0.01812353792639465
2022-11-03,-0.04240505820374607,-0.02657892136456852,-0.030612240672440283,-0.040703805776368784,0.0017015643053170937,0.013593737397931127,0.001811484365998206,-0.0005101132616625037,-0.006845198204331604,0.022000628724958338
2022-11-04,-0.0019473031714549727,0.033325632957998286,0.01881299269611514,0.03775630760215076,0.004451844866672827,0.010890959650992738,0.027358532892705067,0.008166050246104506,0.018253637824427793,0.03917733982923677
2022-11-07,0.003902092980538674,0.029269424141113554,-0.00494619214148917,0.022060509379452586,0.008747371101515133,0.011842153758484297,0.005280168800151364,0.0038812424088321418,0.015322463969450473,0.003335339988317365
2022-11-08,0.00417511931824599,0.004388478143627639,-0.006075283660437414,0.004633362611508929,0.00497161793830081,0.003167918782528867,0.0006088869849059098,0.0018488921866310903,0.0022710987719956055,0.0052491991345480216
2022-11-09,-0.03318988762245134,-0.01905013047469417,-0.042676192754212194,-0.017772729531702725,-0.007995808788295422,-0.04473680998834684,-0.013008853752976668,-0.01392613647330665,-0.0024119982523712613,-0.018580633566931515
2022-11-10,0.08897465508439506,0.08226803260871307,0.12177847617944271,0.07581307533364079,0.011713428777109236,0.014692462200542211,0.0411591202061381,0.03590267770999356,0.03443725011651799,0.03063758176501752
2022-11-11,0.019268673484255094,0.016997288602408345,0.04305085149903842,0.026293349855952997,-0.029919034868962302,0.03122167271099463,0.0016288363679088924,0.007227485257703448,-0.0014875922743404768,0.017380181895048974
2022-11-14,-0.009485635338956855,-0.022499961947694658,-0.022819754250081536,-0.007364446451004203,0.01571633330984845,0.002919351428483985,-0.010273448776292105,-0.009621787780921487,7.119618421880247e-05,4.222427361444403e-05
2022-11-15,0.011869394589503424,0.0017388358354331057,0.004569038353104293,0.02863124239896586,0.0027921968497790495,0.006703545797039467,-0.00724358294367855,-0.0016466195819058171,-0.0034755347523937052,-0.008076246986267188
2022-11-16,-0.008331025250188251,0.0018233596072287916,-0.018394983322362668,0.004164958536116314,0.0062069781460649676,-0.010689540042491119,0.0013538633235399278,-0.001814128402483517,0.008897110308969669,-0.009249966542776766
2022-11-17,0.012971448941352381,-0.00020677120179002362,-0.023373189953300733,-0.004957099775045326,0.008070986949088255,0.0013286025294085846,-0.004357134443873978,0.0031392214069132507,-0.006137685775274515,-0.008519183108906092
2022-11-18,0.0037816307466655985,-0.0019033378150601354,-0.007485493894513584,-0.009455018449121888,0.007663158402648751,-0.008668170352597593,0.009808440659839102,0.007083007778437178,0.012067745157314791,0.004296051361615039
2022-11-21,-0.021680150646122276,0.003440829686965241,-0.017845764989037338,-0.018782751254275643,0.005140750106002789,-0.009903503559425486,-0.005902488213044621,0.015374636063135272,0.012695682570996292,0.0031976608203465595
2022-11-22,0.014661304173650525,0.012311290322266855,0.008003437930963697,0.015167367680247956,0.004830636226506035,0.028926707425235287,0.014956643055374697,0.004349122948377193,0.008588115411293451,0.021923588449116016
2022-11-23,0.00592615661470175,0.010407025743095266,0.009978544373689502,0.01452858110327182,0.0010742935294150158,-0.00499206854983314,0.010663650821717496,0.004490673626328157,0.005699613455099506,-0.0014330092683869644
2022-11-25,-0.019593653813264056,-0.0003634572223398802,-0.007648928209040617,-0.01015648940893954,0.0012994368947649715,-0.0035208084609269497,0.0019050808484251114,0.0009580678147107502,0.001843875481821522,-0.005149582175722478
2022-11-28,-0.02626421689038083,-0.023152539247551673,0.00578089353348199,-0.014467383862532102,0.0005077905560872953,-0.03003253526546823,-0.017478514305872883,0.0001593778757682518,-0.0008178900020515689,-0.014424939721274121
2022-11-29,-0.021148359697499397,-0.005914870165740105,-0.016285245651894598,-0.008953736224751485,-0.006992897018394673,0.0066477123111996494,0.016449668593103928,-0.003508608601432317,-0.0076399651228464815,0.012139475110483522
2022-11-30,0.04859400823209925,0.061623494241227705,0.04457912603558567,0.06093095048055397,0.01084698532801509,0.007237336909425629,0.011862747131668128,0.02530609806635531,0.02529578833769497,0.005486435169592241
2022-12-01,0.0018914207302562769,-0.0017635615775585256,-0.010772746070691896,0.0,0.004157308694532125,-0.004850150648560314,-0.014039550081779262,0.002829880096567594,0.0006032702027836123,-0.003045482735566596
2022-12-02,-0.003371198103088946,0.0012956783139077555,-0.014345578498241363,-0.0054460083018949,0.0007834251631813061,-0.008483734164517642,-0.007927216689649796,0.008778792469518626,0.009112252890636663,0.0018669165212308325
2022-12-05,-0.007983338535316742,-0.018900560079727402,-0.03314559872755318,-0.009558083567652309,-0.0005592593323979766,-0.02739847993008304,-0.02804065014039614,-0.013675184230244719,-0.010092286022656438,-0.015076587273265663
2022-12-06,-0.025369847298757464,-0.02030379802729998,-0.03032636052572668,-0.025130684589095176,-0.014990562240149607,-0.027796027994999584,0.0016744550632714628,-0.0004727980479100058,0.0012743691212642183,-0.018403067935274353
2022-12-07,-0.01378497685962865,-0.0030596978805231823,0.0023795930251859776,-0.021035205849945338,0.0060762119311774665,-0.0022139640990884724,-0.0006837182369223704,0.001576449988542894,0.00643091238231297,0.003022442572140349
2022-12-08,0.012133011043002018,0.01239926854603457,0.021365582288144003,-0.012955747339415957,0.00016904420859020775,0.007428621572942662,0.010493978003536464,0.004249229445139946,0.007188435518825198,0.008472521515605402
2022-12-09,-0.003435119984439794,-0.00800327159178571,-0.01394579034322141,-0.009390463037623586,-0.008238940039222653,-0.008427320741692945,-0.005418213516247272,-0.010500021183433184,-0.0026436082500591596,-0.015719933562883925
2022-12-12,0.016389928124461717,0.028889289748023073,0.01638799835988114,0.005170693153634387,0.011949480364128906,0.024628143253531576,0.015511504301599643,0.013145384126451276,0.010270563452277504,0.025386320606132884
2022-12-13,0.00678243039827886,0.01746473771787982,0.02142456926150338,0.02486333021332543,0.007703400088974632,0.010934004792884311,-0.0009688376567773549,0.0003127571450360911,-0.0015085406353615438,0.010426410365275363
2022-12-14,-0.015535579439233449,0.001167643377914862,-0.009838858835905628,-0.005856129550547595,0.0030689898853766273,-0.007365989962865416,-0.004996772898085422,0.0,0.003941172855906894,-0.00428893689901233
2022-12-15,-0.04685462217107783,-0.03191826413666454,-0.03417782070573294,-0.04428300102117233,-0.012627748948259576,-0.009581040936377017,-0.024810822125961418,-0.013752251474652755,-0.011319031129069512,-0.01629130028784309
2022-12-16,-0.0145787426607501,-0.017348657419822167,-0.006670394101153776,-0.006603567715710468,-0.010254252790509177,-0.007018192860665073,-0.006226050910248748,-0.005704198334218535,-0.004433849624798536,0.008930939401840199
2022-12-19,-0.0159095463392388,-0.017328179361404183,-0.033462353983410575,-0.02016394214304329,-0.0010814227636605223,0.004488882760770974,0.005955619416445623,0.0014341970091276135,-0.0002660749714045174,-0.0018479727219897768
2022-12-20,-0.0005285911048280578,0.0056145653675312435,0.0031795134041781026,0.0065579808465046074,0.0010825935049205704,0.014453002859120545,0.0048439949714542685,-0.0007955826547227929,0.0003992746156884497,0.012269241775674677
2022-12-21,0.023809266883688673,0.010876715671639836,0.018546709195681466,0.0062908792151537,0.011442107081058195,0.012840869399415089,0.011248020112078594,0.016085357709032078,0.00917159932048639,0.02802596020952719
2022-12-22,-0.023772484005359362,-0.025528796803810594,-0.034343619255829294,-0.020317005221841655,-0.0036583575906378174,-0.020174008738754412,-0.011349853520180697,-0.007210060783102157,0.0023051110701846067,-0.017333526999793958
2022-12-23,-0.002798079425883837,0.0022671745007534216,0.01742450254827599,0.016750283749629613,0.002541964613561154,0.02644513194997211,0.004744978828524982,0.007578090804704285,0.0028256195401352713,0.009808917856009458
2022-12-27,-0.013878606282257788,-0.007414312622901931,-0.025923742926365456,-0.020620973780186902,-0.000282073558727447,0.013894163960505246,0.0035040881663233048,0.006110877470615561,0.008714366130600837,0.013632449943463909
2022-12-28,-0.030685091553092403,-0.010254746086719946,-0.01469172937442731,-0.01567681953363953,-0.004339462051497267,-0.016426480257002996,0.005465351388557416,-0.009967196601508355,-0.012926217572840404,-0.015464298445236668
2022-12-29,0.02832453697866999,0.027629588891796786,0.02884381103830358,0.02824919674050408,0.005094577360559294,0.007566033324273969,0.005737424715916761,0.005977646600553221,0.004145856004166726,0.0034254494940597624
2022-12-30,0.0024687021262062014,-0.004937484124329594,-0.002138278742257471,-0.002487072747574093,-0.005125295796313156,0.010073236349534165,0.0066058734607101766,-0.0053167475895152805,-0.006750233849395326,-0.002664381680882677
2023-01-03,-0.03740464570337165,-0.0010006680499686782,0.021666663033621747,0.010087115401844926,0.008718106611596887,-0.0343606373904376,0.007606211138525332,-0.010375672768276889,6.59439183610111e-05,-0.002838636920086346
2023-01-04,0.010314157474591079,-0.043743297006078485,-0.007923564525679994,-0.011669678579238618,0.010887035388556177,0.0029103967242583018,0.009325067157489153,-0.0004765692391391907,0.004354453829423788,0.010381868452231213
2023-01-05,-0.010604603959596726,-0.029637792207685476,-0.023725589118479662,-0.02134427232023206,-0.007383373078072464,0.022374153761505422,-0.00022181554342348697,-0.011442980696702354,-0.012415399038449793,-0.004474769255693456
2023-01-06,0.03679411829322499,0.011785315267472285,0.035611152390083056,0.01322507940592721,0.008109628727204887,0.012086775351198398,0.019135789418755822,0.0192924877118692,0.023812817384293528,0.035708368032467686
2023-01-09,0.004088587254351017,0.009736293315341982,0.01486987397850048,0.007785702388516613,-0.025908659195849615,-0.01863735089607388,-0.004132562151961117,-0.012460470464037976,-0.012214146674046078,-0.009000956777747149
2023-01-10,0.004456633977212521,0.007617125421143012,0.028731709234134817,0.004544422676081572,-0.0023920937115465835,0.014934966709233333,0.008954205616929167,-0.007666582291037449,-0.0009868104707485559,0.015773174275732105
2023-01-11,0.0211123743521604,0.030238173722818784,0.058083825879343465,0.035060035565540604,-0.0015982957173220624,0.011626587725882542,0.007431199437764047,-0.0019315042887702027,-0.008097911372058841,0.0008782355669536557
2023-01-12,-0.0005991351250813626,0.011621493086097612,0.0018929468094222024,-0.004261465060906522,-0.005032098753500414,0.016611296448249435,-0.0010025267512233649,-0.012900864292205716,-0.005641956077641619,0.017309632929527252
2023-01-13,0.010119170720484183,0.003018821891613621,0.029915043601747238,0.010863536264337226,-0.0032757942081658165,-0.0006181503448550174,0.02523464679569698,0.0035940027886387504,0.007142804997279262,0.013290105238619176
2023-01-17,0.008756203620741587,0.0046817824543563535,-0.02109661268732843,-0.009010022954945573,-0.006169658394197031,-0.0019442412932091369,-0.015453475913067893,0.004069768923378625,-0.0029165043164888216,-0.008511719430841724
2023-01-18,-0.005370373837195186,-0.01888908563863534,-0.00614267515397382,-0.0018620799496272822,-0.015084513677161793,-0.020543648953410987,-0.030042391075142727,-0.030317889699776668,-0.026788012064302258,-0.013423855569306697
2023-01-19,0.0004440369929066268,-0.01645392032498827,-0.01864654092151996,0.021180898486506727,-0.0013549320662211706,0.006418972045284743,-0.013326555784219152,-0.0015049081935265551,-0.021148125483030356,-0.02332889237643687
2023-01-20,0.01922071164206196,0.035743559825931914,0.03810845093076898,0.053411954318344446,-0.004660116004915893,0.018235632005548563,0.0024489854036737757,0.006028351209283134,0.0038617898826105446,0.016113920415952387
2023-01-23,0.023500290838497362,0.009824213718948371,0.002776315095798454,0.0180575926319424,-0.0025482551849045354,-0.00520521754519454,0.01621251954610181,0.002496603207051473,-0.01342959185988657,0.011973914227874083
2023-01-24,0.01006328952450164,-0.0022260803589778666,-0.012305137300550828,-0.020943849663312974,0.0,0.009311828766292773,0.008596285982235718,0.005312879025373807,0.005459114608925564,0.01943001422431645
2023-01-25,-0.004700838044115141,-0.005908156988671864,0.008928577793566816,-0.025383863557617015,0.007129664209174047,-0.005271931960065146,0.004839175127054451,0.0062759288805851465,-0.0007050499972410806,0.003222059348816364
2023-01-26,0.014803461163639842,0.030713606002558347,0.02099198301215366,0.024154594058029444,-0.003657501077847125,0.040190889307857525,0.006181548875575649,-0.0019694057814693133,-0.004022210350357436,0.01423936335008058
2023-01-27,0.013684001409490554,0.0006452558005471953,0.03043737760442844,0.018970471189907023,-0.0039081037210647596,-0.01825739123800718,0.002429329483084164,-0.005262413466279425,-0.004108701232717005,0.009232187660739077
2023-01-30,-0.020077819588328882,-0.02196167108659386,-0.01652968356145279,-0.02445401865261343,-0.03703253462745537,-0.017732170117013113,-0.008480691912240768,0.0024797514359546913,0.0031298051972228347,-0.011491414630125263
2023-01-31,0.009021028847195245,0.021012809626206552,0.025658817736008643,0.019599596425185384,0.008765545522891438,0.021574483690634638,0.0059655638158637725,0.011213709317608789,0.009715737455125328,-0.03521993944096735
2023-02-01,0.007900411007211172,0.01993460803131919,0.019586971068148662,0.01608670282243474,0.00917878098416458,-0.010947342783156455,-0.0026434648108837333,0.00016310210826731009,0.00568879504319364,-0.010900254524971564
2023-02-02,0.037062847223778395,0.046884348389106156,0.07379935352944922,0.07278701500774498,0.0037592952423117776,-0.03128809223656748,-0.004656691219389719,-0.017120583164647374,-0.007123288439057407,-0.018594248159473525
2023-02-03,0.024399885381336084,-0.023620675196025398,-0.08431497620839845,-0.027473538636469952,-0.005617925904719434,0.0069276742081925136,0.015474368612689027,-0.007465030938016759,0.003094935666737131,0.011678192341954441
2023-02-06,-0.01792899232367906,-0.006115878225000038,-0.011703250716856073,-0.017942388221859784,-0.0075935345913654695,-0.0016976751792213696,0.005882926009201261,0.005682655881997567,-0.008484901068893325,0.014772426931997984
2023-02-07,0.019244668420635547,0.042022017647732834,-0.0006850625818668465,0.04606424004012344,0.0002445842285385691,0.028550938259326752,0.01218968965469025,-0.001661912819749256,-0.009759123935676794,-0.007000104065800428
2023-02-08,-0.017652625989414417,-0.0031020384606316176,-0.02017429777965285,-0.07683022744969159,0.0012853047649370453,-0.008701684113425312,-0.007030632805313353,-0.0058266595203869676,-0.010355898980173084,-0.0031643366136341333
2023-02-09,-0.006911390827644692,-0.011659780757808047,-0.01809100582487666,-0.04387641412011689,-0.013507817836294622,0.0037744564012960335,-0.015563943341856401,-0.0016743648960738655,-0.010969315816890535,-0.0104069774617368
2023-02-10,0.0024560790347494255,-0.0019723342205226757,-0.006412838631079554,-0.00463118950505681,0.00464698671562469,0.04215141526411492,0.00441537195892483,0.0,0.008828944634548419,0.005643787690466251
2023-02-13,0.018806651066878288,0.031242860972209296,0.019772567289289666,0.0004231462892170246,0.003700310304895149,-0.0038897319406974162,0.010848001786343486,0.016437431721811446,0.013091324411034666,0.0019381022765316835
2023-02-14,-0.0042247502689186645,0.0031326218842095965,0.0016073541414836079,0.0007398470353645603,-0.004362523093602966,-0.011714763110339699,0.004418976877319736,-0.016666662012409517,-0.005640080900011335,-0.015272960003815728
2023-02-15,0.013903330332614594,-0.007992761655409408,0.014643999584324163,0.023869864327787926,-0.016477558498852907,-0.0030064464355566978,0.004189890736418844,0.0,-0.0022973049465228046,0.017760665783938867
2023-02-16,-0.010429519819349475,-0.02662274888326177,-0.02975486385196624,-0.014751347082201272,-0.007090340785383287,-0.0029291727280348345,-0.013769271107535674,-0.006209055060697577,-0.013097210684949068,-0.00876555161042547
2023-02-17,-0.007546460401117061,-0.015601611771841384,-0.009679109147911924,-0.012145551920280218,0.020877014029447416,-0.038451702422680034,0.002961603308206495,0.015197370352772355,0.02092735130557366,0.005151654592234767
2023-02-21,-0.02667992459637125,-0.02088659048631658,-0.02695468312187954,-0.02713284474693478,-0.01490106100601496,-0.000988477018368017,-0.018349397317158678,-0.005322530499961231,-0.0007142840082070556,-0.028572465097600253
2023-02-22,0.0028960665545374464,-0.004591057091143158,0.012793392483054333,-0.001525321468417551,-0.0013925992357060046,-0.01295298466099759,-0.0076629387313174036,0.0030101075289052925,0.004217180429997747,-0.011715320106445937
2023-02-23,0.0032905857200962174,0.012961788817104747,0.000313172345862478,-0.00829231811266573,-0.00031672848615371674,0.009204303249393142,0.008010880290777678,0.0018338524981345028,-0.0032027701486398996,0.0002520112566830601
2023-02-24,-0.018005416922136197,-0.02178438763126178,-0.024212061179431754,-0.019364137153915606,-0.011158375372377627,9.01879920294224e-05,0.009021221827481885,-0.00416038377676331,-0.005641123358278821,-0.007480442622478822
2023-02-27,0.008247647184251417,0.003771728281046327,0.0027807715104863906,0.00830241230242379,-0.002179780225218808,-0.0018057479751012462,0.00872813228227054,-0.0003343427954677347,-0.0008617330836704351,0.01613233581405793
2023-02-28,-0.003447836649049685,-0.0029581490708641134,0.005012811540044737,0.0021142682962445036,-0.015228500833759706,-0.005789108359266382,0.00837045825469418,-0.005182101663595229,-0.011355437338098073,-0.0017918036592223796
2023-03-01,-0.014245938065617358,-0.012629188327761831,-0.021861457228067538,0.003331027752183191,-0.004502124269491481,0.008916157514912593,-0.005580753266689498,-0.010922593329454,0.0007268842011474153,0.038071286977435115
2023-03-02,0.004129166953229291,0.01965312584083634,-0.0004339906295109941,0.018149645710983542,-0.0007865239228218579,0.004599119976892885,-0.010382207155410272,0.014610862182755202,0.016489986790762634,0.014115264039811448
2023-03-03,0.035089990262425985,0.01664604488118404,0.030066258059702644,0.017934870773704592,0.010298463810738623,0.012657052391805701,0.018359708889834625,-0.00468850507941454,0.007289241315937556,0.01241187123762888
2023-03-06,0.01853937650351467,0.0061891751887011015,-0.012118034851298809,0.01580339485326121,0.009998461590758678,0.00886477329491564,-0.0058469957623874524,0.015477929720224326,-0.0042566488042899975,-0.005209357531677172
2023-03-07,-0.014496553334304996,-0.010589029466129718,-0.0021333007812501803,-0.013350043036466364,-0.009449647743099532,-0.019330656725664475,-0.029407905373447063,-0.005798594904898868,-0.01987894808449231,-0.030868647312795705
2023-03-08,0.0083774470801119,-0.0017706888902452311,0.003955051898638873,0.004155141804495388,-0.0073333114075258,-0.014604421503225717,-0.005915441581598624,0.0004999172327131429,0.00014537684022930542,0.010481831709483025
2023-03-09,-0.014914761137699295,-0.00543934156780812,-0.017781071140368865,-0.020477571258308958,-0.01124469344642276,-0.007728700609696215,-0.05413632054174311,-0.009660190203403585,-0.007341131740035478,-0.031199804635105854
2023-03-10,-0.01387884717423149,-0.014782871476265225,-0.0164769283801236,-0.018305831037989884,0.0024463401262693196,-0.012370516653373964,0.025394979861731448,-0.004204606588979143,0.00453984068318003,-0.05789349937296007
2023-03-13,0.013266191500088453,0.021440956938618472,0.01873687738723384,0.005296294657496148,0.009563908908933882,-0.01150504463067914,-0.01795737323695712,0.010133506687338478,0.006924571598159179,-0.010175594766464569
2023-03-14,0.014089163959806195,0.02705576057699277,0.0265065123894086,0.03139044669138946,0.005618838600861986,0.003754606021886042,0.025676250784967936,0.0036782714953411677,0.01237898504184809,0.004316821706203289
2023-03-15,0.0026211734234093953,0.017830552754878548,0.013912307472971452,0.02277333199656839,0.002793721828381557,-0.049747457792692296,-0.047244064496652305,0.006663295528425817,0.014157830626366774,-0.03726696699474341
2023-03-16,0.01869410552380857,0.04053615576697234,0.039916882423095545,0.04380404990690834,-0.0020732819836362104,-0.005806089097746048,0.019413690779402915,0.0055026663056938485,0.007473828337852151,0.006674252581045259
2023-03-17,-0.005453806878091716,0.011694691373432153,-0.010895681300578275,0.012958535081557088,-0.01071216867106295,-0.011778596637566419,-0.03778206405746165,-0.0046432240031989425,0.0002797911127061514,-0.016917498198752545
2023-03-20,0.015483809958691808,-0.025766906496744957,-0.012531560404374309,-0.00393630948395407,0.009909387956563487,0.02614174084452414,0.010571578337474019,0.009663298994398994,0.01539227884902905,0.02465001682097223
2023-03-21,0.011944243658711828,0.005693579458997844,0.029679680207260972,0.03655405015429447,0.0,0.04480235918929343,0.026820717413437833,-0.004620375934775822,-0.007235219582041874,0.020925138268542698
2023-03-22,-0.009103759236711029,-0.005442242994074142,-0.018984232685839375,-0.014773164188076393,-0.018454590142983562,-0.022888613758695997,-0.0258138610569717,-0.004476165319306724,-0.0006241276516285588,-0.022096799333069295
2023-03-23,0.006969453152088745,0.019721750196529886,0.0001013387693993284,0.02157295101418666,0.0005299219837080482,-0.011282189014874655,-0.0026733080369421014,-0.002164909559581707,-0.001389197102601436,-0.002318714867236449
2023-03-24,0.008305868731846022,0.010480261306315075,-0.00587581639584811,-0.0015149187130655273,0.010057300083998744,0.0011604502178290677,-0.015215975701906248,0.016355080595796823,0.02037714812257385,-0.011073533108255984
2023-03-27,-0.012293376074181461,-0.014933798784996233,-0.0009171134251455548,-0.028262622817649685,0.004258150673125183,0.021926117853201976,0.028660620906074907,0.007389318273463008,-0.00524837319576843,0.004562052450079124
2023-03-28,-0.003980325186332068,-0.004160952229590453,-0.008159965772002842,-0.013956773494037567,-0.009654194936251859,0.012476271588753196,0.0030352687062746853,0.0011409558105459627,0.0028091348666565708,0.00990812507418215
2023-03-29,0.019790687535405915,0.019184045600897814,0.0309543624265336,0.0035632837704391296,0.009814073108931343,0.01717698838841053,0.002017389152686233,0.0071638614361546615,0.003074537659773169,0.012899782863443177
2023-03-30,0.009889841206845995,0.012619949567524769,0.0174563591022443,-0.0049314542286119645,0.0007828369564717441,0.004864140571944953,-0.0030200552726855623,-0.0001618050273853866,0.0043596324323487146,0.006905786205547271
2023-03-31,0.015644124883503085,0.0149617966897444,0.012647067799287592,0.02814956943000735,0.010232464639663652,0.0015527199871829822,0.01211655759957675,0.0029103823004441587,0.008409484921032995,0.019150200926316474
2023-04-03,0.007701859875742789,-0.003711237387901356,-0.008519675143944028,0.006073416594201575,0.011935525535009095,0.05900055716305164,-0.0011510231768443457,0.005964896273738418,0.005514738543591635,0.004501054481163669
2023-04-04,-0.0032495944184293135,-0.00017407239144295872,0.015037527888524194,0.0034496573649136497,0.0104560243998153,-0.009558314995629758,-0.013368296916816735,-0.003044932382719412,0.004815706943766207,-0.05403052355516946
2023-04-05,-0.011290406470722991,-0.009889185867657746,-0.027417013542964774,-0.0023873924861192997,0.04492377090699029,0.01712750505570937,0.0014912525761716644,0.009484013923330759,0.0068563727804604735,-0.018027066372478195
2023-04-06,0.005495885725844918,0.02553293116213151,0.009495540049077267,0.037809833372615564,-0.0027775922919686113,-0.01658240211845219,-0.0010972255106763695,0.0006369976072477801,0.006346728075632857,-0.02041890668181734
2023-04-10,-0.015972311222848812,-0.007579080231142066,0.0010778033801970288,-0.018262276335194838,-0.005025825663738326,-0.004433044698388455,0.00329503471068171,-0.002387019935194412,-0.008277559001059975,0.03040595344466035
2023-04-11,-0.007591185064456996,-0.022668222814793526,-0.02202212039075757,-0.010240528362755685,-0.0003042246789632941,0.007071780495688573,0.004926030935574532,-0.0017546161392937298,-0.0019873079011383243,0.023523433973385854
2023-04-12,-0.004353285304812382,0.0023334572382893715,-0.020916697119598426,-0.006739427319276903,-0.0021305272809850617,-0.001040330699195735,-0.00015572786431206076,0.0017577002284827614,0.00272153629514138,-0.0004532059895213658
2023-04-13,0.034103683745993374,0.022399288074968604,0.04671368301429957,0.026663013315728623,0.013360093445410559,0.004686215858730414,0.003813404490999428,0.007337656149216665,0.004633379502580803,0.00530608848401215
2023-04-14,-0.0021139219372464657,-0.012765577315078658,0.001074224694457504,0.013404021292364066,-0.001625453654618858,0.0024187055182123274,0.07550962789869775,-0.0015836678238788648,-0.005073519820340655,0.009067376495190738
2023-04-17,0.00012098176420294315,0.009296212091454592,0.0022436418178333195,-0.026637278332579672,-0.0010250250817465112,-0.011633014534982,0.007929178028891926,0.006503004252520039,0.0003312041113159303,0.006974229565004597
2023-04-18,0.007504650670373536,-0.0014888624761124625,-0.004282604839014548,-0.01387196915661526,-0.028128179584717472,0.019529260477634258,0.011227790630378154,0.0015757330364072342,0.0010591480146067145,-0.00017734804274960325
2023-04-19,0.006968299950000478,0.00027750159107431394,0.019550341547772243,-0.0030620987408073175,0.009440264775153473,-0.003164035983861835,-0.0012728982699284908,0.0018880104991931823,0.00019860129838367158,-0.0024423957572305977
2023-04-20,-0.005846407304515244,-0.008112498933608436,-0.004698039106680318,0.010654401830268556,0.006460421606213629,-0.007978072415384174,-0.0029031457311520237,0.0043969023032426335,0.0036658765467041388,-0.010594237372822835
2023-04-21,-0.009780860381007228,-0.0012233860195428603,0.030343912917452087,0.0011398999259537579,-0.005440701320721164,0.0031996791345816344,-0.0019175220747560395,0.0014072508273950124,0.03460389385646789,-0.0036187372989316957
2023-04-24,0.0018785033566499632,-0.013962697555084502,-0.007011967150520215,0.005312648595853231,0.006084906691839809,0.018877543387961326,0.0013516873203320845,-0.0015613491776942379,0.001794441192976448,0.014345842965133748
2023-04-25,-0.00943554041059158,-0.022535907985246184,-0.03427172037496595,-0.020005781681946444,0.009164375717977347,-0.014213165819308426,-0.02174369377952934,-0.0015637908011757462,0.00025560109140077003,-0.021483159297143395
2023-04-26,-6.111737895375668e-05,0.07243479290850208,0.023496184744855597,-0.00134803932468186,-0.015498172675695754,-0.00918295528551416,-0.017723441451654942,-0.004698654463070717,-0.01157369874913905,-0.011160339679560982
2023-04-27,0.028395204584954037,0.03202755803689161,0.046103983455159314,0.03741197862550094,0.0023367523837041215,0.011953219918142466,0.013458603838772287,0.0020458761988231267,0.012226595995924239,-0.008603590586543808
2023-04-28,0.007541060858328175,0.007971753308143592,-0.039792412663683274,-0.002323708197880414,0.004294562845622796,0.01292481242427046,0.0086830252989607,0.007380564029028536,-0.0005750598609173263,0.020855691394392917
2023-05-01,-0.0005303499807647327,-0.005533150195840331,-0.0322427121373291,-0.0013042816060797602,-0.0006109587131323257,-0.031012497072380296,0.02141198124994359,0.002338340485098289,0.00121496173199942,-0.006992673183210174
2023-05-02,-0.006191430576958368,-0.0004907878907975949,0.015482549283793778,-0.017537133046690134,0.008740922332088896,-0.039853359412992395,-0.0161474529341602,-0.004510105818240184,-0.0008941430183084798,-0.00975751852038087
2023-05-03,-0.006467278003964627,-0.003306807864293937,0.00019303553981608879,0.000854480233092092,-0.013088727069433759,-0.01970928347137091,-0.021163342650502126,-0.005624212409552576,-0.0012786268968414394,0.002277657089425178
2023-05-04,-0.009913360686363504,0.003317779122387954,0.0033767339022539034,-0.006830443880274983,-0.004543311005896888,-0.01751146552617644,-0.013678381904719705,0.0010997932602390126,-0.004608503241023576,-0.024392568560870687
2023-05-05,0.046927079940677796,0.017157410225517422,0.015961573674128537,0.008405727031534083,0.003392191418378765,0.024896311831626328,0.01953479527573232,0.0047080427718764195,0.0033439691391023985,0.02238804438272779
2023-05-08,-0.00040348763283626354,-0.006438362984431567,0.0016089169321718,0.020839331651118842,-0.0022742054026174685,0.003956523253625166,0.002413155622852825,-0.0015620810994155798,-0.004678733631141574,-0.0013946527429929967
2023-05-09,-0.009971328311992544,-0.005345531791099534,0.007464810562779034,-0.0038973033985845174,-0.0077628674296404965,0.0002749958091792237,-0.004814872242181023,-0.008291608177883103,-0.010238389659919744,-0.006052481648535224
2023-05-10,0.01042102176328319,0.01729626757184377,0.033483395262233095,0.040987507768746934,0.0037254449012076307,-0.012827635007296445,0.0005130706075751057,0.0017354393512230004,0.0020817673953303917,-0.0014991281681911994
2023-05-11,0.0010947466977715425,-0.007044215385840102,0.01805969525073503,0.04313197241296085,-0.004082841508203483,-0.018099177005780342,-0.0031504983293623168,0.005669317306952193,0.002337217368227451,-0.014729795311255733
2023-05-12,-0.005417453150502571,-0.0036761684578222598,-0.01711533396079612,0.008063905357169165,-0.0013045063998989859,-9.456880725078332e-05,-0.014333059120400615,0.003914756608765169,0.010169369303434816,-0.0023329517806626177
2023-05-15,-0.002897287681820182,0.001585917225274125,0.008525256609829501,-0.008509980777364423,-0.007650228281526061,0.0019073179856805567,0.008426602060698007,-0.0026517901318855452,0.000320380288312494,0.008351475994057722
2023-05-16,0.0,0.007367679212916478,0.0197842143706235,0.025748868201944664,-0.00131628020371366,-0.024269521501565805,-0.006729392940769685,-0.011260347150371053,-0.0017305858685010556,-0.019357225915199283
2023-05-17,0.003602863659301736,0.009451540305505102,0.018518504813616277,0.011128675080197103,-0.0021966566965118117,0.022434548999793025,0.030747498922641947,-0.0011073399156990016,-0.0042379391580457115,0.02364870080626824
2023-05-18,0.013666228740707664,0.014394919515080762,0.022943736154795724,0.016468138405180133,-0.0032077746527752193,0.009063115455894888,0.00758426187129424,-0.005542371990009065,-0.01644315293653753,0.012352599037181111
2023-05-19,0.0006284543443828561,-0.0005650248352002674,-0.01608126535201726,-0.0005699310756250853,0.0027135491840450943,0.004632831738262455,-0.0022942344843878137,0.00047761449477112805,0.004195962655104468,0.0002794111939825594
2023-05-22,-0.00548090243778121,0.00892107564376965,-0.010666648290490466,0.018654364935677847,-0.00538949636926811,-0.012140144801669472,-0.008262482574734387,-0.021009014879837418,-0.026180062609190702,-0.002421061019137638
2023-05-23,-0.015154992648243493,-0.018432065878953963,-0.00017393506729324049,-0.019912112724881692,-0.0003824315490527086,0.013623012947378,-0.010432519994216682,-0.001788276621185858,-0.010793747625046923,-0.007234154273632387
2023-05-24,0.0016322281086129653,-0.004472308608220454,0.015305697616549097,-0.013544377435118715,-0.0009566570724807155,0.011184225910329637,-0.009151728587752372,-0.008469033457444763,-0.00826850029218651,-0.014150697598035777
2023-05-25,0.006692323047820414,0.038457882393739595,-0.01498929336188437,0.02134010860156721,-0.014362321352063057,-0.017938543925198447,0.0024383003600427777,-0.007720080996576173,-0.006423555633985334,0.0013351586985417274
2023-05-26,0.014104766458676421,0.021385443402025306,0.04443478791610045,0.0091511807371909,-0.0003886321797583747,-0.006530392522791417,0.009361069180484183,-0.0024831770989202084,6.85744458470694e-05,0.008667531058462519
2023-05-30,0.010659523744424693,-0.005046638969602446,0.01290486257498391,-0.0075436114457623216,0.000129594424483237,-0.0088596627112556,0.003797272655909678,-0.007965334449778871,-0.01526796770136507,-0.008970860806325476
2023-05-31,-0.00028196453268414245,-0.008514155423587466,-0.00887721353399129,-0.006468767866365299,0.004470050682008786,-0.01787771595592791,-0.01273093668176617,-0.0020074630738956545,-0.0047491956530039126,-0.019771318242061464
2023-06-01,0.016022651516189867,0.012759184612341823,0.01816217265513198,0.006917819516518708,-0.0033539183540804984,0.011548320680978774,0.013779604451238825,0.005699100605737639,0.010245350376849816,0.016136164028184963
2023-06-02,0.004775239412788235,0.00847908258447383,0.01205508998453797,0.00767869347800354,0.01572437155268558,0.023219734285398808,0.02100563240176112,0.01933324931639424,0.01778288268697059,0.08399116208648016
2023-06-05,-0.007571151146232968,0.0016101375234602866,0.00845072878678299,0.010748328576624333,0.008600500557896629,-0.004444031180548258,-0.009824042329664384,-0.00670389404695082,-0.003958551622609274,-0.01835596043105603
2023-06-06,-0.00206035647708247,-0.006727398367640691,0.01045488848114906,0.010316705265919657,-0.0008844129037388626,0.008168045950605274,0.0017975180940597024,-0.0072426638284932565,-0.00993565314776279,0.018923801744787028
2023-06-07,-0.0077561243932676716,-0.030867985739179704,-0.04249267220189956,-0.03778184815193508,0.0021492347220810615,0.022421051862134833,0.009688403867352369,-0.0014923489357833164,0.0021454893891657,0.039130090574523324
2023-06-08,0.015464959442669457,0.005813796788375347,0.024911297199049942,-0.002938638016145023,0.010976758572880607,-0.0031326897559287303,0.0002841641479567336,0.0024909423763206373,0.011326116224402938,-0.004669998328239222
2023-06-09,0.0021598549745558415,0.00470390947164101,-0.006599595129369917,0.0007366829743111758,-0.001560138928438537,-0.007394606568529749,0.0019898667583446716,0.0016565251819784521,0.0008190354830273083,0.0024738353131907864
2023-06-12,0.01563875269613768,0.015483606754053136,0.025439515368102628,0.011535620298011473,-0.0006874005434253094,-0.009032352611787031,-7.099620123773853e-05,-0.0042996066088382134,-0.007846464799468156,0.012211325986307697
2023-06-13,-0.002611645267485252,0.0073528311181580985,0.0007111003199982147,0.0015368569255740372,0.005253315312244933,0.00018790621047060085,0.007233862610734221,0.003985903981420291,-0.0024069752572817293,0.03169394843804363
2023-06-14,0.0034913398935825235,0.009123975382068883,-0.001894879884926537,-0.0012922060933524548,0.005101523266044294,-0.012025639822863976,-0.0037316485677320044,0.006782563737554925,0.00937552192192359,-0.008637484054589861
2023-06-15,0.011198638839291952,0.03189660888431045,0.005458016543269828,0.011482210779449886,0.013431476265515885,0.006941918098262612,0.011308213095632569,0.013741684288677058,0.013864110944663777,0.01787760028081653
2023-06-16,-0.005859847773389104,-0.01657586732916405,-0.012744888197649185,-0.012471011474561311,0.003053843406527257,-0.007177369998429328,0.0011879000503167703,0.007185944793929533,0.007342704895416441,-0.00969024487837955
2023-06-20,0.00048672252414938555,-0.012502528932031853,0.002310948445805039,-0.0034808992004118355,-0.0006089902991547325,-0.0229239481965684,-0.00509559744047039,-0.006648269407440788,-0.009228208707660723,-0.016797788701009342
2023-06-21,-0.005675248814833722,-0.013281918105404023,-0.007552845901271921,-0.020714932375106354,-0.001522946845319284,0.011195557706747072,-0.0014731783437026413,0.0027750653720759466,0.008639219229020112,0.0013683658696348466
2023-06-22,0.016525160175199227,0.018437263871567966,0.04261789623803569,0.021567883542763733,0.010617231178066566,-0.005487733533165673,-0.01925256837368816,0.006837102462592837,0.0034127457581134557,-0.01714428895611453
2023-06-23,-0.001711264742303653,-0.013805835126166621,-0.006300361919969633,-0.0065773959359722856,-0.0008452299065571101,-0.008712560613661213,-0.005229706491864938,-0.010509382735029216,-0.009936794363764268,-0.012218763669730515
2023-06-26,-0.007553097707473144,-0.019162946259977165,-0.015464315871677181,-0.0326957737151472,-0.01117955722004682,0.01845700544716955,0.0024483484640260844,0.0003268744592375139,0.0010103681659818786,0.010706401449734004
2023-06-27,0.015059144460403795,0.018168060837297162,0.014529104045574393,-8.455433588450134e-05,-0.002077854079760688,0.0024930764723793963,7.180663005112997e-05,-0.002123547301369544,0.009488120505481534,0.01578411336556651
2023-06-28,0.006327881355618681,0.0038256610801543633,-0.001083754432466999,0.01563424789615908,-0.0020208799441461256,0.008130104911371117,-0.00438201213904732,-0.009330479632733923,-0.0002000387672029813,0.004902397937315284
2023-06-29,0.0017964689692340219,-0.0023819722428797263,-0.008834406537251538,-0.008986484439611364,0.006995572104462555,0.012333784853008734,0.034922985266360396,-0.008261683218467986,-0.00406693931741009,0.009798690302942115
2023-06-30,0.023102475608594686,0.01638578939757185,0.019233769000189582,0.005037720050863781,0.008653294669453082,0.00515485023071327,0.014014249389722178,0.0033321751228183594,0.015798687703106662,0.0074106599084498015
2023-07-03,-0.00778461341126413,-0.007488197978751665,-0.0010739443770555468,0.0016709729189343658,-0.01311023362961583,0.001958178910127728,0.008044402020821906,0.005978175394085072,0.005008454011055985,0.005202209671515412
2023-07-05,-0.005871122317017585,0.0004733226184898687,0.0012287180203460757,0.015429463379811992,-0.003305855737729013,-0.005118312813723658,-0.006661869595178782,0.007428053563147685,-0.0017049312797303706,-0.010107872795347417
2023-07-06,0.0025085622275060615,0.00922648687499894,-0.015493205988729275,-0.013470115482878797,-0.007431875666537913,-0.037321118003700526,-0.009886388070116325,-0.0077010693873889036,-0.0016420266258481142,-0.017359099528927224
2023-07-07,-0.0058911793159922565,-0.011867175150039988,0.011062622017709689,-0.005245282363525727,-0.014542173726093677,0.00233188407317253,0.00789040548318587,-0.013210058262690394,-0.020988312312332003,0.01912047287402574
2023-07-10,-0.010855804105897926,-0.015983716319189267,-0.02041918285409683,-0.02535986009774749,0.0016326802960766607,0.014831339895208018,0.005611547057856381,-0.007530048446500404,0.0004031344428798711,0.014805465354745362
2023-07-11,-0.0028100416288787677,0.0019285312763335227,0.012978852839820698,0.005925238120953136,-0.0055169632759675125,0.012226661788934612,0.015639072144156163,0.00354067476417419,-0.0052398637753742205,0.016237312068772436
2023-07-12,0.008985405164252835,0.014226936794706768,0.01568569880112225,0.01528081175780649,-0.003467217507290732,0.004906944814420333,0.004951975117947649,0.005376351613591401,0.00520013582452683,0.0029662947617599134
2023-07-13,0.004057457326741787,0.016192375575657003,0.026758409161619312,0.0471707350948114,0.004618004496525163,-0.018311468249395224,0.004860020131901566,0.00852275219783083,0.0006715905476755157,0.008911605711177328
2023-07-14,0.0007873588625133543,0.007529117495532089,0.002829408900884234,0.007066028834935123,0.006674560259083195,-0.03443654176262889,0.006045396863979091,0.009113409142738949,0.007385215401186196,-0.0009381250077357128
2023-07-17,0.017305589517411457,0.0014194666453841709,-0.008315972513331604,-0.006139409437404986,-0.005003853084598164,0.004358700878867472,0.024103537008006937,-0.0014778047398402716,-0.007064298057985252,0.007198315333164951
2023-07-18,-0.001340451888457106,0.039799779904637234,-0.005465676406731013,-0.007140005650057679,-6.303155388909243e-05,-0.004537199268810355,0.001825733231681781,-0.003946622169838432,0.0018793780776475977,0.024663975910298452
2023-07-19,0.007071856757542516,-0.012267492656519385,0.019046892602732513,-0.013978696049778638,-0.002011796648646036,0.006936310199540774,0.0038394636398177973,0.017665375517270432,0.0068330417678055255,0.0009142195978635304
2023-07-20,-0.010097386833942013,-0.023121471702621577,-0.03989357175040831,-0.023191049097982752,0.060728109464768254,0.017614679416851686,0.012317805229109968,0.012167488114296798,0.008108576961217473,-0.006317733047233598
2023-07-21,-0.006161682188107642,-0.008937082249291906,0.00030773533446226686,0.0068791705786861446,0.010749717550001758,0.0046416685996077955,-0.007685080992832827,0.0008012989083354682,0.01574123681773143,-0.01317554941352217
2023-07-24,0.004220048397949316,0.003897938247476196,-0.009230745755709147,0.012581291315830523,0.0052292763928238895,0.015689534519346404,0.019683811829663833,0.00032038305561354896,0.0032040647157582924,0.006675916449027319
2023-07-25,0.004513534542984532,0.017009057430348973,0.002562125956798944,0.005595226197393277,0.007657323411345063,0.0015163911234050698,-0.007468310514097465,-0.00336211076353099,0.002346455481009313,0.01037108317693014
2023-07-26,0.004545117458953474,-0.03763748795624422,-0.007589335934878205,0.05776960857484159,0.0019142997729293398,-0.005582886734317283,0.005994097888735395,0.012851356697205274,0.0010403919922996607,-0.014271411718084659
2023-07-27,-0.0065809508020509,-0.020872226458685805,0.0007803832093540297,0.0010054328863129403,0.005615826296836213,0.0031400525557128134,-0.011029346809616647,-0.00967492894332811,-0.011887551923969064,-7.769281063607636e-05
2023-07-28,0.01350774572106328,0.023131353586724357,0.030877245332297854,0.02457499392385354,0.004548369177642897,-0.011952147886459152,0.00570431066653132,0.0006406326460923761,0.028268931380006412,0.008246182974808391
2023-07-31,0.003166204189474664,-0.007240324238158569,0.011118568090654923,0.0010560362194298456,-0.03983235595703172,0.029570125810200576,0.006691954540000822,-0.008802659217500008,-0.0007032225561617311,0.01820101096628246
2023-08-01,-0.004275963720231979,0.0012499769831633145,-0.014886223394710907,-0.008815646577986724,0.008117731059671396,-0.005781494686999067,-0.004938135292833823,-0.0025837001161221895,-0.00031990037026252693,0.0885468162352725
2023-08-02,-0.015490027378801119,-0.026282599102637416,-0.026425663778747666,-0.024097227951368483,0.006039421023441349,-0.012474339905413023,-0.011324632766603893,0.0030760114816175133,0.0021759763544606514,-0.003741454963702595
2023-08-03,-0.007321615171059781,-0.002565181429925567,0.005459768439170398,0.0005452923939355259,0.004296475323816384,0.0173804675323177,0.00611337753934782,-0.005164696793380941,0.00261805087393685,-0.021281680440618844
2023-08-04,-0.048020097600172895,0.0034286554768352406,0.08269337801006271,-0.002646837110248934,-0.009376553433626977,0.0028007261165112762,-0.0021106886583063256,-0.015087614959123585,-0.010955174237334386,-0.01780095972161766
2023-08-07,-0.017253608930383746,0.007108458870677126,0.01898684357254843,0.02669560754116973,0.0240180141017452,-0.0020480405861424966,0.004742848952202117,0.007906452155556298,0.01056161441546899,0.018847161117497846
2023-08-08,0.005311588323831717,-0.012298838631234932,-0.016031491771390738,-0.000988391404400657,0.00046222752486002605,0.004944109502089011,-0.005613540291321439,-0.004412402803476545,0.0010833427864944678,0.004402126845130416
2023-08-09,-0.008954376430612143,-0.011716047788206896,-0.01493494570121734,-0.013241849770277758,-0.0006352211213860315,0.016986811808769264,-0.013408035619522307,0.0022980904967095928,-0.0012731664096402584,0.005797455974193788
2023-08-10,-0.0012347598978118546,0.002172321615283579,0.005150463718840648,0.00023139815299400013,-0.005200287277426607,0.005111352710203132,-0.0014953784126667813,-0.002292821385672439,-0.004971699822032605,-0.002495218262795973
2023-08-11,0.0003375879147873295,-0.0059452396002080965,-0.0010825194798443905,-0.0010027703191854975,0.009757856757913075,0.015528506175796375,0.005795799388194078,0.0041037183732128835,0.005829315608095742,0.004932712140436113
2023-08-14,0.009393214295895236,0.009438753738058914,0.015605834874352187,0.013661845297879172,-0.0023583610975896896,0.000804935469409962,0.002071961317760218,-0.004740948081989882,-0.007833379780314509,-0.00238427521169593
2023-08-15,-0.011200302114205307,-0.00672774938008025,-0.020630355012962953,-0.01180221666509984,-0.0028828746815211526,-0.025673541333948835,-0.025457083771625144,-0.006734471313613377,-0.006419163920911242,-0.02519853706411146
2023-08-16,-0.004959043697839172,-0.0024283392892463507,-0.018885675014943426,-0.008321800812216895,-0.0031802247075011225,-0.016826882546252864,-0.004243162245193055,0.0001653068871714236,-0.010207382120759556,-0.01031104708976982
2023-08-17,-0.014555024761709445,-0.010986186195302228,-0.008069975106044458,0.009479387824672392,0.009397014894226174,0.019371897190876952,-0.01038699782466479,0.0021495988818585055,-0.007179427818582607,0.0024043609901909235
2023-08-18,0.0028159640920619733,-0.001262273497116384,-0.005672447612115605,-0.018934722150964367,-0.008734770097202471,0.015129122501634118,0.0022876559576001654,0.005609720114159389,0.0028266217441008656,-0.004979034426849993
2023-08-21,0.007736723120915556,0.01706257416524415,0.01095925117625085,0.007139544864582792,-0.02979889202228625,-0.012086589145978377,0.0034235423821613598,-0.008531747618765517,-0.005047554375036012,-0.003834865256557851
2023-08-22,0.007905008438582106,0.0018018702066548986,-0.0031926989840012077,0.005530876414535202,-0.007947620565584068,-0.00561123561456689,-0.02073865405222508,-0.006122678914047275,0.00039516432884689756,-0.00934911339282174
2023-08-23,0.021948882947893322,0.014079192667276974,0.009459994580714559,0.025488146441845716,-0.008974769002100258,-0.008788092607344478,0.006763123428116025,0.003496390940866956,0.009352624787310582,0.010473803945120652
2023-08-24,-0.02617061417136357,-0.021498294075964375,-0.027154721211281152,-0.019566439509724365,0.003403722897841188,-0.007466177665548801,-0.0009498737004216551,-0.002654724152804655,-0.004633143477782986,-0.013661803587046828
2023-08-25,0.012643299443767075,0.009407144152919322,0.010770617478674804,0.000770534915634391,0.01433785916150554,0.017865480736980688,-0.0012225696791648977,0.004658046677375127,0.0065559318019416946,0.012105810299595676
2023-08-28,0.008845985281606517,0.002229199462969289,-0.0009004586682715976,0.008700364335534783,-0.011789337916694453,0.00840652327411906,0.0034682429479300225,0.002815113100273603,0.0015629733726680861,0.008181576434313165
2023-08-29,0.02181034274290017,0.014550404930157246,0.013294308852149106,0.027173550316271555,0.0001217817781247188,0.005954492503661646,0.008132126201001677,-0.0009907801712687458,0.0005853211631774435,0.019069101020317003
2023-08-30,0.019172299345747268,0.0011570165091989715,0.0011860029483812262,0.0097345288644064,-0.003529933284794229,0.009744130861510936,-0.0040334284448581,-0.0004958125226719456,0.0011048167973362055,0.008213290241456006
2023-08-31,0.0011723306257274135,-0.0031325367688365136,0.021766395374215985,0.0021341914509533932,-0.012520579304778567,0.002795788534664112,-0.012351276196226335,-0.010583775173813481,0.0019475628771874476,-0.004250256663729801
2023-09-01,0.008463351576380784,0.0027457665034176237,0.0007970481467276525,-0.0037450257755268224,-0.007421998044581879,0.02095513298739138,0.003348519988918941,-0.008691251904928476,0.001101452376494505,0.01821230894789827
2023-09-05,0.0012667474790444277,0.014878676808494307,-0.006154002858205887,0.0008108961014690053,0.001246008917932917,8.813452807210354e-05,-0.011033965179973015,-0.008261761794462696,-0.013397071404487204,-0.016139698576617345
2023-09-06,-0.03579328745024679,-0.0020087409625114683,-0.013914209970579572,-0.00964860273442647,-0.01661665199036666,0.008632075193643063,-0.0016528829133846124,-0.0006800594938713989,-0.001968004117990141,0.004509135987607049
2023-09-07,-0.029249517589381324,-0.008922253509097589,0.018395430569861038,0.005949495576289099,0.012783998005862163,-0.004890379222455721,-0.008553921425316968,-0.007655450430614663,0.009530559438737818,-0.005195956382725964
2023-09-08,0.0034918933962173604,0.013215855284480549,0.0027565441218631026,0.00828044151428875,0.003311782089450155,0.014567780637866345,0.0007653158146934125,0.0,-0.004297127400059941,0.003020141022104239
2023-09-11,0.0066225762842444524,0.010979281314928535,0.035231212663680456,0.003959367187538865,0.013079305577368139,-0.012542182516168787,0.004379974984199286,0.009428938928986774,0.011900842651528132,-0.0008146133332491701
2023-09-12,-0.017060687406958097,-0.018257909506905645,-0.013067856717097759,-0.011539610499778474,0.005655861590277311,0.029169606944404736,0.013014021053695757,-0.009850530882443254,-0.01757654713255896,-0.0008509402155812973
2023-09-13,-0.011854707135936282,0.012930631095529277,0.025632022130484877,0.010122747814866884,0.0025064526296019185,-0.008936941365513595,0.00047850242108182783,0.002401295175625151,0.006972193231155055,-0.020900467365250308
2023-09-14,0.008782650444764784,0.007855938803656981,-0.0008975138235036706,0.010167577257597316,-0.0015245528633663907,0.01786328415936511,0.019397466597389723,0.008278875459582835,0.010973944593768215,0.024064714629663975
2023-09-15,-0.0041539886996032616,-0.025036951420168818,-0.029919857618376344,-0.005068902766979022,-0.013985499884777042,-0.015356160956937592,-0.0029479472652391703,-0.008895063384079749,-0.00839963251074305,-0.012068302029287992
2023-09-18,0.016913233001014216,-0.0035126305164696614,-0.0029204620264398073,0.005895242642934839,0.006317767729579371,0.00805495222324959,0.0020831261306692994,0.0062133179466019595,0.0037794019687622527,0.006412662719734286
2023-09-19,0.006180909195333095,-0.0012462452775545696,-0.016788047695762587,-0.0012299902429462328,-0.001661961845711879,-0.0026352749965172784,-0.0012740794568241176,-0.0020583406404851567,-0.002921261430120059,-0.0045206634052870065
2023-09-20,-0.019992384100217198,-0.023976737321286135,-0.01700219075536713,-0.031150396054366425,0.004377430766202339,-0.00792635757018767,-0.004230204740990118,0.004468936648307498,-0.000846382946517843,-0.0037904543332372143
2023-09-21,-0.008889408969076307,-0.0038657790023808314,-0.04405345369833069,-0.024674746013035098,-0.007673095557840126,-0.01408917844903268,-0.007822045954066548,-0.015400359693298782,-0.008666069941639098,-0.023617129085089617
2023-09-22,0.004944624610794479,-0.007886538124202369,-0.0016238050792075631,-0.0014565614363380996,-0.0071752890454690466,0.0015684779451239361,-0.00958270947055817,0.0010426918851587086,-0.003680786496366162,0.0037866833855975113
2023-09-25,0.007380266589532614,0.001671917673444323,0.01665124873434287,0.006602617007201994,-0.0014954776122385605,0.011223215985663115,0.004940390945204154,-0.010416704047155001,-0.006069431948448334,0.004430799259812046
2023-09-26,-0.023398374450337767,-0.01700581465268125,-0.040298626825268746,-0.019373060915093054,-0.00773734683631444,0.0015484969970744888,-0.010378576696222663,-0.008245628222194878,-0.008894121061494342,-0.017318311850778256
2023-09-27,-0.008897476837743001,0.0020825054462032533,0.0,0.0153223117766359,-0.012011324422322667,0.0325574122283907,0.00586480877430362,-0.010260000703501304,-0.013260246365511041,0.011835505453429152
2023-09-28,0.0015254191956213248,0.0027176169007308015,0.0,0.01355927846114735,-0.0014636517706482222,-0.00607306581184508,0.012415951597422703,-0.0025019648425986807,-0.006787193396178837,0.012944239668612134
2023-09-29,0.00304673482652551,0.0067272242415037375,0.009049050319664964,-0.010959228291989032,-0.007203138389088148,-0.01581991660777904,-0.017413056202855937,0.003045858014573133,-0.003279858338825714,-0.01172850182772811
2023-10-02,0.01483551433381014,0.01916072104512101,0.01840783446134764,0.02529414172822264,-0.0038523975540083466,-0.01658454339963933,-0.008619393213240789,-0.008931780497777764,-0.004593575650788662,-0.0046888711193566746
2023-10-03,-0.007770028983646093,-0.026134244764219328,-0.03661366636292884,-0.012968694012550519,0.0012248692907907976,0.0017297294325229196,-0.007372842530046775,-0.01081482082001306,0.0020665034238902535,-0.010120938152803127
2023-10-04,0.007308792868777836,0.01777323608776138,0.018280939360016735,0.021218694239565794,0.0011586523441553531,-0.03738240000832005,0.004484363321375584,0.002915482641036693,0.00329890588822801,-0.014648333601384844
2023-10-05,0.007198015587440265,0.001254140069618881,-0.008188983586829512,-0.0012568884418737714,0.010416653376457363,-0.022511282800850574,0.00421634976293328,-0.04832847079578273,-0.014865949325476246,-0.015960367963723576
2023-10-06,0.014750493586882074,0.024737069800276235,0.015878056641289273,0.018583007233183402,0.003181810959517195,-0.01669866282364829,0.015395642153141154,0.014509349170744867,0.0020167761139664453,0.020091893221272805
2023-10-09,0.008451194690188402,0.007822659708111024,0.0023444468936362206,0.0061054950686429965,0.00570915740288247,0.034991097945084704,-0.002274404011586517,-0.004892631964806493,-0.0050663441368890005,0.01977153856590874
2023-10-10,-0.0033522863435423433,-0.00433588157979059,0.009511938819224852,-0.0026006029297264144,-0.0011352661539456577,-0.004237383686891083,0.006078418924833517,0.021747265907565927,0.009905080820156398,0.007039952392735582
2023-10-11,0.007904093442440141,0.012272014271214493,0.01814956889912689,0.01803570478805705,-0.013766272413316072,-0.03585334316531086,0.003433162478769125,-0.005922544629877291,-0.012294302756187148,-0.0013907609525777298
2023-10-12,0.005061121559387871,-0.003790223236524448,0.0037927633547389927,-0.011241682482436177,0.0009605802145884468,-0.00018766990646668091,-0.0023265940158208043,-0.016756753261967017,0.0022376425330834504,-0.011802405609339206
2023-10-13,-0.010292732445390529,-0.010357551032088574,-0.019194502454286222,-0.01158528007231241,0.0033263856026490846,0.03193383665127736,0.015019582751021998,0.0015148022189335197,0.009559087423820944,-0.0061936435696260395
2023-10-16,-0.0007269319205015501,0.01498196240441163,0.021265196921155027,0.012667512729039876,0.0043354025546458175,0.0007280427573221893,-0.001013354213379003,0.010209977273643922,0.009537735986867357,0.010636513345864351
2023-10-17,-0.008784689259968226,-0.001743771735059907,-0.008147882355257097,0.004457092708170185,-0.009141301860610573,0.013096985667185423,-0.0021644675801540947,0.011978259722442042,0.0013003727705129808,0.006868775968911445
2023-10-18,-0.007394902628548583,-0.005872544731518881,-0.025405007278304192,-0.012596668939642064,-0.021525990077639667,0.014004683999040202,-0.010980714215835352,-0.0003698183004781086,0.02577610565956623,-0.04925725119899882
2023-10-19,-0.0021608323607097413,0.0036653679764466762,0.002107149015711185,-0.0015221138334940987,-0.0026842954963943733,0.0006197588880185734,-0.004249317230455185,0.005550321047157247,-0.005627390972532953,-0.024419455943635482
2023-10-20,-0.014704343810335363,-0.014034454184673417,-0.025155731161039308,-0.01560787721560375,0.004464119973590641,-0.017165081726342235,-0.016105593212883074,0.004047956637218242,-0.001348923899196941,-0.009499595737111122
2023-10-23,0.0006941172180396915,0.008112002626194492,0.011104892625885654,0.006637055369341782,-0.010522730045778528,-0.01467403738649109,-0.013641024468499241,-0.008979385843371213,0.0006752067238708914,-0.007544125953793612
2023-10-24,0.0025433013239100077,0.0036741604495098557,0.015802781594350446,0.016923125851045162,-0.0010571614249125227,-0.009684768845237723,0.0012054992338970116,0.02884607372906567,0.011812353616553084,0.00901666910268717
2023-10-25,-0.013491762210931735,0.0306778548429385,-0.055771610960691276,-0.0950940302731611,0.002248421736740669,0.0018451137133230766,-0.005454147213835747,0.00862690385011744,0.004669867923524418,-0.018473247327587816
2023-10-26,-0.02460536394730517,-0.037514093212445476,-0.01499299533713827,-0.026510657844038055,-0.01695602536836438,-0.009116904062852038,0.0025637447129824853,-0.0060583626789418865,-0.005312371497289914,-0.010247439045249607
2023-10-27,0.007969238164792891,0.005855674188314675,0.0683281608245998,-0.0008996253071924531,-0.02281861706891286,-0.019051836553848456,-0.0360184734643102,-0.009680842146703617,-0.01762338009167641,-0.015963394454044155
2023-10-30,0.012305440872093065,0.022740297161609968,0.03890722509168998,0.018744390392281485,0.009821263698562399,0.0031264679590532474,0.012749494458540678,0.0164735915665557,0.01427034088629564,0.015090641549558192
2023-10-31,0.0028186062675721324,0.002371549465303824,0.002863308000901066,-0.0030531534667722626,0.008909727172851545,-0.000283403154379136,0.011934214814689259,0.0060551248720417394,0.005158660357777345,-0.06652640116261088
2023-11-01,0.018738647733690827,0.02354275253035354,0.02937864429857373,0.01910068378899643,0.0023596641338186064,-0.001984068338252487,-0.0008628941885310271,-0.0008851216718473998,-0.002799383665292754,0.025569737149568672
2023-11-02,0.020693404559061213,0.006501637006932182,0.007810272439553012,0.00822448613624882,0.01042440355764196,0.03284746530163596,0.017849596077381458,0.011516628990339228,0.012231766882307094,0.031445241906335575
2023-11-03,-0.005181155980545138,0.012861730866730925,0.0038386235328597973,0.012628492642586364,0.007321512274626851,-0.012189456821758649,0.011172297169741219,-0.0061305904173564185,-0.009046472146747697,0.006816778017218361
2023-11-06,0.014605202664451644,0.010572360095380207,0.008225103459209127,0.008907884606796923,0.002378443342756942,-0.017721351573416033,0.007552186405770378,0.004053619956134957,0.005797372747012197,-0.010259719265005685
2023-11-07,0.01445065451118599,0.011219477732419714,0.02125376487729147,0.005527808109618615,-0.0052732638253818465,-0.01567967405001569,-0.0004857049454196627,0.0036859711629864123,-0.0023187370346300362,-0.014100986756091394
2023-11-08,0.005884905468601653,0.007405657587599812,-0.004414580990635519,0.0066427200419378885,-0.003644964423135444,-0.012282729884058763,0.004930306514709937,-0.0015739212313513606,-0.003851714022546915,-0.00042556914312308347
2023-11-09,-0.002624506268137816,-0.006910906147700735,-0.010416636461610618,-0.012135924313941837,-0.01948761161501067,0.0002913630246748067,-0.002971331281859557,-0.007531973741206399,0.0022668241108352305,-0.002853349847285469
2023-11-10,0.02322011387144185,0.02489693044509833,0.021052569890351647,0.018043732977289784,-0.001153377439766845,0.007672843523993,0.014831182016880717,0.0010591051597452772,0.007049973217174044,0.02361730195323597
2023-11-13,-0.008583776616661432,-0.008088522506562446,-0.006756765374750118,-0.003771255836785281,0.002580830770806397,0.010505989271793137,-0.004438761827443849,0.003702363177353174,0.0069349435320678054,0.008302777312405585
2023-11-14,0.014285837155652015,0.009790698245805363,0.02251214528584833,0.011583038131292911,0.00020339920846801363,0.003850291684290852,0.018246544732975822,0.002986009086773933,-0.0022300734008425804,0.025613538182934326
2023-11-15,0.0030409390233969713,0.0004060566169041824,-0.017832688951265996,0.007484026699222879,0.007720095394538218,-0.006040707550570512,0.008757531845818178,0.0019264650571646502,-0.004601824247226771,0.013031497315483254
2023-11-16,0.009042054697848467,0.017583118401996556,-0.0025837648398919777,0.017159231068481606,0.008736848000647113,-0.011576421688479388,0.011419663839467242,-0.0010487786865972515,0.009311869046043864,-0.011469976828488715
2023-11-17,-0.00010542003784386189,-0.016800938319176728,0.016453061783939793,-0.01183084372403731,-0.002065626123984976,0.024399652655211046,0.009046299867415453,0.0019247795932419987,-0.011515805551830516,0.019580317513214096
2023-11-20,0.009278185464786093,0.020521840831051907,0.0065436854591447435,0.0069470808846909815,0.008815876216099028,-0.00438245174359031,0.0030753612803058328,0.0024450133704674304,-0.005295843160665559,-0.010352948772831216
2023-11-21,-0.00423078897858864,-0.01157800338437387,-0.015260459261028925,0.005284608235325283,0.008071348082111074,-0.00038282916783827226,-0.00208744335688249,0.010975652353651277,-0.00439203687384726,-0.004152574605106207
2023-11-22,0.0035144242195044306,0.012812544744254861,0.019527539517508297,0.011097298352550355,-0.001984910080946478,-0.004307723659721652,0.0023533919031641926,0.0067205891498736126,0.009424524669017886,-0.013632214309371449
2023-11-24,-0.007004313256668282,-0.0011115312058680438,0.0002044767086364363,-0.012997328904850947,0.0111388435041051,0.005383980726603399,0.001369527207085719,0.002567499195069267,0.0023838971981819945,0.005487545151889428
2023-11-27,-0.0009474818541466146,0.003126548602247814,0.006746559883569869,-0.0020486786129935153,-0.008000098960537882,-0.005833404481113136,-0.0022796343775018935,-0.001877902725824665,-0.0009248422581370486,0.00012136526707862139
2023-11-28,0.0032140372011655316,0.010802690158842942,-0.00473835354015173,0.005791433679738889,0.002313749307246926,-0.0005771468199153862,0.002284842984115576,0.0020526362200663506,0.006942412381704122,0.00044463196032706875
2023-11-29,-0.005409619455243431,-0.010060070044595304,-0.0048288883967405605,-0.016107808013679614,0.003165541906350544,-0.0150143233098754,0.005080385248936059,-0.005974727236877753,-0.007616898176581954,0.007878777604014786
2023-11-30,0.0030626700821283492,0.00015832407723248565,-0.001571972217158657,-0.01822384871892857,0.016764299256108783,0.00390836266164607,0.011404725581785513,0.011597656912795795,0.01581423305947882,0.00509119470487307
2023-12-01,0.006791327060370778,-0.011612234411939815,0.006434406632690459,-0.005055321986097372,0.02405276532503753,0.002433307540929519,0.004869263842362415,0.0034223331785394606,-0.005601996286356714,0.024090675107662163
2023-12-04,-0.009464508697572982,-0.014338865984202975,-0.014894936132684111,-0.019641887110838252,0.003156987661430355,-0.0054373845177571045,0.007332156424839198,-0.001193748751557533,-0.0039301925400938575,-0.007828351503737396
2023-12-05,0.021063280918229843,0.00915642480653256,0.014084566393959497,0.01330546272896127,-0.0020771103737714514,-0.019427692487978376,-0.00012658404156218328,0.0015365441642132271,-0.03485476157511602,0.0017272064255635655
2023-12-06,-0.005687127336506781,-0.009986066575113361,-0.016067541747663228,-0.007405240666208401,-0.012172942126975284,-0.013241912165658065,-0.010508317706350967,-0.001022744600998604,-0.000749457305922907,0.0030566288851210377
2023-12-07,0.010139203725515245,0.005829848724240749,0.016329923474831087,0.05314561270134588,-0.0077894416680037715,-0.0069620664485156025,0.003070876207955431,0.0023891971920897426,-0.0010230385644026674,0.005625373390808708
2023-12-08,0.007412478783361154,0.00884211338502916,0.0036764247561378305,-0.014167670042732006,-0.0063063787707591246,0.011481639172908897,0.011033940719503255,-0.002213207468126366,-0.009214984074187638,0.008119528734061188
2023-12-11,-0.012927190261409982,-0.007829379709952122,-0.010378502226973785,-0.012593641495691199,0.00414449990391641,0.0007030552802298473,0.003658867323036219,0.007336621204769411,0.004616034388732704,0.00547190956458099
2023-12-12,0.007919930624519678,0.008295105015806437,0.010898597193382598,-0.0057766250013281395,6.442606426770858e-05,-0.015759741496037094,0.008925169027507396,0.006436177358988049,0.000822931811327754,0.00195471038414774
2023-12-13,0.016691407064209463,-2.6508510852396583e-05,0.009221593773735215,0.0003769530553467959,0.004643243817902931,0.008872965178409409,0.003364001085818469,0.00858296698984673,0.018089725768406062,0.025016311984101147
2023-12-14,0.0007578558556913251,-0.02254463187594158,-0.00954043404920335,-0.00475211525098751,0.006932359741014249,0.0268901888491877,0.01819198312236292,-0.014850523327977316,-0.026383146027707083,0.06418647513328479
2023-12-15,-0.0027257320619326064,0.013117037031998846,0.01729753821347546,0.0050024385064673105,-0.010900825752321097,-0.006694034835454388,0.007561358895630255,-0.0074526169777372475,-0.004839023628863903,0.001998534829774634
2023-12-18,-0.008503302266198665,0.005179017477044301,0.027338841569267247,0.0241326167225564,0.001804670194671898,0.00743312426926801,0.0060522627044734545,0.007167171645309889,0.01535169507753631,-0.00010484208631766911
2023-12-19,0.00536002466646468,0.0016370488473200773,-0.0018174467759756174,0.0062592061318818,0.006562041532474749,0.013182310524367802,0.013355011066312095,-0.003219144783894401,0.0,0.02537522106708967
2023-12-20,-0.010713749252773908,-0.007072921520826503,-0.01085895208954335,0.012367319598476145,-0.020388563985295538,-0.01670051516469595,-0.011279521839257067,-0.020737732466833192,-0.01546141712518545,-0.011093615269211043
2023-12-21,-0.0007700308614303486,0.007878696661994367,0.011306871390431628,0.015035446250647011,0.010243294430312355,0.004542380833922888,0.0057042947463772364,0.006596079158360357,0.002431778892952874,0.001242613646735391
2023-12-22,-0.0055475118157892744,0.002784156070649413,-0.0027300973670256745,0.007619977063438199,0.004004328717694294,0.001769150292050936,-0.0005971785390919138,0.005690509685359002,0.007070733496749693,0.000999691369717004
2023-12-26,-0.0028408801061076128,0.00021378206637567843,-6.514474615582078e-05,0.0002120509340033383,0.004373919696598616,0.0022569276110766534,0.005914073021297206,0.004115391006801916,0.004542891646934555,0.01814988443648713
2023-12-27,0.0005179007489855003,-0.0015748733711631324,-0.0004563413242133496,-0.008126170642295483,0.0013450599278144182,-0.004699365740233663,0.005997876240617206,0.002561437413710843,0.0008222551514065479,0.008422777813483995
2023-12-28,0.002226323798207863,0.003234722291182157,0.0002609139551152939,-0.0009974302599394802,0.001471147072950263,-0.014459927458181587,0.005312988654499806,0.0006812489713503567,-0.0022593719954711045,-0.0041594301271610234
2023-12-29,-0.005424225379418335,0.002025068638701777,-0.009388462612883952,-0.0038506644336464557,0.001021648214420301,-0.0020959411865598687,-0.0011744349985239877,0.003063882391147743,0.005558135960504584,-0.0040755752104588705
2024-01-02,-0.03578662789486087,-0.013748477835573425,-0.013228970207501023,-0.010881328064216822,0.02060739842714554,0.023804720797852008,0.011640111484204851,0.015102594038010064,0.01501310636022124,-0.010010962158329528
2024-01-03,-0.007487490992259094,-0.0007280400179581203,-0.00973782115920796,0.005428320587553603,0.0062512189784720285,0.008401690606998358,-0.0043584108387072495,0.002340333674607731,-0.006050767446965977,-0.028731836910090403
2024-01-04,-0.012699900844708734,-0.00717749760773867,-0.026267891590348702,-0.0182121667393228,-0.0021121005036186524,-0.008719186523002631,0.006636309195911183,-0.003335576431247045,0.00547880860275729,0.0063315207523773065
2024-01-05,-0.004013243048866966,-0.0005165357387940661,0.00463442024626004,-0.004838885715411134,0.0031126643569499013,0.0030296927060691203,0.005017080891458026,-0.0015058784644488288,-0.008274436926432704,0.009891455652488057
2024-01-08,0.02417478095613168,0.018871461637954168,0.026576703830634596,0.02291307300120371,0.0024823027886127225,-0.01666192536332345,-0.0014511133946401022,0.00737386293379827,0.008614844991004622,0.011490790926790728
2024-01-09,-0.0022634156045030496,0.002935942159282501,0.015224607114340927,0.015197286985183744,0.0006191659954888351,-0.012386032255875867,-0.007906201776418098,-0.0018299376572581405,0.004102556518992717,0.0001369645110216311
2024-01-10,0.005671500717231215,0.018574086979644244,0.015590940651907248,0.00943588592053679,0.001484794707594883,-0.009832255817301738,0.002109335474989704,0.003333215534152778,0.004286594484117279,0.0036265705966198603
2024-01-11,-0.0032225570039189355,0.004859408915505181,0.009432101662268044,-0.0014055713250898938,-0.004448185439494212,-0.00020293535576554333,-0.004209791088294446,-0.006478255478540307,0.0038015452635264957,-0.004397734958149879
2024-01-12,0.0017781281835438367,0.009983627404305473,-0.0036086969005325598,0.004012128915997115,0.007694969945897467,0.012972772158069912,-0.007339969680722147,0.009697258283583254,0.0005979937283158154,-0.005649341996192603
2024-01-16,-0.012317235356314571,0.004633462945150102,-0.009442449238027617,-0.0011216695242584063,-0.01151547874169978,-0.022611344893610164,-0.0062703144298946745,-0.006623583390601762,-0.005378618151452463,-0.010950034158200728
2024-01-17,-0.0051735013333974456,-0.0020496419583518888,-0.009467203666572499,-0.007158591855145002,-0.0005608271055261849,-0.007267853437972427,-0.005357677734650457,0.0,0.0010014834926117544,-0.029941300841099916
2024-01-18,0.03257064152527667,0.011297222331833945,0.011798781932089941,0.014207679766317094,0.00486213835724314,-0.0018561437717764528,0.001975102087523828,0.0028337364013264477,-0.005765189984240915,0.011735991339506757
2024-01-19,0.015533034623750996,0.012186790772796385,0.011986946826648914,0.02021231579227445,0.0029153575573961366,0.001549420236971466,0.0172619562762808,-0.005485387083427606,-0.0038475847888589376,0.016678583685273862
2024-01-22,0.012163310753457557,-0.005417945542893321,-0.003604979862209201,-0.0026645720552361807,0.004886335204969283,-0.0013407021790856621,-0.0011742507471024233,-0.004345636968555944,0.001964979975060732,0.011883024936728548
2024-01-23,0.006653321714401139,0.006027520777026174,0.008011406531487353,0.007192381468163589,-0.016372382318485368,0.011258095681355718,-0.006583950856421272,0.004700310942058028,0.041390651791382016,0.0005540601778801779
2024-01-24,-0.003483909540267005,0.009175302910327199,0.005447960655367012,0.011289385069656488,-0.005318886862437755,0.017260602776607792,0.008935242048318859,-0.015705851931094195,-0.012079548722936262,0.006405378894335456
2024-01-25,-0.0016967518935532278,0.005738243039334678,0.005609771850602074,0.021318076030257815,0.0037744392776142277,0.02540165690626317,0.014311009104827965,0.004243699093712028,0.023008146639511118,0.034711703458482734
2024-01-26,-0.009012774368863385,-0.002321820486761772,0.008684596622424712,0.002107045663907403,-0.0003758601553486285,0.008518580596408531,-0.003816487956996628,0.003549837732102601,0.003341491294257315,-0.004455384011719521
2024-01-29,-0.003585849428007104,0.014334269634796115,0.01344896590822775,0.008673452718566343,-0.0008775767568556248,0.001262032405766389,0.0026120393892141713,0.006063633891800757,0.00012813908113518124,0.012757597954017541
2024-01-30,-0.019245804565756197,-0.0027581238379682516,-0.014014601164705653,-0.013353981801256243,-0.0037023796497582806,0.016678084672004934,0.020494610033192195,0.0028462087354321763,0.008516763498302105,0.0049795283745803776
2024-01-31,-0.01935766545317108,-0.026946210369849788,-0.023899390262627773,-0.07500344806873083,0.0008186910345375775,-0.01945642469102915,-0.01083585541074783,-0.0068448312516881105,-0.0022223319721239587,-0.01460174876767295
2024-02-01,0.013340641821989463,0.01559430655106575,0.026288672108771616,0.00756617976212004,-0.003398236505409602,-0.004085218236170363,-0.003613120603613851,0.025046214887956886,0.012982030763343033,0.02457458287499259
2024-02-02,-0.005405075072322352,0.01842584523220747,0.07866649218561839,0.00864243562503808,-0.011050800243757153,-0.004101813779888719,0.005756044035995389,-0.007215454720872816,-0.006847596769707698,0.02405031325409812
2024-02-05,0.00984652353045723,-0.013545053138000251,-0.008730574595861018,0.00913049862028359,-0.005172098842088357,-0.004118870542060171,-0.0013161918844128984,-0.008258947972712871,0.0007592480298590498,0.020025798303842546
2024-02-06,0.008631796066592479,-0.0003944321791008454,-0.00681113075414308,0.0029232491736710386,0.014505766540472642,0.006893067496666738,0.0034382575243734337,-0.0016655998939830718,0.0047404374963926355,0.004107419010876967
2024-02-07,0.0005812290883882021,0.02111033313707522,0.008158468416245013,0.009993019778149925,-0.0005063523926214231,-0.0002934804929919377,0.0018847503018106782,0.000834155160797101,0.0010065165070964888,0.0026956268294473507
2024-02-08,-0.005754736057749565,0.00014478920772664772,-0.004046223223746481,0.0025422359152620366,-0.010001139065341391,0.017120044674032053,-0.0035911741230860716,-0.002667194823154806,-0.0030166158278205346,-0.004913662655170015
2024-02-09,0.004093872932444675,0.015551505416976807,0.02714319777292107,0.021177612762442566,0.0023017740525477226,-0.021160066686811918,0.0012012190482779683,-0.0045126924831532245,-0.007690426688707008,-0.015031198544916302
2024-02-12,-0.009001871537282824,-0.012578696376332577,-0.012095159915523457,-0.009865855484206598,0.006953400839715629,0.013756498427605512,0.0044570134582417875,0.0023506187176074445,-0.001969125846926101,0.014094077595246723
2024-02-13,-0.011274486632829372,-0.02152870972858112,-0.021469171561243172,-0.01620016054598572,-0.00874248398072075,-0.008608835403579485,-0.008703588659153216,-0.005862765667303482,-0.005346537941799845,-0.02732958931768692
2024-02-14,-0.004809538686573411,0.009665378153756787,0.013875689909627953,0.005511920929050618,-0.004665438610671813,-0.0049338824736342435,0.010157148102782454,-0.0010109232786006395,-0.004095474036328706,0.012370642480633576
2024-02-15,-0.001575163090181797,-0.007155278142811139,-0.006901349311422389,-0.02172113423049582,0.013997354792440131,0.028659318591245375,0.02181445086895306,0.0018553155471789928,0.008867007667543003,0.02008131456894313
2024-02-16,-0.008429994074494185,-0.0061491333836525275,-0.0017079419299743659,-0.015759831052092332,-0.0011481198174642104,0.0,-0.004669978166417121,-0.0001684029175477164,0.003184584384943401,-0.0035904388308708457
2024-02-20,-0.004113882451202255,-0.003143044290125907,-0.01433539469369316,0.0042700754236115745,0.008367832291024335,-0.009447682704817884,0.003910057362778163,0.022057592172965768,0.006348742953864228,-0.025379818937158904
2024-02-21,0.0041859671928756725,-0.001514377060845673,0.00903755380828164,0.01013313401302085,0.005194475177322522,0.020438070213246062,0.006509722889180614,0.008896228482903945,0.01192351388907742,0.010837242135125047
2024-02-22,0.011243916244514818,0.023546549178939946,0.035530017339574504,0.010803402056533962,0.011154607900994318,-0.0008583793862988465,0.011995789179485516,-0.0014696194158531073,0.0009976838972660662,0.015608023939466253
2024-02-23,-0.010034040303679603,-0.0031822540285857404,0.0023485144793740087,-0.0009024489732252228,0.008663041093816659,-0.00878199608481689,0.005025186102387336,0.0008176494232354781,0.002927204190442678,0.0055574063062360235
2024-02-26,-0.007451336427522937,-0.006823598535568798,-0.0014858549486425066,-0.04438719244829703,-0.006487826837039856,0.003948368042414385,-0.003424097496928402,-0.008006565338006921,-0.005030165805606224,0.004631303077355486
2024-02-27,0.00811435730208343,-0.00014736390059910676,-0.006810521779339163,0.009522359085937682,0.0011817022952624878,-0.0021103984096890738,0.0004907873444572886,-0.006094363598655117,-0.005741956462334441,0.006915123234333631
2024-02-28,-0.0066253287558845075,0.0005890090260356473,-0.0021896371944472026,-0.018001044820771583,0.0035409225694600366,0.0027876824055310667,0.005069478175366626,0.0009943368543283704,0.0047080013503491,0.00589070688001514
2024-02-29,-0.003693167241333062,0.014519905110288,0.02078996747858297,0.01525141422902454,-0.0010524921914633056,0.0019171136126401311,0.009111671748863515,-0.0062915280404010065,-0.006935280765171137,0.013351243647092836
2024-03-01,-0.006030443057866486,0.004496632686736612,0.00825982552183624,-0.009533529900960125,0.004585646450451897,0.012629289182173986,-0.004138640122579251,-0.008163907075244947,-0.0005664162848837417,0.008204522964622596
2024-03-04,-0.02538124495540084,-0.001395857150982116,-0.003591063770984282,-0.027635730459469987,-0.014063790717249391,-0.013983366873723813,0.007501844281858405,0.004703606707048946,0.004469638699585721,0.00579147181387607
2024-03-05,-0.028440966701882453,-0.02957213609834486,-0.01948421375262155,-0.0050995011091593545,0.0008132957197219959,0.012265138348767746,0.01001736911378237,-0.004848766286927764,-0.0015038932501497682,-0.015118821456462261
2024-03-06,-0.005878098222691586,-0.0013905834265222072,-0.0035033346396604603,-0.009572833995610708,-0.003938098497648368,0.01069677496701349,0.005197434093680231,0.0005039834607427629,0.0015692049365065852,0.0062961900961742145
2024-03-07,-0.0007096263867650832,0.01753334699260578,0.019076784751165476,0.02267910893734948,-0.0029498232721653084,0.005619521212977263,-0.00875861834316538,-0.001847146238264541,0.006579885212221415,0.013675917495944212
2024-03-08,0.010236564497697387,-0.0071369592908775425,-0.008313545751684748,0.007664740133371151,0.004091307112418452,0.009406676613067155,0.0018630372720442878,0.001345902728064674,-0.0016808667778310804,-0.0030275437269149386
2024-03-11,0.011831815995225758,-0.0041848520647458365,-0.019332758891648982,0.016689987258180494,0.010719585402544585,0.005905253882948491,0.00037191456371465925,0.012096843378078148,0.007483639453561786,-0.012441451704980788
2024-03-12,0.002778502895106616,0.0265993240663307,0.019946455814511488,0.006028933558506644,0.009365822331701468,-0.006420925819016765,0.008232030769719456,0.004315923239039732,0.00235230350115212,0.00677680826869409
2024-03-13,-0.012122624278273264,-0.00043347812016014675,0.0066708374081581034,0.009314148182085535,-0.010077420350054656,0.011170648271109807,0.008112043669483482,0.010248027177486962,0.002284853455702285,0.012691169272076808
2024-03-14,0.01092734117395322,0.024379785279545763,0.012403729449981915,0.023678312281674385,-0.011731930348352182,0.017712197874506064,-0.01781787329812956,-0.00222653932068706,-0.0049293174478226565,0.0011713531561006185
2024-03-15,-0.002196677563047311,-0.02069527029306706,-0.024223786467438835,-0.013417279723022535,-0.0064696330442216565,-0.0017943652818720457,0.012395416586675312,-0.010247880904826978,-0.0007428130290031421,0.014769475795942677
2024-03-18,0.006372497026019275,0.002161382586865601,0.00034398325434925603,0.04604042067156988,-0.008977151454939158,0.009256858255908051,0.01240167546038018,0.004175052978068194,-0.001053462781471115,0.014208654269646015
2024-03-19,0.013584991497847199,0.009800639471076567,0.00813845829732096,-0.004401201715073966,-0.0035085048242330386,0.007034674579106115,0.005865163099729509,0.0016631048200608234,0.0038457652026877565,0.0056832921047502705
2024-03-20,0.014709436227410055,0.009064649840475392,0.012791359170393646,0.011630218906432122,-0.0028807397105086174,-0.0008842944055451607,0.013106992334947165,0.008633475424274728,0.0009888679306120363,0.0072055217928779225
2024-03-21,-0.04085746664764378,0.009735905174094617,0.0,-0.007664341303817768,-6.407131503183283e-05,0.004425094610057911,0.013905180890707358,-0.0046090078992618855,-0.0008024727273020504,0.02275232109737768
2024-03-22,0.005309922179058235,-0.001467133561226408,0.0040415450203241665,0.02147684409435291,-0.00333882068404745,0.0,-0.012257664130147061,0.0003308449647174694,-0.0012356036807994464,-0.01769267609864489
2024-03-25,-0.00830028228510038,-0.013714669627939324,0.004696213001679439,-0.004642630765561373,-6.429007345531979e-05,0.010221184596468147,-0.00915475770628238,-0.0014879399911065239,-0.009093149252621835,-0.006031625986375633
2024-03-26,-0.006672691883754744,-0.002861428994629156,-0.007845994154095037,0.003997929537389533,0.003543313528340253,-0.007501125609413961,0.004671095880415477,0.0023179250942859664,0.002247272902726083,0.0012361564469822728
2024-03-27,0.021212787172869563,-0.0005218598980716305,0.008581036192426339,0.0013276090368141702,0.014059248465653429,0.010370065934307116,0.019363412551077985,0.008093741370055252,0.012830713517308245,0.023176890523701976
2024-03-28,-0.010559215768296104,-0.0016846616650717516,0.0030584610251771505,0.0003974281348917419,0.0014561046993697424,0.01104638233264632,0.003909411337147617,0.002457802315651625,-0.0022136284303093667,0.004881286402399931
2024-04-01,-0.008455663578875172,0.009151038262207756,0.003270852211551434,0.03021293787315482,-0.0025917163258780684,0.006452128022260251,-0.0067898589593484715,-0.008172543443613178,-0.010293018057855874,-0.00734107372816406
2024-04-02,-0.0069988239213046866,-0.0073723760074135836,-0.0015472110151306673,-0.005981112661399557,-0.0003169773567555101,0.01957440355630169,-0.00040207208585052445,-0.008734333635586289,-6.214572115537109e-05,0.0029966916801162924
2024-04-03,0.004797442970290611,-0.0023488769777341156,0.009519072430478559,0.0023289339591896496,-0.021999650718916297,0.00016766706870030568,-0.0028161218935037757,-0.0053200574513171395,-0.02752698480077098,0.030041372140869438
2024-04-04,-0.004892454128757051,-0.006112536793613232,-0.013212014767422287,-0.028337079011196642,-0.011409419134681187,0.0035206247212187236,-0.007608474754681405,-0.008858353727674184,-0.004482701078283524,-0.015966219497771994
2024-04-05,0.004501861572207222,0.01828266906205811,0.028166707356770848,0.01308717783414215,-0.0007211316995723305,0.013782071445482158,0.009200152615401525,0.003541142573906253,0.004181273922271078,0.025717212188971716
2024-04-08,-0.0066635003225418155,-0.0021854368768371435,0.0006483768975988902,0.015409839176661277,-0.005249845467095282,-0.006756176063087094,0.005216487088702593,-0.004032817717377513,-0.0003845157462384341,-0.015370534902160449
2024-04-09,0.007242514254010901,0.003980316292638397,0.002591909504893186,0.011301162117232977,0.004617710154032784,0.005225973765480951,-0.006700979233231208,0.007592356925761878,0.003973394776411787,-0.004203807388360126
2024-04-10,-0.011139273758554946,-0.007084487680420359,0.0015080453603608657,-0.0029372637618622077,-0.01372381664860367,0.00841715150167821,-0.00852153134221334,-0.01339597656731173,0.003702450043310268,0.00045710122389208685
2024-04-11,0.04327092262451804,0.011033363034525179,0.016671181255133227,0.020942726863930616,-0.009387439443872658,-0.0033549423632247555,-0.0002044816321100651,0.0022063401030107954,-0.008903667149815386,-0.00024178951350239952
2024-04-12,0.008626635142120698,-0.014091194340562385,-0.015445639364236818,-0.010538786426855795,-0.008535520683830788,-0.011659493060358628,-0.06467792423747742,-0.013039669067856363,-0.003272528848865308,-0.01707095984416651
2024-04-15,-0.02186360479477234,-0.019578023829258218,-0.013485250630092094,-0.01819582789225993,0.00047454412863112694,-0.005732371512752188,0.0005471031783239599,-0.0024021724552892865,0.0007726337330837829,-0.004704229116286651
2024-04-16,-0.019167126728399708,0.0022723020879533706,-0.001633742516860992,-0.00297046543024182,-0.021275194614206572,-0.008272090046281377,-0.01142763579862538,-0.0013759253169488561,0.0032162273834264177,-0.011074091988208745
2024-04-17,-0.008147494370009833,-0.006609026656320127,-0.011128128209780819,0.006930133648446857,0.002215546355106124,-0.0005055016292306869,-0.003982145781624369,0.007750585298906154,0.006476555540219975,-0.004334700658740642
2024-04-18,-0.00571421651824966,-0.0183807736808711,-0.011363622972558218,0.0034731020248968125,0.006700093664115725,-0.0009273255506021538,0.0064969471149320945,0.00683633015605456,0.008572983021396308,-0.001088459000512576
2024-04-19,-0.012212575672944204,-0.01273908834473192,-0.02561096030926935,-0.012306790581193439,0.01488931012345529,0.011474957577091383,0.025103597879509332,0.02138855456262223,0.005404217794942046,-0.005523962239259772
2024-04-22,0.005090765009289511,0.00461019270082641,0.014888568814227066,0.014212637902718761,0.008180813760101158,0.005672285603882887,0.01942938481803802,0.006315435137430159,0.015176303521562629,0.00831793278794346
2024-04-23,0.006391584820671481,0.01648541648482782,0.01303389727631088,0.012669589390094327,0.0029506724469727796,0.003898513435002915,0.014413263098985718,0.0014864658097744066,0.005979851330242925,0.01577152779863611
2024-04-24,0.012702537885069809,0.0036557881407459636,-0.016430862529557833,0.005497264353487186,-0.006886853226110934,0.00016537846321806882,0.0048921766529019806,0.01500651380647855,0.006811262539380136,0.000743135592978561
2024-04-25,0.005147219467466213,-0.02449524866236985,-0.016535467634067658,-0.019669475421644544,-0.01151296445709138,0.0023130836904632357,0.001501918759592602,0.00308698511659089,-0.00030749020634723845,-0.07020245969312411
2024-04-26,-0.003472812825077276,0.018243850235419634,0.034260361668536854,0.10224341256224978,-0.004631234385967242,-0.027775602177706138,0.0006206029257471712,0.0,-0.007751615019466751,0.01591708227647959
2024-04-29,0.024807968714596784,-0.010016747822607308,0.007460258507441919,-0.03373056870501956,0.0046527825123288125,0.014242125392142979,-0.0010853402142884105,0.004859141698155156,0.0022939691824421793,0.018696364603393523
2024-04-30,-0.01827098480170153,-0.03211936122875292,-0.03293549122868411,-0.020282954798351738,-0.015188621396644342,-0.011451012891837475,-0.007967699062813915,-0.004352099829142753,0.009526290201783416,-0.0435390693475779
2024-05-01,-0.006046930076840207,0.01440950462602042,0.02285714285714291,0.006634836951042944,0.045577172129384724,-0.018939772731060733,0.0006257953249879655,0.0025902660694117063,0.0012253397034187596,-0.010461212361015049
2024-05-02,0.022031834330612066,0.007342931218823123,0.031955314082140474,0.016843405286413038,-0.008334247778490567,0.0018099222729379694,-0.001042312139653112,0.0009689387715841047,0.002692884455138822,0.013199863962938041
2024-05-03,0.05981635474228386,0.02216950613611557,0.008066292135759712,0.0037213944193035253,-0.004335877146382949,-0.0020646244407867,-0.0060003823908033604,0.002903477425522105,0.0037842788031241525,0.0039051015749616003
2024-05-06,-0.009106752761638415,0.016918233970191654,0.013371946429286963,0.005142071316864838,-0.004622405064119484,0.006465405999585894,0.00782120889020943,0.002895464326664765,-0.00012186116378298806,0.015887285471049672
2024-05-07,0.003797024414592176,-0.010156197377689802,0.00031795209095974997,0.01873885107318629,0.0009420981110044302,-0.004967924603031415,-0.0013020233739677867,0.0043302656838599685,0.008027264758353025,0.008477071392904545
2024-05-08,0.0018642079591868477,0.002931663229766679,-0.004026247769404523,-0.010919603102981679,0.0015464635278941152,-0.00017215572407902613,0.02033891239030927,0.0036730137354170633,-0.004162295612812339,-0.0014493694318965522
2024-05-09,0.010014239550325987,0.004335890810253096,0.007978723404255428,0.0034242718957497864,0.006042519955104186,0.019715896266201183,0.00945568290121579,0.0004773129707420498,0.005876009025034712,0.02113201230830275
2024-05-10,-0.006890112907169232,0.005869148785143441,-0.010659653152828352,-0.007707914424940676,0.0004003499612741379,-0.0040526185091515066,0.00643041707490033,0.006043187700790265,0.004878607581893624,0.008556735546597638
2024-05-13,0.01764533615911623,-0.002459374498112621,-0.004853789332504355,0.0029055725434712354,0.00873858020280327,-0.00042382345994795845,-0.00020124763883910823,0.005058576683015792,-0.005873622870473105,0.005326875398740993
2024-05-14,0.006173407155114052,0.0068644511276299,0.002679959159411549,0.00709471598746636,0.001058071411853545,0.006070412945087478,0.013988721749466082,-0.007549642420219049,-0.0006634156823770443,0.004205283487248801
2024-05-15,0.01221801323887739,0.01748406549567516,-0.005773249525686142,0.012739212116019694,0.008521549776274062,0.007733550497079245,0.0029776684388012065,0.00047548639988970187,0.0045247188165769,0.005193160128034613
2024-05-16,0.000632447698335703,-0.004940075384376796,-0.01268885714634993,0.009680582625030576,0.010545804429099137,-0.005987549595946162,0.0017812178460987482,0.003009789307658828,0.008107769396734188,-0.02588608566085715
2024-05-17,0.00015801199026443946,-0.0018527333578518546,0.005826891232250109,0.01079336404845721,0.0023331255926466454,0.015016532320466958,0.011458426446011805,-0.0045799482252193435,-0.001310812061632971,0.01582462456008371
2024-05-20,0.006162223575392867,0.01220818931762957,-0.006280474722663021,0.004884734910491906,-0.013884999454660374,-0.008107742225796022,-0.04497307200825418,-0.0072982419356423245,-0.001968267271482471,0.018188474711582137
2024-05-21,0.006857133097377233,0.008698801061748807,-0.0021248741632043933,0.005256545012843006,-0.00019836061040834352,-0.006909968025350044,0.02014539949874572,0.00543403691100397,0.006215958738839511,-0.01014473241624303
2024-05-22,-0.007538413406104505,0.0034496871851577016,-0.0001091401274257997,-0.008265031508339016,0.014943105232815057,-0.02011010652830114,-0.006064496607756986,0.0014306378335797731,-0.003207680648930955,-0.00871705214941898
2024-05-23,-0.021058134324374977,-0.0081761088250899,-0.011358061353112014,-0.016045182059664098,-0.02475564611038017,-0.017059246247768667,-0.007009375368086546,-0.014444493599905184,-0.01382521892480415,-0.014721562601031413
2024-05-24,0.016588199192468123,0.007400486880823065,-0.0016570176564539851,0.008297464786733544,-0.018236458396150956,-0.0007928907834754417,0.01924658417887004,-0.0014495973158760167,-0.0009668637694235649,-0.005132513894755997
2024-05-28,5.2739868578122184e-05,0.0003718999033679449,0.007745471073219434,0.00805737555871655,-0.017622731187089458,0.012696103836400185,-0.0060286992306543,-0.002903140895521683,-0.013427483095112214,-0.006964743388935379
2024-05-29,0.0015789532522578753,-0.002672347466974867,-0.000713640562059914,-0.002834293573402036,0.0004154295965959065,-0.010708623416329943,-0.006967485362158188,-0.001941194074586372,-0.008951215740122365,-0.02412899837294402
2024-05-30,0.005255203823760768,-0.03378618480638984,-0.0148335176621609,-0.021546214392521468,0.005815611765706885,0.003168070415968227,0.006158179515367568,0.004376016824310547,0.005753271325530607,0.0033717279432254887
2024-05-31,0.005018538113219728,0.001109162008592346,-0.016060700229647673,0.0022658675800617534,0.009567833954043925,0.028686821269834573,0.016555645736917368,0.015491307437143442,0.012055478219570093,-0.0021520690543282983
2024-06-03,0.009258757420187225,-0.003878213971172495,0.01076849847083472,0.0038840408160278894,0.007295466101853609,-0.023964054925057376,-0.003997514256885548,0.0,0.0006685813629054849,-0.02115090367336625
2024-06-04,0.0016492758440027622,0.006166529965820011,0.00560726713319748,0.0035801908433557017,0.0004058722378033064,-0.015552603916147989,-0.013180005215787993,0.016049735209175298,0.014333407264385034,-0.011437680833038866
2024-06-05,0.0078207650470552,0.019083381143664813,0.010817455564965828,0.009321668698809793,-0.012381456465053398,0.0039940836424863235,-0.009540222004974397,-0.00031295375271500614,-0.00574799673311388,0.005739416988141288
2024-06-06,-0.007096409999643005,0.0012027940086778433,0.020520748266509736,0.007525123016269619,0.003082668351883866,0.007514175144409219,-0.0017742750302174315,0.0035983124997134297,0.014573859880466777,-0.0035209891334957444
2024-06-07,0.01239199198036256,-0.0015781898744815503,-0.003783767287795614,-0.012844351714233815,0.004507712546273579,-0.010704535977959395,0.015438564754151951,-0.0037411854442547243,-0.008369458271621166,0.0019798651682640944
2024-06-10,-0.019147758292158423,0.009484472630660878,0.014975553234585659,0.004304010290729243,0.0003399459556203688,0.002926670229954853,-0.001700509881100487,-0.005007064182709242,0.0017359471201412457,0.0020366781570158032
2024-06-11,0.07264916156603096,0.011241559394449707,0.0009087895389929823,0.0091994198404175,-0.0025149208170945903,-0.008047317752875038,-0.026301119216671554,-0.0006290326295880222,0.0007768212945071795,-0.006977769282531354
2024-06-12,0.02857838504879151,0.01936779861426796,-0.0018159287809063063,0.0066242681236707845,-0.009198555292459498,-0.011054551159438653,-0.014560799130481472,-0.010542848360473367,-0.013733085763804054,0.0043383273546835355
2024-06-13,0.005491108497031272,0.0011789275364721963,-0.016373254687715777,-0.01479257495574049,0.00027510233873639933,-0.008023275754752479,0.01112115318011786,0.0017494204349208786,0.007446542953223112,-0.007209599168413461
2024-06-14,-0.008168333386853965,0.002241992715190877,-0.0009247574783879386,0.009305750426350512,0.0006186712358624558,-0.008451472131375981,0.000619590962640526,0.0007199009230298703,0.002283362646531506,-0.014983237385888692
2024-06-17,0.019671376910190386,0.013105217993762075,0.002177904217078641,0.002545345462044324,0.002817252740826559,-0.006873628429067469,0.006192485603739417,0.0011190617980043616,0.004256847304459743,0.0028926537069111635
2024-06-18,-0.01098443592176801,-0.004527385365127201,-0.006791263808433312,-0.012130421814632086,-0.002055799481264442,0.009413000401866656,0.01036014428402865,0.00015970569277623525,0.006328365219391507,0.008499110391700482
2024-06-20,-0.02151295174832113,-0.0014338818780510465,0.017996874289478493,0.006910837350084353,0.014624371076312759,0.02157611649120139,0.008477133416914695,-0.007185028405926275,-0.005280106405668561,0.012271506699340406
2024-06-21,-0.01044446927069198,0.009154079436523022,0.01601287280926522,0.018888254430146745,0.006563778081944749,-0.00877020233964898,-0.011929401685424224,0.009488468131525707,0.003518979521061949,-0.003919565833294891
2024-06-24,0.0031327137038810182,-0.00469113425933898,-0.0185635417434159,-0.002282712197988146,0.002487422831916497,0.029703746644267115,0.013143152864582008,0.019117536388213008,0.001129080604280519,0.006588652171088949
2024-06-25,0.00446814275222529,0.007326751731721037,0.004149318226444931,0.02683859939295563,-0.012942662212956146,0.0028057320741246006,-0.004072649291283925,-0.0020321697302898567,-0.009498068079506705,-0.007878709952254592
2024-06-26,0.01999338778046833,0.002683237908468472,0.03901472799901873,-0.0008149858467856319,-0.002513676275142096,0.00034983319346393316,-0.003231341689683642,0.003289473892247763,0.003595893503601566,-0.0020464498943535414
2024-06-27,0.003985917536174943,0.0015260711650564307,0.02189972356695158,0.008320656213227196,-0.006947353994195105,0.00428283639641891,0.008813366341043682,-0.0021858345114750266,-0.0049568252787542955,0.0022340539962226735
2024-06-28,-0.0162541837227117,-0.013028673609415065,-0.023249966952787804,-0.017582686428283978,0.0024690767274648806,0.0019146044713054255,0.015514314591984046,-0.004068218355746778,-0.010202723299736483,0.01722365225944933
2024-07-01,0.02910458280661765,0.021881675846766813,0.02043982896891161,0.004611498085183463,0.0019157244759933079,-0.00138965006522207,0.015771735580202062,-0.0058131705445980675,-0.013339734566896966,-0.012068398655425194
2024-07-02,0.016240009628674557,0.005583130929425639,0.014198798656638534,0.012295862333801422,-0.0027998279607839294,-0.006785069883930905,0.016451734502409776,-0.0020542648246402173,0.007251456887684249,-0.004011210277646726
2024-07-03,0.005811003377530044,0.00324414893362146,-0.01205001831054675,0.003131070235832256,-0.0023281656284366292,0.005079773174057056,-0.0006703586411072049,0.0028504480197939497,-0.00042693352499700854,0.00869511806218859
2024-07-05,0.02162043575853434,0.014736328142737953,0.012196992290986808,0.025723891469879856,0.00542241327708104,-0.01211231783408051,-0.013250532888875455,0.006789715991078138,0.008423251163715229,-0.00683563738594728
2024-07-08,0.006538814794938785,-0.0028232656019633318,-0.0035500335693359197,-0.008237368385598298,-0.006826989153574381,-0.010496589492329456,0.001855519481401835,-0.012547131847593707,0.007929442495213879,0.002162293281998018
2024-07-09,0.0037748470851171056,-0.014370171856078251,0.00025090598345323123,-0.0002644491656471626,0.010791879226331957,-0.011053637897547652,0.011990064980606396,-0.0042883831712334786,-0.0051646986527786876,-0.009116803297660181
2024-07-10,0.018803592527021573,0.01460153908023476,0.002257434315787732,0.011641363499632629,0.016184884889535178,0.008833591146198971,0.000818849356223339,0.0022332543918652803,0.006881591039809454,0.007421789513267996
2024-07-11,-0.02322081988710145,-0.02477208510294293,-0.023724863074531144,-0.029343773681359764,0.0018071204501275417,0.011883471399245504,-0.0016844104651363434,0.004297255740213002,-0.007553816902331922,0.008067672144138394
2024-07-12,0.013050906583860211,-0.0025291983305012478,-0.0028710461411535215,-0.002694626705540326,0.0012022141712613177,0.00017661047168471278,-0.012099104125184557,0.009508745628625359,0.006463678789722316,0.013468925863477033
2024-07-15,0.01674313414936024,0.0009038425027270147,-0.009100746683475047,0.007888954599482023,-0.0042699333143476625,0.017127255692488186,0.024934079487255678,-0.004552560854302223,-0.012184158483814822,0.03033458921820742
2024-07-16,0.0017918922947317562,-0.009780474816354356,0.0015566783408962337,-0.013992374675137476,0.011860086901107625,0.007204184927402046,0.016995903040337046,0.013562555717134384,0.01440033974181909,0.0428320004592484
2024-07-17,-0.02529599528085469,-0.013347642201793186,-0.02637038381521717,-0.01576762708411117,0.03688491498852642,0.013788429921264944,0.015214024605775256,0.01462585591702914,0.014914525912494314,-0.0077098874803781525
2024-07-18,-0.020534650558511003,-0.007102124312335478,-0.022242286163404512,-0.01839575337687982,-0.007408325733648913,0.009860666141209506,-0.03177033287960884,-0.0003067869444852711,-0.005901834844051157,-0.004946838775505502
2024-07-19,0.0005798559312719664,-0.007403017222416763,-0.0033741230867346816,-0.000169003276136781,-0.004696921678140065,-0.022980105300594467,-0.0009523435966650728,0.0015339099890199215,0.003147582611539468,-0.023593393419354514
2024-07-22,-0.0015603672616408826,0.013337633553974992,-0.003167158934036185,0.02257116041528695,-0.0029091048037761524,-0.006892223583699342,0.002383393825171387,-0.007964523842121651,0.0017265823105232503,0.004765679518374366
2024-07-23,0.004688348716054058,0.004312131744830694,0.021144894800451564,0.0006605261322556455,-0.012253573906703896,-0.016136096680736123,0.00023787853480428112,0.0029335585546976795,-0.009687975273183547,-0.010636110190702208
2024-07-24,-0.02875445275094135,-0.035854723435217006,-0.029934025650088403,-0.05038778180282755,0.025795839639215057,0.014108258982610034,-0.008272817622531625,0.013084927223917964,0.008282276899784558,-0.023621968525248338
2024-07-25,-0.004804413758910275,-0.024481415096228254,-0.005419431054668911,-0.030990979532038776,0.02149984054979015,0.02104163749018273,0.00038356737015554643,0.003951010682287315,-0.00654750681021421,0.024580226911014025
2024-07-26,0.002160991113448807,0.01641976832416181,0.014734466536293178,-0.0016738703144845157,0.0062642032579278695,-0.0008516888255386545,0.0171083784879571,0.014832549013305218,0.013241433479471931,0.017949542355852444
2024-07-29,0.0012846754872148924,0.003433182464369411,0.003835599716395466,0.015149663895807075,-0.012948153700551024,-0.010483188520258424,-0.006549270783725691,-0.0032811455166057435,0.004848923146134609,-0.016976795285837953
2024-07-30,0.0025660544272092523,-0.008928334055121612,-0.008133134602594794,0.004482778074368143,0.017469423823124997,0.017829381860214433,0.02058330667639141,0.012718792280206337,-0.048431711629678076,-0.008155986579854946
2024-07-31,0.014990716180744323,-0.010805917990709402,0.029002194810164417,0.007340585278376999,-0.021570515473886553,0.003554127834292986,-0.011106363412617948,-0.013888886403262135,-0.0058132175204846925,0.013110257425133609
2024-08-01,-0.01675070665527678,-0.0029640527471576084,-0.015563100170141286,-0.0045473186013835765,0.01843523440954553,-0.013829122015837525,-0.022744333810106432,0.01827978969188737,0.03066689013112245,-0.04240343473278574
2024-08-02,0.006869406976909964,-0.020665956124016116,-0.0878470841762542,-0.024009988028233398,0.021025057441889095,-0.0005984759379373816,-0.04241220399370782,0.020159226329805158,0.026495185512273034,-0.0321246440908346
2024-08-05,-0.04816709161118782,-0.03265680919372482,-0.04097671157906757,-0.04446196609044828,-0.017606875448901493,-0.018052718471539886,-0.021291455009907367,-0.01774126296026257,-0.011876814059541996,-0.012684432553987213
2024-08-06,-0.009748152800612697,0.011286771846602317,0.005651399696776416,-0.006028146477239149,-0.014139464096693866,-0.005314889378079557,0.027911879121564676,-0.0007343301789427548,0.0001785255172184197,0.030429499777250513
2024-08-07,0.012498226804184664,-0.0029528813437053048,0.0051874985158653075,0.004106246193895213,-0.0004403890052084858,0.013314616504232601,0.00029936324992307917,0.006025149326424728,0.011482037675094814,-0.0019606834201516543
2024-08-08,0.016633424220389603,0.010691979544952934,0.018615215947435537,0.019441521709097742,0.008307048261374073,0.019104418830904857,0.018263468564245544,0.003943681375550456,0.004999437350173164,0.031798742186671225
2024-08-09,0.01373577511743096,0.008269380323371767,0.00687575011257735,0.010121520691675157,0.002496630873795702,0.00814316287514405,0.008526855808993705,-0.0007274817266036404,-0.0019314855615021331,0.006247103234690687
2024-08-12,0.00712992406510593,0.00194585562068883,-0.000838620987187122,-0.008431725700834503,-0.004607098577591895,0.001262063932096602,0.0018950864269577927,-0.007425668654667539,-0.021871716964249832,-0.006592542027316739
2024-08-13,0.01719317768309514,0.0176986666357819,0.020563504874259175,0.011522528782635266,-0.009319673152848318,-0.009579760132873094,0.008487275063653321,0.004254220817217824,0.0028775235050853,0.008243236878168858
2024-08-14,0.0020336607644579896,0.006883754012596999,-0.0007636117446156998,-0.023087151561792196,0.0005683316316011933,0.009248128814071999,0.011060887065479363,0.0017528652287139845,0.009026278270295451,-0.00357150078277757
2024-08-15,0.01353056922687701,0.011823933061661185,0.04403286281963403,0.005799174425682008,0.003848988324738789,0.006186524342475019,0.0062310175213571295,0.0010207253519964876,-0.005213123550293464,0.023845467693331512
2024-08-16,0.005918452678374431,-0.006080399761040578,-0.002984395462729106,0.010291255416669642,0.0018860016126283075,-0.00471661926562994,0.011439363414555315,0.007720149349849548,-0.00017867433997664772,-0.006249156106458931
2024-08-19,-0.0007078256491040991,0.007312383790385901,0.006551472258579993,0.022766407369975594,0.0015056368164880762,0.0030465107896915367,0.006916908301085156,-0.0028909982312945726,0.0031567604111990555,0.0034062722801251333
2024-08-20,0.0027447672069089712,0.007757411317865115,0.003703308593809629,0.003059882247073764,0.0033201685315846774,-0.033324944236141296,-0.004316479016554298,0.0057987606694280824,0.011815732067730567,-0.003917202282053278
2024-08-21,-0.0004856757880641327,-0.0015536262167613613,0.006876093995775934,-0.007955411800056877,0.007929511953709723,-0.006371180271990351,0.0003728161165668098,0.0027384613987975204,-0.0014670075918091774,-0.000961261437416594
2024-08-22,-0.008259753392300673,-0.02025271521605776,-0.022097583221652117,-0.012360492483852625,0.005699039455696608,0.00772957827105758,0.009459480285006538,-0.003449564625945145,-5.886873039739893e-05,-0.0017783575013872177
2024-08-23,0.010288243072109626,0.002983942184119126,0.005166572293719973,0.011111029754264257,0.010963942407644645,0.013858509932809238,0.007755157762314058,0.006634862436610822,-0.005759536988160896,0.017671357070502713
2024-08-26,0.0014986877841087765,-0.007917718208844016,-0.00869856159361615,0.0032604154481190584,0.0029247036405593008,0.02140655635715838,0.003939397845825532,0.015044963302512482,0.006975262194690135,0.007893053732055177
2024-08-27,0.003741654057004329,0.0008464010668949307,-0.013561281383547064,-0.008907067446297656,-0.002570931161736123,-0.009510897754873016,0.004608193633944602,0.009316919220272224,-0.006457276686123725,-0.00011383835221212557
2024-08-28,-0.0067535981638753295,-0.007828887909279936,-0.013401063602498708,-0.01111234880442713,0.005952530836267789,-0.009857362528836289,0.005041493351942927,0.0034963775297180977,-0.0011226166044492336,-0.008316312799622527
2024-08-29,0.014570272628309677,0.0061372660828089565,0.007728290643119529,-0.006570561922409568,0.0018911487958923612,0.013817353764541629,0.0041573694494672075,0.004181394695568663,0.0057376091894720815,0.009879431161944341
2024-08-30,-0.0034379069042265176,0.009730832455291827,0.037067191865004956,0.009890139865968761,0.009925185854468,-0.001608333999823519,0.011655636455537133,0.005829061273564307,0.008880725158032288,0.012683299307023166
2024-09-03,-0.027205145729960356,-0.0184591495657751,-0.012605042016806678,-0.036846712915835966,0.007838014811527794,-0.020942846086568823,-0.020017753006871253,0.0074515998666029315,0.017372086931785713,-0.04453789026959232
2024-09-04,-0.008618830572081015,-0.0013188492669852225,-0.016567365497562103,-0.005782876116333657,0.0011964409764255723,-0.012210963304816747,-0.004403039097307104,-0.006163736854777668,0.00790736217322574,-0.010257656790659597
2024-09-05,0.00692777741232975,-0.001247191133668113,0.026308183871355473,0.005049606600873169,-0.01416104571813348,-0.007802997311231796,-0.007750957923288393,-0.019156423818168622,-0.002444448737394911,-0.009472808334421656
2024-09-06,-0.007014986527561939,-0.016381396086042277,-0.03653943460735232,-0.04019340052915932,-0.0036970521408017376,-0.004683110209060315,-0.02375597479277447,-0.00042161510353277976,0.0006838540328206744,-0.012591407549668143
2024-09-09,0.00040754709835377767,0.010007395283486709,0.023396899008788496,-0.013335998638004831,0.013565858215140336,0.021040556259831922,0.020474476633740357,0.009980238387924611,0.0026765902498300242,0.0142094008570961
2024-09-10,-0.0036214743687436046,0.020901243933184155,0.023660258265018275,-0.0003363237960702925,0.004621763897062037,-0.03643176741955645,-0.05188879292510351,-0.004175350328435745,0.009826170936333867,0.00035929906623444197
2024-09-11,0.011585231192673406,0.021342255297447377,0.027680318219044597,0.016816889155439885,-0.015294563090731073,-0.009925982497528407,0.008124143019012653,-0.006568718975657251,-0.021767254341983122,0.002513722082534642
2024-09-12,0.0004940735682170683,0.009360905112523632,0.013440254011034769,0.023352785776435958,-0.001092162211809855,0.013762442371669348,-0.003040109760982901,0.002110403995192245,-0.0025873772252837934,0.013671568804583645
2024-09-13,-0.0012121459717728822,0.008407514227615875,-0.0027272433520636463,0.017906710469862475,0.005344897410835658,-0.0007193395678033454,-0.011035657962096823,0.009399787352158073,0.003516530935455009,0.01687380258923965
2024-09-16,-0.02777528275584562,0.001741698583675344,-0.00857958097692424,0.003810540470059909,0.008881137428569108,0.01403511042612382,0.01732569579778609,0.009662543235826604,0.018152535287011107,0.00767431413761388
2024-09-17,0.002172654697356835,0.00883301634413236,0.010763186217390919,0.007971729133559702,0.00047904442203594577,0.01304232939868033,0.006687123533288153,-0.004160794473037632,-0.007673159932233942,0.01646733595567773
2024-09-18,0.017989925709678722,-0.009973637758267317,-0.0024080275860086653,0.0030754544651920845,-0.005506612895349816,0.0035032061286994765,-0.008219851956497548,-0.00069632593683433,-0.011144066811109354,0.00404313026030545
2024-09-19,0.03706544266431733,0.018291210148319248,0.01845197970580159,0.014579858094967202,-0.008004726878089952,0.012393135927023735,0.014214912200390506,-0.015749228466646614,-0.0136844309098888,0.051222028979890366
2024-09-20,-0.002927465514640404,-0.007796045798850848,0.009111555436973173,0.00894296376861825,-0.004004367870884651,-0.006293118265740416,0.0028980611303255355,0.014443358010895357,0.01562314287940647,-0.012027411793855025
2024-09-23,-0.007581022927789394,-0.004043347413963727,0.011899784481557374,-0.010636322624043015,-0.005726075715188239,0.018131257100352238,0.0016580070472078656,0.001256611624278925,-0.002582921896424062,0.0063716237149447075
2024-09-24,0.003974067552902971,-0.010011297102665795,0.0004126358007008335,0.0027184555923598364,-0.0026958457873690334,-0.002641329916327373,0.0007095701430690493,-0.005576490189990402,-0.0030500353149789383,0.03976603377150667
2024-09-25,-0.004398091960473027,0.006850339719663534,-0.007372694808574054,-0.004929384224380828,-0.013392289655969614,-0.019478912103573776,-0.006616656251587472,0.0016822385983699117,-0.005656713794173096,-0.019899940241660974
2024-09-26,0.005080067221722384,-0.001851358039684281,-0.007115748848874226,0.007678414326472538,0.0049189714032391585,-0.017164659795751325,-0.0019505164159577815,-0.0006999613764095969,0.005514815011837371,0.03360214731427358
2024-09-27,0.0011867047446432188,-0.00762799768055944,-0.016687603998192024,0.0074971362483347015,6.207004699154695e-05,0.02677295688248993,0.0034320689178719554,0.005462197569378713,0.0019628522471826226,0.00030682859642516824
2024-09-30,0.022872009194074838,0.0053268077943862124,-0.008724793206352333,0.011588937673844502,0.004089020202198812,0.01208767368228525,0.001710240588597145,0.0009749251965267547,-0.0020166330468363025,0.00010237813203106683
2024-10-01,-0.02914159893673085,-0.022333118212689018,-0.006440170323887107,0.006873703680762011,-0.00043170505198752984,0.02311888245347493,-0.018116284356887613,-0.002087234155820239,-0.0009236938156774732,0.003247133905685873
2024-10-02,0.0025197433242130085,-0.008462424446578964,-0.0019986515757440815,-0.006766821809018109,-0.005062183965990896,0.013257692540704857,0.00120746810150818,-0.009761358325315439,-0.0064727653938049245,0.004230362311862468
2024-10-03,-0.004894631936951388,-0.0014143313670020863,-0.015154729791167942,0.0,-0.00415711016302156,0.008723038957316298,-0.009937728121522937,-0.006900679903322771,-0.010469909408417521,-0.007511736343849051
2024-10-04,0.005007402516726156,-0.0011522620905994874,0.02500542770436165,0.007234923839520402,-0.0013085019874190529,0.018355409480850238,0.035493671376414904,-0.0049630960639592825,-0.007288754487666638,0.015341690267687946
2024-10-07,-0.022530780745006584,-0.015670904607620217,-0.03061493551686778,-0.024422361913274515,-0.004741297505219122,0.004325762628267338,-0.0013729854873989478,-0.016531079235870494,-0.010421782418793435,0.002921430786620327
2024-10-08,0.01840390991289742,0.01262392262424683,0.010619458719785868,0.008590089089314912,0.0010028913250401672,-0.026561318066020467,-0.0008534238057967825,0.0024633865132115407,0.006223116926043604,-0.02583810389876018
2024-10-09,0.016698520193283883,0.006631166842285596,0.013408477078997505,-0.015330470255491058,0.006011720727589154,0.0004096645876154881,0.012669070281977834,0.005637363613198998,0.006600845284380652,0.021213542675333263
2024-10-10,-0.0021783237067388717,-0.0038806846957396557,0.007992632403596822,0.0013593337215518364,-0.0008715866348734114,0.008600161627459357,-0.002717738801036207,-0.004599726605558296,-0.001890469417732521,0.0011359512952591189
2024-10-11,-0.006505408096193377,0.0011543506048659058,0.011626110360002606,0.007156848087682688,0.005918698381644605,0.0038167500543604405,0.04439960161190659,0.004620981858757922,0.012666304887535729,0.013563742032600912
2024-10-14,0.016479933229557542,0.006773637217992734,-0.006779016992029097,0.010536742761862783,0.0008671149126293631,0.0038023686294879067,-0.0036438968140786177,0.011067886804833282,0.00829989685254362,-0.020073576816440286
2024-10-15,0.01102455181353923,-0.0009544342362034497,0.0007998782160802964,0.0030309986637913067,0.015470170657278848,-0.030061222978382318,0.0041087394623648965,0.0,0.006144624979496971,-0.01512891736851163
2024-10-16,-0.008851753103872317,-0.006256781412626422,-0.004262363692000948,-0.0018132893001081563,0.0010970520924911131,0.002575775035907446,0.005620714540921723,0.003269880839015915,-0.006855965708944534,0.014510777430682298
2024-10-17,0.0015962815732715185,0.0014418557235633678,0.0034244710350397334,-0.01350183108769254,0.0011565353074500795,-0.0025691574642477955,0.0034878529667770053,-0.009494240189741654,-0.0005801715850456413,0.0022102891367157262
2024-10-18,0.012276553423913095,0.0034556644950056725,0.007785456851548744,0.0030073121567963934,0.0039519821451838855,-0.002824985098433652,0.004233068763601633,0.007725517084391287,4.085058966940558e-05,-0.0015971692290516204
2024-10-21,0.006297833056365665,0.0014826957536875351,0.00042331249658356107,0.003977524248859332,-0.01386839391938599,0.0005830701559736973,-0.010516045715499023,-0.014054563261417408,-0.010158855564665337,-0.005019558759469134
2024-10-22,-0.002621786637404089,0.020846258529336303,0.003332044214411578,0.006521578798799332,0.0038074186390664178,0.005163268494202011,0.005022468696469717,0.0,0.0009437848359443723,-0.005173230837187459
2024-10-23,-0.021622949868696506,-0.006806879501463303,-0.026304640562205495,-0.014290981401899105,0.014744561421813351,-0.0035625906090231974,-0.0031679457590825244,-0.020734477232018822,-0.0007071240364432407,-0.007027624359039919
2024-10-24,-0.000823286853178895,0.0003061349115640599,0.009041189476714617,-0.0003684777388409666,-0.013203801720809039,-0.0056539305559139,0.007027379596697525,-0.010439463833628038,0.00023584333393733559,0.0034478997150924062
2024-10-25,0.0036430357070704744,0.008052140507378569,0.007779788122410869,0.01567107817014035,-0.017046530090864986,-0.000836114581217906,-0.01186761053294072,-0.0056463599735021575,-0.008253703061323225,-0.002816015414284223
2024-10-28,0.008599371082343543,-0.0036435207668470415,0.002981406341556969,0.00877359495976826,0.004475339852253235,-0.004937758727079022,0.01434914608658655,-0.003735879894810945,0.006420298105052291,0.012021505793126996
2024-10-29,0.001156874226483584,0.012564786466229938,0.012951868195294036,0.017754254487932997,-0.00934403227177416,-0.0136249255691413,-0.011529860013578808,-0.016649131978819787,-0.01258145936984889,-0.007936079843542942
2024-10-30,-0.015277909906239895,0.0013426689800917213,0.009956473710912794,0.028170618869066466,0.0032481454794330844,-0.005030529877105283,0.006774402581805061,0.005491127989596167,-0.006041518017478764,-0.02134150338480878
2024-10-31,-0.01820942684854887,-0.060527442667922426,-0.032843885079535395,-0.01920203897885231,-0.004669578799840757,0.0007710797110664913,-0.011095804825944522,-0.009253632416163948,-0.005898150242109157,-0.00801588729383862
2024-11-01,-0.013279682723741582,0.00989287578471898,0.06185621865256041,0.001051887460875145,0.0016888226888576163,-0.01567048545991323,0.004596290196710262,-0.004593374432528385,-0.000484154387771496,0.009117431261979947
2024-11-04,-0.0040375356191276746,-0.004654369169362127,-0.01086239567545566,-0.01196794347919794,-0.011802728469481938,0.0318400585084575,-0.01417420030576877,0.001538108051843956,-0.00012121844514167979,-0.008192295298321661
2024-11-05,0.006486217739428035,0.0073446280178504075,0.0190009257528736,0.0029543461871286425,0.0006950452149094843,0.0029508524908321565,0.007780516761147105,0.00399333352261233,0.004119114179505834,0.018193044442665673
2024-11-06,-0.0032669283786925796,0.02119268156480869,0.03804509442551707,0.039884522804357836,-0.0029680348427026937,0.017148575673794575,0.11544540462589037,-0.025546897874057728,-0.028414546521586592,0.08740891728693345
2024-11-07,0.02137210678805812,0.012494757860080252,0.01429333510169939,0.024021271429527147,-0.00728415989883735,0.0012397575229055047,-0.04322827659439599,-0.0006279965336806193,0.014653839416673753,-0.02079733121401517
2024-11-08,-0.0011881973656511224,-0.006793103939828682,-0.008902691496347037,-0.013278007875730302,-0.008039145364122868,-0.00033021933167998174,0.002538063260645096,0.004084164605729246,0.02631416252833385,-0.03635373001156417
2024-11-11,-0.012028655940682698,-0.010720899698523634,-0.006436720074140423,0.0112141057821733,-0.002766003334461864,-0.005284387070959351,0.009747779148677749,-0.008760939254593758,-0.010017204809403935,0.008058511063962381
2024-11-12,0.0,0.012009349709882988,0.01000777103494599,0.0070416521031679835,-0.01547985823758824,-0.000996115632065142,0.001128318435039244,-0.002525276178546587,-0.0011444498617556587,-0.00890199015576243
2024-11-13,0.003969224708879171,0.005129547196830009,0.024843245179395845,-0.01508643685943456,0.003930970494830266,0.009306125584680025,0.006678964241052077,-0.0031644439188066587,0.0044623669409105116,-0.015114221284482365
2024-11-14,0.013770445194280612,0.0039747205994309365,-0.012237320417028852,-0.018448056733667784,-0.00894027100706385,0.000664021669195991,0.0029439722616817487,-0.00714295125420461,0.0030014218981542218,0.0007492592760793837
2024-11-15,-0.014109312315692124,-0.02785270903901138,-0.04194247823144048,-0.017598868349315455,0.014024979451855213,-0.010368220984453558,0.01422256139392597,-0.012949645453315117,0.014723404336872914,-0.008493320492681256
2024-11-18,0.013422412497527736,0.0018314336918336949,-0.004491405455644193,0.016290839605426877,0.0050002086759444175,0.008381464364045632,-0.001141407491106472,0.0019437340087009591,0.007137030494430263,0.0010154446922261418
2024-11-19,0.0011401035690044026,0.00488256052854652,0.014427385751801136,0.01608664150887873,-0.011436436659313265,-0.01396389214243221,-0.00791739711949957,0.011800735367091475,5.8509943033469014e-05,-0.005540326770728243
2024-11-20,0.003154131893945644,-0.005505230320588472,-0.008455088814713463,-0.012014408082264838,0.0007190590132277741,0.014245907130467694,-0.009502640702290899,0.0063908892429096475,0.000761241080802888,-0.002170809593202927
2024-11-21,-0.0020960313209054116,-0.004316711024547559,-0.022180598835253806,-0.04744849111218852,0.015609662342676245,0.013381040355983753,0.016529683380209548,0.01222411300363957,0.010884428182926564,0.021205659406695387
2024-11-22,0.005907449333256487,0.010003131564683798,-0.006351495788949668,-0.017120966753467304,-0.0021221863559774956,-0.0011480873593037177,0.01548455986123054,0.0025093708334380516,0.020434072153325156,0.020277788777967043
2024-11-25,0.013050933317994895,0.004292561539649631,0.021966324768223133,0.01754055013789335,0.003931125052911932,-0.014943936215053966,0.00700046064446358,0.007196414120185901,0.006296676951626612,0.02052887996497832
2024-11-26,0.009404343649852542,0.02196810579541042,0.03181932866326287,0.008768209741637056,-0.00012933088705557871,-0.0166707782061859,-0.0012784387590709656,0.002640795121125139,0.010823605226912836,0.005374080786239688
2024-11-27,-0.0005529462352551473,-0.01168250377688751,-0.010199148999145757,0.000650490069448173,0.005694896655165316,-0.0026277964080211325,-0.0007201371617580055,-0.0018592430795237869,0.0002788517095537735,-0.010126857402521838
2024-11-29,0.010215751345054924,0.0011111080287555808,0.010450052683389277,-0.0016545680424093767,-0.002509581676360062,0.002549693786708662,-0.0002802657070738457,0.002111345137962406,-0.0005574586811090132,0.005969736954967164
2024-12-02,0.00952247106859283,0.017758434939384893,0.01356490130596999,0.015034041027379708,-0.0013546261776431479,-0.0009325010456826544,-0.013895393867573436,-0.006710345667949702,0.00245454356270014,-0.008864435579309604
2024-12-03,0.012771881913739014,0.0005105044256614732,0.012956175029913197,-0.0008746753546786667,-0.015762342140075658,-0.0015273906963371164,-0.005807183786039949,-0.0020424726261398796,-0.023817650628424558,-0.008074293973557078
2024-12-04,0.001483607037725987,0.01442482903605291,0.022113948494724367,0.01768403531734375,-0.012404832191679649,-0.02880935109865146,-0.005800244178680303,-0.020623476648321204,-0.00176716452783654,0.0006259931659875484
2024-12-05,0.00012347709736793,0.01188782249852749,0.010955259211262947,-0.009921252256361202,-0.00631345046246079,0.004375151206216454,0.00854560070047694,0.011412959026593006,0.005254008508414287,-0.01133884269409502
2024-12-06,-0.0008228473424518601,0.0021464055660036507,0.029381072944344444,0.011990434123771099,-0.0014045771263636597,-0.010541837779006635,0.007658511685917357,-0.006198319271602082,-0.012554666425094396,0.00012649217164972804
2024-12-09,0.01610101046381973,0.005523270324049534,-0.004140432746599365,0.0049278104120640265,0.001942316428787283,-0.00589936688034165,-0.014351488583858707,0.0011194037450255045,-0.017431972045030997,0.01070826341507436
2024-12-10,0.004133842035380919,-0.006031084817080479,-0.004644181824783655,0.05588188706893682,-0.002473382520388534,-0.0020372702665898412,-0.003896481098064175,0.004952152398254306,0.008724284032652463,-0.027225511481459352
2024-12-11,-0.005166048550183877,0.012767049084456916,0.02319588240507131,0.05524655935992029,-0.017355861324441113,-0.006656611657241629,0.002758670861381818,-0.004291908754996632,-0.009577417824738421,0.001235827704432424
2024-12-12,0.005963710615935813,0.001269462064590332,-0.0056023335225717785,-0.017604880057177863,-0.0027277029046197665,-0.0008935102008426066,-0.008212492642098113,0.019157124636465683,0.00128924999148472,-0.02080392514549534
2024-12-13,0.0006855083085290925,-0.0050938027506315375,-0.006594726378065796,-0.011148051010781312,0.0025984924199131676,-0.008764087521729413,-0.006583071977249388,-0.011278154241292526,0.0012293016867335194,-0.0007090050682974081
2024-12-16,0.011727845366049428,0.009658653563022757,0.024048121869595374,0.03603396930977465,-0.01889242725016549,-0.021382130402269217,-0.0015003492033131005,-0.009030474169722913,0.0004676056280024099,-0.00417849657999414
2024-12-17,0.009719464106047404,0.006355212477715089,-0.007641775792155969,-0.006305268692253008,0.01779650478697503,-0.004240800366081765,-0.005092098125426103,0.013589141055958542,-0.004732902225823343,-0.008234049177273661
2024-12-18,-0.02142179102508235,-0.037560993441939416,-0.04598741035997567,-0.03592269031220818,-0.011338138384563212,-0.014720843602475275,-0.033520840535076424,-0.008675097725808434,-0.007338732403501136,-0.031692230624665196
2024-12-19,0.007014671328586575,-0.0008230513686988683,0.012561168873593376,0.0005839047137847775,-0.008082782668911048,-0.008550977633905665,0.011242832645312006,-0.006364223875090946,0.0006506291150800703,-0.009673311397408013
2024-12-20,0.018815945349621277,-0.0009839107105092948,0.00729994595290151,0.015383810477430426,0.006198472951060907,0.003411903293951468,0.019917447724093762,0.0016011510698938913,-0.006679019730361779,0.01573383722480992
2024-12-23,0.00306491959873445,-0.00309206266848161,0.0006224408269079884,0.016822654581893692,0.0055375680529627935,0.004061614607274722,0.0033250285216706033,-0.0027178282111917085,0.0002975181385558301,-0.0017756854725784477
2024-12-24,0.011478016014876635,0.009373848887809233,0.017728630305015924,0.007604068911362338,0.003992556247353951,0.0009407493794637567,0.016443563896469504,0.007374135085932432,0.0049371607249626415,0.005966130991816865
2024-12-26,0.0031756925937183045,-0.0027769364700223065,-0.00873171784917226,-0.002600527285474663,-0.0018512484125497997,0.0008458410117244686,0.003425399281541175,-0.004296563313003543,0.007221610109818144,-0.001224425490910841
2024-12-27,-0.01324213869551405,-0.01730155900742336,-0.014534256804240364,-0.014519415616164544,-0.0036405545456252852,-9.394472783019747e-05,-0.008102303286346757,-0.0019177601406233924,-0.003702577050458067,-0.00615595110081224
2024-12-30,-0.013263393440257176,-0.013239506041078708,-0.010949707031249978,-0.007885523128682292,-0.011789091837074772,-0.006761719858958237,-0.007670942979625561,-0.006725535495017865,-0.014392766897996068,-0.005070245719924649
2024-12-31,-0.007057860045971309,-0.007838417447663781,-0.008630834323407832,-0.010144304026104778,0.008929911476270647,0.017114162582914982,0.0016296330535727765,0.003707935815427721,0.003351682193952321,-0.0006887621188046422
2025-01-02,-0.02623592067791336,-0.006927654396926219,0.003783225458606987,0.0006866262561375791,-0.004148922754459883,-0.002417070846966074,0.001209803502358442,-0.006745996715821101,-0.009961197494353868,-0.008242574937966984
2025-01-03,-0.0020095092420736593,0.01139567952579168,0.018027432561515733,0.012458565712308634,0.001180550733044461,0.005125310942950767,0.013666685762033559,-0.0014552830449260368,-0.00512099778864028,0.011174020674823204
2025-01-06,0.00673906926788681,0.010629484417451707,0.015254909370185699,0.026487223125055914,-0.00367598003160452,-0.0011125718313013122,-0.004875382320356891,-0.015222662880024385,-0.027432955110009538,0.0011269698518858728
2025-01-07,-0.01138771423809648,-0.012808270090346574,-0.02416414035082548,-0.007009643606654015,0.017889661256038414,0.009374390128940924,0.009632407365521622,0.0004933326465856869,0.004358633131214429,-0.0032948626039469575
2025-01-08,0.0020229253032912897,0.0051851303253651615,9.006470850447812e-05,-0.007877638580523483,-0.027080577794382887,-0.016735543038297163,-0.00016434997000713825,0.014299788536737745,0.0049595925125895945,-0.005316889133880398
2025-01-10,-0.024103789970141398,-0.013213802636010796,-0.014360970473526025,-0.009847950067783273,-0.0014762654206534886,-0.0036472689413293846,-0.013408622562247952,-0.01037102407639301,-0.021838428127022302,-0.027889198338227117
2025-01-13,-0.01034410835976085,-0.004200864938588067,-0.0021923619356289947,-0.005363519156099006,0.016964712337267374,0.025811917014705976,0.018093221547090144,0.00949730995246556,0.0017659450784921482,0.032763413735131364
2025-01-14,-0.004778134860750183,-0.0036433921244166667,-0.003204303696411004,-0.00706762217511514,0.0019381598245553633,0.003934514920049814,0.013349131808143122,0.006325940545816255,0.005666080164758114,0.02502068462919893
2025-01-15,0.01967588958356803,0.025597153374094628,0.02567051679689558,0.03105546611383625,0.001519956834412195,0.01631419626146613,0.019719578140438898,-0.004352031164912895,-0.0005633855895768036,0.00893510891931415
2025-01-16,-0.040400176086877626,-0.004058149938517497,-0.012043887924316987,-0.013500303122455537,0.019314419649932413,-0.0017039473594353538,0.00760848538352521,0.007770841641985049,0.005324141859448295,0.015097840531340445
2025-01-17,0.007535313350886419,0.010481087822148405,0.023928209424767477,0.01601783211673391,-0.005008026055250303,0.008983189814774306,0.019231537366742657,0.007389470412230148,0.0039253240761523145,0.014373766917125108
2025-01-21,-0.03191592361417239,-0.001235457641508897,0.021111818274402117,0.010459284450089923,0.007617655137807766,-0.007567611237676131,0.014932738010379643,-0.0046244996878880285,0.003661466613672504,0.035750449143387764
2025-01-22,0.005344901031182792,0.04130696909127907,0.018638063663626525,0.0016156333769210551,-0.01943979960031683,-0.017403858517385462,-0.0007222865569702641,-0.010253058871948051,0.018674271835961598,-0.001882597479377357
2025-01-23,-0.0007594096404751616,0.0011428637075165948,0.0017446222360446573,-0.0019659277845327505,0.009430562992351676,0.005660570682482824,0.011832312704097125,-0.004046578979730264,0.008558940081976996,0.022107064340151528
2025-01-24,-0.0039345742628749125,-0.005932249845346238,-0.002421170970448583,0.011263771170026526,0.0012276614837853916,-0.013526978853916183,-0.004173816730878133,0.0063383427337477816,-0.0061946268201082955,0.0030266845685009702
2025-01-27,0.03178021786229257,-0.021393408400510627,0.0024270472668350695,-0.041956100406457475,0.041343187923758684,0.013896604306420146,0.0038138764647384082,0.03149223445385174,0.0337557766668668,-0.0310331658684998
2025-01-28,0.036543948713529284,0.029086987383177387,0.011596277923594078,0.018195155240940286,-0.016417058898530956,-0.01933389505423677,0.004852280725700098,-0.02364175701389737,-0.02045258830720842,-0.011873958216957248
2025-01-29,0.0046169382997376385,-0.010890100380802403,-0.004534900692607535,0.0005632751955106929,0.005120417085552553,0.005831233887814591,-0.0020964446953393168,0.007536814212832477,0.00024063192068135564,0.007532770131997157
2025-01-30,-0.007394763532510895,-0.061809126158054895,-0.010250170242948609,0.027941151883535076,0.011379273526189282,0.008281944773215866,0.006189548691961644,0.019417613481607532,0.007098609217881746,-0.04641041789648048
2025-01-31,-0.006692219313426562,0.000168837394186383,0.012955989149507907,0.015681958806222918,-0.0047097910211606475,-0.025006749030443864,-0.0034670984362420443,-0.008899352225332002,-0.008482034220532286,-0.009440554633826759
2025-02-03,-0.03385603892478206,-0.009974604268134568,-0.0010938846972727845,-0.013675251844178393,-0.001840328077930442,0.0024336634795600887,-0.0018331000247032714,-0.002047942518680901,0.016687551991612537,-0.026626052930397548
2025-02-04,0.021008018792029626,0.0035287007810229643,0.019543422733693472,0.025592707650813562,0.010667094111232123,0.026799922600474257,0.004235198284283204,-0.010733901676073576,-0.003732920640994508,0.0011062760206770328
2025-02-05,-0.0014175532806103286,0.0022310715920577096,-0.024332807771026532,-0.07292374115220146,0.007818115839262285,-0.0007275493789511422,0.00929299842487974,0.007180426382864535,0.00523404755554191,-0.008564765402627295
2025-02-06,0.0032262914380709606,0.006121676654401886,0.011263088803542765,0.0014111922141120115,-0.007628158813965835,-0.013196178212167675,0.023924933160411888,0.0038022252702458736,-0.0007691695670984933,0.018392194962891573
2025-02-07,-0.023968881843516976,-0.014597819208847396,-0.04053095448794497,-0.032672259984487195,-0.002540478880320718,0.004242364830068013,-0.003972652471149085,0.0075757718512432515,-0.0053886141991199565,-0.004296050084583558
2025-02-10,0.0011874586502707007,0.006028211790018778,0.017412199866636113,0.006096829772656243,0.0073143666759709625,0.0191017949172112,-0.0172587106723886,0.01112168118146517,-0.002619469663738827,-0.0018138379604520916
2025-02-11,0.021831626277596605,-0.0018922390109118448,-0.0016299428832774465,-0.006167229264393281,0.012253529214137693,0.006308043969646793,0.014573467289369368,0.0472500268812166,0.011341204940450877,-0.002725615424384209
2025-02-12,0.01827027030591455,-0.005833231074290346,-0.01645472556041938,-0.009227179154750909,-0.005572216134974828,-0.030086641631613786,0.0016727528693731841,0.016420230549192727,0.0008853251301594867,-0.02813127729367615
2025-02-13,0.019673264744716867,0.0036671419446496767,0.006290143220533118,0.013779160022926229,0.012817298678135192,0.007265897522965137,0.003158528111516734,0.011497621633118182,0.008491547115234921,0.004715420791498337
2025-02-14,0.012710570000191712,-0.00513958064542086,-0.007336035409240549,-0.0048888857758879745,-0.0069953637590165485,0.001017145996931923,0.0009771543653549486,-0.009064842986076127,-0.04753820444705148,-0.0010744627817786956
2025-02-18,-0.0005315489276804808,0.0029626064404351116,-0.008877028355405603,-0.00788206114594725,0.0005166737250230646,0.017553722643210756,0.01214788089922303,0.002613696974109736,0.015593253787014705,0.0019247401042747914
2025-02-19,0.0016362795002315966,0.012523110327872233,-8.81933122002243e-05,0.008162443594930568,0.01871074343156165,0.001452681975685044,-0.0025004475915754165,0.014771685892167374,0.006407628936806464,-0.002825026520809293
2025-02-20,0.003920392411341123,0.005290711430345985,-0.016546793977871843,-0.0038322626526803294,0.011336910427158342,0.015412554826042424,-0.044583886577823306,-0.0004280234495055435,0.004324621197783873,-0.010906426176408246
2025-02-21,-0.0011389591287577217,-0.01903264378793723,-0.028266344731418536,-0.026549647803161935,0.016407839449249062,-0.011696390556059089,-0.009595171335947672,0.018703701851744192,0.01806102403888743,-0.026092026954936287
2025-02-24,0.006312366928012514,-0.01031322121318956,-0.017868663239768212,-0.002281990858376548,0.008872485178345713,0.0052397881374210975,-0.010974665327237565,-0.010651745172478022,0.0018209424365684956,-0.003293608509080781
2025-02-25,-0.00024284817705577666,-0.01509904951461194,0.000423094048469963,-0.021366919815178242,0.01435200888915511,-0.013840123082977995,-0.015076181015238777,0.012749605686948051,0.012372573725443425,0.010149780129634411
2025-02-26,-0.027040125258632197,0.004599281687047263,0.007283848822975836,-0.01533464217346625,-0.01812253407573383,-0.0024605692029388004,0.005400161152164573,-0.009651557691067958,-0.007819228557102376,0.0006427382864213627
2025-02-27,-0.012730832290805183,-0.01801237816141199,-0.02617215045770649,-0.024488924949736757,0.003985510400495329,0.006303526974463125,0.0010045250100301217,0.0009887608415179994,0.0039113017138734385,-0.007531143401828366
2025-02-28,0.019131860379158372,0.011362229415723846,0.016958863624484843,0.010563620676754093,0.007878875345941116,0.010712647594726787,0.02161752124212013,0.004797407659027808,0.010873960699760765,0.01161771675546408
2025-03-03,-0.015754294880166442,-0.02141108002082004,-0.03420008737791658,-0.01920364880947445,0.013695445576581644,-0.03206671342521206,-0.015227664970578147,0.015587467789014653,0.010066678505976645,-0.03462731904237559
2025-03-04,-0.008822337970794791,0.00030882068179982625,-0.005950644792113935,0.023411838125252826,-0.011119118037007714,-0.0020415716784092375,-0.03978973648471218,-0.029452224784791037,-0.013725176905009073,-0.01593172108844998
2025-03-05,-0.0008053630534643474,0.03193439701491996,0.022374865016246748,0.0122864058022778,-0.001813614514942774,-0.01952769739180027,0.005114930765363512,-0.001567189448709927,0.008257413105434042,0.03592956530920688
2025-03-06,-0.0017392346586670993,-0.01029870731484639,-0.03676331176651404,-0.00387247653393763,0.004299959093499783,0.02067526556816235,-0.01983862727172614,0.005422332226401094,0.0002862624900352717,0.007444897437936859
2025-03-07,0.01589268341967287,-0.009020086125881344,-0.007224698407026442,0.008761406417229445,0.005186066299272651,0.013008788628631196,-0.01727919384466048,0.01376688764614209,0.007385754640206965,0.02724238707984794
2025-03-10,-0.04847965168299462,-0.03343424153325092,-0.02363867861413893,-0.04485779961596437,0.006058971516389455,0.025499888206011345,-0.04152213208963518,0.0002799159316180244,0.0017619259213301763,-0.014530351260967245
2025-03-11,-0.02918932463623347,0.0007629062358160965,0.010537694677220655,-0.0110327257552284,-0.010972002379382007,-0.023613571450348037,-0.013263318157149873,-0.005738341817395964,-0.01781461253802319,-0.015758495494976876
2025-03-12,-0.017478623870416543,0.007412232220403547,0.011699491808345286,0.01871498429716234,-0.018147761915834892,-0.0002748322711604301,-0.005411535653176536,-0.015484042574646528,-0.027437639117863455,-0.004826665494350291
2025-03-13,-0.03364377414854525,-0.01174111429945024,-0.025139524437347016,-0.026030856404063885,0.000859852223977775,-0.004215204776115922,-0.011891152811499328,-0.004575547287464676,0.0013067650278451026,-0.014254867823282447
2025-03-14,0.018170562751941066,0.025846867436050136,0.02093969555611075,0.016773200005459676,-0.0011044500860565298,0.02972309134304507,0.03219516029893543,0.000723242375829436,-0.0036776893516347053,0.018991310855016597
2025-03-17,0.0023889651065525097,0.0003603184031335527,-0.011164392468548168,-0.00725113186683779,0.000184181654073301,0.016621940285239445,0.00641008861506176,0.013881107472505594,0.010656748007378258,0.00883295011225993
2025-03-18,-0.006121500615978048,-0.013326503254303845,-0.014917738259935365,-0.022034355095912672,0.008658818414734926,-0.0010548766323733583,0.004445847738435038,-0.010553436512273917,-0.012075922080108548,-0.01730694163701585
2025-03-19,0.01198932032463107,0.01121195594833524,0.014106347155876442,0.02004125290513925,-0.007671076059627691,0.015575511366091588,0.017619234457521005,-0.0014411973816330637,0.005127977886016488,0.00567263159768383
2025-03-20,-0.005296458501596435,-0.0025268825449781263,-0.003017266841301769,-0.006650904274691949,0.0001838814549164347,0.004245715784117587,-0.00041818018634665055,0.006206606161922146,-0.006050848233650985,-0.006998909601467873
2025-03-21,0.01947682645400195,0.01142578814293449,0.006463245885351521,0.007309680383465356,0.0037418802234503445,-0.0034511479262194777,0.01096182542290225,-0.014919085051343317,-0.005132969106922847,-0.001397955956952912
2025-03-24,0.011270501451997816,0.004651657731501446,0.03593082692897398,0.02250133808632304,-0.002077927836954707,0.0025973246964043906,0.026610964210453947,0.004077536007514926,-0.006239000339387402,0.01754131555936178
2025-03-25,0.013681841146429008,0.005291509711397913,0.012053587883713357,0.01717555386156433,-0.013901500807592115,0.006822012780218989,0.012376009521089637,-0.002030374019463266,-0.01690308272241936,0.0027803716360101927
2025-03-26,-0.00992184063628787,-0.013133835379717684,-0.022264360904062586,-0.03224671157882486,0.004347338397733935,0.014409530030246476,-0.0003981019570478139,0.017584607118837692,0.022904587816506172,-0.004407111452226831
2025-03-27,0.010472665543175275,0.0015641637465202418,0.0011435177345771042,-0.017084699409424475,0.00871868681863619,-0.003212904662107552,-0.011592330551083774,0.01028279172407065,0.012786490438098763,-0.005306226900875233
2025-03-28,-0.02658025247090645,-0.030160316854269675,-0.04290822091507429,-0.0487549217408384,0.0035554397774120172,-0.0013572510729150666,-0.021239599281249966,-0.005230415039934044,-0.004030488718215874,-0.02832292422402105
2025-03-31,0.019412557536875097,-0.009002007225752395,-0.01276466738421178,0.0020085960724516294,0.013010885024811625,0.010192846630985963,0.010088406269790129,0.0177633758094089,0.014223651908208401,0.0003335309464158609
2025-04-01,0.004771908676459935,0.018114443192124074,0.010038913682617112,0.015714070864654817,-0.07591659763584047,0.0009249128430812714,-0.0066856063980623714,0.0034905808375054193,0.0008214471570056059,0.0023346914624491344
2025-04-02,0.003136335832743198,-0.00013087027361180503,0.019982288465834053,-0.00019118133188422703,0.013768419960482836,-0.0031082927429630924,0.008864793128372295,-0.007513494342699212,-0.0062149034899037225,0.012372614405842697
2025-04-03,-0.0924561245087091,-0.02363005526383888,-0.08979129298487265,-0.04024434134071253,0.028707569468699567,-0.05258280323604614,-0.06968517257147977,0.025935535454193026,0.017050257080450493,-0.08635628425604047
2025-04-04,-0.07288731642094837,-0.03556599142691408,-0.041533565999713695,-0.03397034981879177,-0.04117133590122646,-0.07195589922366563,-0.07483825088766771,-0.044410882558941656,-0.05011906736701188,-0.05782304461589849
2025-04-07,-0.03673429969943298,-0.005502483949839543,0.024912248577988017,0.00789833694134301,-0.017097488811477657,-0.013417577477281006,0.019783110957341643,-0.02230799763584057,-0.02149610019663739,-0.027839517970519312
2025-04-08,-0.0498180927969345,-0.009221404474671901,-0.026246667744515673,-0.013969268944654334,-0.004116228364378416,-0.02108021230562529,0.011331779369826434,0.0007313014831968889,-0.011483481018761843,-0.021852375712367755
2025-04-09,0.1532883340493565,0.10133694520155268,0.11977031526306248,0.09682095154399573,0.006466655652821229,0.04991558973805854,0.08055519330102112,0.022361841948755234,0.02481225609568627,0.09881719991293925
2025-04-10,-0.042393787772871616,-0.023406431688183016,-0.051700704171933065,-0.03711165749115031,-0.01510249577461964,-0.05548202042205741,-0.030852562410791595,0.011579646028694768,0.0076391055932820695,-0.03936749147593899
2025-04-11,0.04059450740721626,0.018618046476506445,0.020141230945248445,0.028268469049581357,0.020445367451592977,0.032122431319382416,0.04002452102640186,0.00946865457382895,0.020481769577878728,0.014836082695103059
2025-04-14,0.022053996592583225,-0.0016475569000955481,-0.014875318183769082,0.012282122318133304,0.017333450047801735,0.002423894518914116,-0.006265860467577822,0.01427954195558434,0.013300656523571375,0.015914046813328087
2025-04-15,-0.0018763741147476143,-0.005363495758925474,-0.013891933050343641,-0.01735087629404153,-0.004794063140447058,-0.002804952626800694,-0.0067738314004128775,-0.008143356223140441,-0.0039023963395098393,-0.015731839874334463
2025-04-16,-0.038933304436288285,-0.036606028396360846,-0.029288905919567454,-0.019064653253079378,0.0018878227678922332,0.010572376192660826,-0.015098998768811711,-0.0025049566959817193,-0.012346350720391142,-0.011212228774550859
2025-04-17,0.013949571259215032,-0.010306523688899172,-0.009866352335440198,-0.014152569935755976,0.023130398046881995,0.026202124091773804,0.010234879027181565,0.018415262104681362,0.025482349493644918,0.014165300152101379
2025-04-21,-0.01939277790713312,-0.023546493943442104,-0.030647084568839134,-0.023088196108428494,-0.0034927064072084457,-0.014683867274354334,-0.012803965603164436,-0.0031507571829092473,-0.022544975003136014,-0.027659973483084355
2025-04-22,0.03406499428742693,0.021441256081480065,0.03502262189247651,0.025733148159330144,0.005289237888140841,0.028001965044886168,0.02882212978822407,0.015528441610742405,0.012850778723757506,0.022582073660343704
2025-04-23,0.024331638502555597,0.020636894150706908,0.042845673527805994,0.025615759461028453,-0.01502366919109377,-0.008587381438858066,0.02245429063809956,-0.008119145232709846,-0.012806899177733588,0.015798349867806483
2025-04-24,0.018426113288234847,0.0344824605846239,0.032890293365840595,0.02529768391470344,-0.0028962546145765433,0.011735096483703744,0.01560946592793977,-0.010641243839479841,-0.037410067136829595,0.037495284877020474
2025-04-25,0.004367282856598154,0.011748248743475909,0.013133978209558528,0.016825705696115856,-0.0022589594003286084,-0.0005523463750074509,-0.0044556387728142965,-0.008411363414001172,0.009339851885219685,-0.001335970696265787
2025-04-28,0.004109347264288132,-0.0017609840307353242,-0.006825802991833663,-0.008335367157243923,0.00498122778989174,0.0005526516301319617,-0.0013548833220777823,-0.001668700121391975,0.005154531845226407,0.00199045063733827
2025-04-29,0.00509184705173249,0.007362759844095734,-0.0016515586767922308,-0.002801937021521761,0.0036046442439516824,-0.0024854124093622865,0.005756012156142631,0.007800320254143012,0.0025333185720901596,0.0011072325707746078
2025-04-30,0.006107658696214546,0.0030961718464534993,-0.015849304820837684,-0.00849141722783786,0.0025655849013537235,-0.025193865234535262,0.0,0.0027646175261133443,0.001910636258540821,0.006083295137636613
2025-05-01,0.0038588909727230725,0.07625353781859867,0.031341496782804956,0.01574303434695623,-0.01183538959099284,0.0014200839128186704,0.009279811720926956,-0.01736749241485902,-0.015931652946203023,0.015164746678130392
2025-05-02,-0.037361736221225184,0.023225141366032043,-0.0011566836184704332,0.01692502028610754,0.010747055959241747,0.004064934092411487,0.022763061669261786,0.005049970479772625,0.003375226354583427,0.030959323529464067
2025-05-05,-0.03145853122308051,0.0020447741898392824,-0.01910722026349243,0.001097294777949065,-0.007173934415313998,-0.027680977295837073,0.00019808169542590015,0.0006976033036798501,-0.01052817320825239,-0.00176103994163479
2025-05-06,-0.0019106974531590826,-0.006557184078573308,-0.007190832051463758,-0.005968047629435036,-0.003419322003574754,0.013944045022484142,-0.013105820629578324,0.0002791333136518137,0.0026444160533320993,-0.006870549759715794
2025-05-07,-0.01138467211470473,9.23873006506426e-05,0.0199989855515319,-0.07259685274568162,0.018320637034958454,-0.0009549142383059595,0.0005617073093668878,0.00948127420252165,0.0002509531901293549,-0.001869868696019128
2025-05-08,0.006318430876231407,0.0111227163368115,0.01785806262143419,0.019157126899557397,-0.010425866361145286,0.013956516822212661,0.016359939469915652,-0.01698909715389274,-0.004017619304905962,0.012363866959445913
2025-05-09,0.005266073450536091,0.0012779505976792116,0.005102018524557161,-0.009917137556502365,-0.00925085766621958,0.01169046338719193,-0.0015386428749413206,-0.009133117637543764,-0.006240238412993704,0.0042250130149235066
2025-05-12,0.06314618136852768,0.024001128949223682,0.08070031092964336,0.03738155683250999,-0.0005188830257846222,0.017239774711931943,0.027540491979769488,-0.014038495388268624,0.020550567013887466,0.05199309423858667
2025-05-13,0.01015229570024756,-0.0002671160582230492,0.01308471882441209,0.006752250411736771,-0.03697924730985824,0.002748322711604745,0.011382638873950413,-0.008197728218246714,-0.013486616490094638,0.029163737502634346
2025-05-14,-0.0028178117705190964,0.008460592152937041,-0.005298742220089303,0.03660762896069003,-0.014012448212589845,-0.008953150997720871,0.009999540160886555,0.002899949563105686,-0.004472972560972566,-0.008169412523773345
2025-05-15,-0.0041445074093784395,0.002256121922437071,-0.024161720956264898,-0.008526289926654163,0.022205457033125597,0.010140474000419397,0.006964471068310107,0.0354252598637641,0.027781191677362038,0.00042902617510431895
2025-05-16,-0.0008985115224214857,0.00251580003751406,0.002047074000553817,0.013600752250026993,0.011496630614228343,-0.0035918242224057817,0.00026158552842048266,0.0054462438846989425,0.005356876636716468,0.010777244223330484
2025-05-19,-0.011739086232723905,0.010126112895276762,0.0027725440652368594,0.0021060515170900906,0.007665352103984668,-0.01589784536671579,-0.010016374312174392,-0.0009722921964113729,0.009125444128677662,-0.002856347460652997
2025-05-20,-0.009196290225973569,-0.0015253635089929052,-0.0101377391383638,-0.015371625693021196,0.007672624746873247,-0.014276472609457969,0.0030202369680827346,-0.0033365822215695173,0.005280053719082911,-0.008736030608277212
2025-05-21,-0.02305911477177236,-0.012222557472479911,-0.014455883280997672,0.027930221116080123,-0.0031238233051384956,-0.012291443847459282,-0.017464603577000748,0.002231834848188896,-0.00126784775706279,-0.019971890156195715
2025-05-22,-0.003612234385890978,0.005059984166988496,0.009844923599835909,0.01370422936546567,-0.0037211000739586497,-0.006656386579869,-0.0014175231505036967,-0.009881561581005838,-0.002417886316897211,0.007824578290988704
2025-05-23,-0.030244253294404055,-0.01028894598357466,-0.010388973643240984,-0.014045736941438514,0.0021624436429728,0.0005825884941983439,0.0001533968592548618,0.008855636673329226,0.005029379734748707,-0.005214354736023941
2025-05-27,0.02529826078968056,0.023346243147149393,0.02502611394509313,0.026295523970706114,0.01061716089650333,0.004755876324139319,0.017567509738517284,0.00013926538554986934,0.011455565571649284,0.023646405339228904
2025-05-28,0.0010488851004830657,-0.007228303770779876,-0.00631008166584901,-0.003123272362163143,-0.005350784053663404,-0.013620449694393355,-0.006785060662433451,-0.008776680467980968,-0.002384398437852764,-0.005746687842715925
2025-05-29,-0.002345136061230768,0.0028861960236381545,0.004787005283780621,-0.002900791748859044,0.007544529964394142,0.005680199976592748,0.00333979888857594,0.004778504702268593,0.007170103154157559,0.006581159259579694
2025-05-30,0.0045011768949494435,0.0036625494394211255,-0.0033544115296211263,-0.0006982902808655433,0.010613397770025568,-0.0037978404157256174,-0.0013994908685555085,0.008532771938449146,0.007890383176815119,-0.010688209357935241
2025-06-02,0.0042320537763564925,0.0034973686543957605,0.007999607012299847,-0.015779648898061605,0.001224016725709376,0.0073312820478090845,0.0024998620920855252,-0.0013869371690942156,-0.012419863030467382,-0.009654253425062653
2025-06-03,0.007783765588379676,0.002164620205638901,-0.00454869204152053,-0.016860904719269487,-0.00630624038914529,0.007278078314744585,0.006083281850145061,-0.011666628440731963,-0.005542950917949652,0.013723158008470682
2025-06-04,-0.002213754276742086,0.0019439369823430752,0.00738898917924824,0.011252956094045974,-0.007771002652386616,-0.014450829568508516,-0.007698905508278675,0.0029510863379846874,-0.005394133646251076,-0.0002004319458801529
2025-06-05,-0.010797849584515684,0.00821352390195984,0.0032814165352026414,0.0009519799852635291,0.0028716971093984967,-0.004594421942962779,-0.008591370130595966,-0.006445211111164029,-0.018981429596304555,-0.001059158121461179
2025-06-06,0.01639838949706518,0.005773276270153227,0.027223334916139486,0.032518790144236975,0.008915722175531826,0.023961497210112315,0.014430270336047712,0.006205001150477507,0.007493822419664786,0.012580343617168754
2025-06-09,-0.012112648419101313,0.005038429436188929,0.015966607137600564,0.015103576695836729,0.0012901046711917274,0.006713408931445564,0.0038007659158396656,0.005886344765388962,-0.008901459143528023,0.013357800841989675
2025-06-10,0.006056171467545557,-0.003870885797058965,0.0029035159702170965,0.01425412469152465,0.007859418314784206,0.02143471487528803,0.006973242193838436,0.00808124555437928,0.001722557526085966,0.001396412379330858
2025-06-11,-0.019193789486923962,0.0036098125865677844,-0.020265629565462295,-0.006998882913616278,-0.007606390295554322,0.019492553493155373,-0.0016754199603018494,-0.003869918493199953,-0.004482932631794889,0.012745061366291388
2025-06-12,0.0021129385173965787,0.013224147997050073,0.0001876573428452044,-0.009303654342066259,0.009017153080261187,0.0038423082139042997,0.00033564634063898424,0.002358862387195959,0.006600296240681702,-0.006003232293660399
2025-06-13,-0.01380531000674079,-0.008165081256716444,-0.005346085913907173,-0.0058621728770100745,0.0028086393438728763,0.021780666171960172,-0.012265039017445467,-0.009898432241457922,-0.017771674159160034,-0.010832191530708468
2025-06-16,0.010028094916962882,0.008800816105585474,0.018859028217320217,0.012022661131421808,-0.011966875754811479,0.003210896474796554,0.020418692236966907,-0.007040151509628112,0.003743561129126771,0.015095928673781955
2025-06-17,-0.014010749776737996,-0.002295768919517105,-0.005923177895162612,-0.004638826092282278,-0.018296597226889366,0.013513517296812383,-0.003106745256367449,-0.012762342478811028,-0.014669396201097529,-0.013133211454766203
2025-06-18,0.00480486810612768,0.004602103204535579,-0.010706651956707836,-0.014947394640127176,-0.010828253243528763,-0.007105289199959008,0.016473570779491853,-0.005889170012427392,-0.0031542040224082912,0.005927074782909214
2025-06-20,0.022484445331105496,-0.005913666351435087,-0.013316402099382896,-0.03854158637850069,-0.006236304063766296,0.013340351593700506,0.0037962112490776967,-0.0053460484063310165,0.006707979077310355,0.0020010140784774144
2025-06-23,0.0024875227541492073,0.01801419776859814,-0.005818118205440093,-0.008701220181872027,0.010214321580205521,-0.025806449841642154,0.01189103976964545,0.013073914795096453,0.012257953363886243,0.01583847196575383
2025-06-24,-0.005955377660487704,0.008456773229178483,0.02062648355436747,0.009564712572754042,0.005749463859161752,-0.030427769011666328,0.010744823168343132,0.006739405022627487,-0.004160611139603199,0.01854017943225217
2025-06-25,0.006290483303657002,0.004407236179819529,-0.0036659245365150417,0.023445294328526378,0.0005913188959991711,0.0002769285995085635,0.009955263149415083,-0.008261147464778684,-0.008668026194615042,-0.0038604427773348826
2025-06-26,-0.002778166875005761,0.010522668419684411,0.024199205109171285,0.016756614568727013,-0.001773113745493271,0.014948769316524224,0.016510590171581407,-0.0022976409519119834,-0.0021386997207095693,0.027719427935708696
2025-06-27,0.0003979975434207361,-0.0030355062338011107,0.028463559660798277,0.02875414489234185,0.0026314706439161117,-0.005545957278864755,-0.005679770432465148,0.012379390246959998,0.007753825269650072,0.007410730283601952
2025-06-30,0.020340157852722696,0.0029641143554672844,-0.017510092291414314,-0.012882901901874355,0.0022308179823282703,-0.014444959303354099,0.009752420635114945,0.005971834191076608,-0.003377957926740116,0.00909776445634769
2025-07-01,0.012916107943551358,-0.01077596109777057,0.00487719279454657,-0.002213074811601712,0.02075288265767128,0.013357989097996237,0.0017247415905912167,0.013003511108789834,0.011925710388282384,0.006980850724559007
2025-07-02,0.022230784557691008,-0.0019508961331295982,-0.002449462616694653,0.015923583784937634,-0.002308892919047345,0.01656912288282686,0.005475019671244752,-0.01060413034659069,-0.00012418859283636063,0.019211004903766593
2025-07-03,0.005225040243511225,0.015781244910589187,0.015869432167251007,0.004982162142900259,0.002892745033259647,0.010355592948881442,0.018582285471492543,0.006205009037607789,-0.0022953216388612585,-0.0014305712208907417
2025-07-07,-0.01685792685476961,-0.002245249579747921,0.0002685535903061975,-0.015262171406751124,-0.004743241977922086,-0.009714791187946603,-0.013614848649652789,-0.004765226524466759,-0.0020516227378091223,-0.015960402715322397
2025-07-08,0.0002858099135687464,-0.002210129140515771,-0.018391733064396565,-0.013745081320238994,0.0033490066198482715,0.02772029154447897,-0.031475934416171025,-0.010843667540999746,-0.016261872149065826,0.007100804522083726
2025-07-09,0.005380619644419049,0.013873821642202966,0.014496684294917683,0.012961597114079071,0.0031452766437960467,-0.003415293812270348,0.0013439000531665357,-0.010819907020507946,-0.0023432403365876153,0.020010509405165244
2025-07-10,0.006015124005702255,-0.004031702061665254,-0.0012581953255333955,0.005661823589086179,0.009022148859051171,0.009929702196791457,0.017763803113940213,0.004173859471783947,0.006157897965475945,0.015291631881987344
2025-07-11,-0.005884967980950839,0.0036691184503567786,0.012417933203629383,0.014469144226221475,-0.005009695064195685,0.0043505085674100386,-0.004615189363599059,0.0014332563142664956,-0.009085719366193956,-0.005901961098932262
2025-07-14,-0.012028745424552345,-0.0005960116601197996,0.0029775049161144818,0.007603093210310163,-0.0005099711521400208,-0.013081607787064242,0.006414570281578991,-0.0057248201224777695,-0.020948798338210284,-0.000369563640054138
2025-07-15,0.002348713237791289,0.005566419101750819,0.0029243814744550622,0.00242345721840298,-0.010521576922064235,-0.008865855602783745,-0.007447314264488525,-0.0015834353307664362,-0.007023938165481858,-0.002784785927626654
2025-07-16,0.005021289252517214,-0.0003954177757257149,-0.013960696164789121,0.005329663243039073,0.061932044164257904,-0.006022521284441806,-0.002547482143149815,-0.0012976235007398085,0.006877231158826991,0.020363718239497786
2025-07-17,-0.0006661019354642361,0.012024859240198138,0.0030915472640284936,0.0033338599420877912,-0.010923734696662968,-0.0050788486642970865,0.014274630737523886,0.019055746743373403,0.012294032140090616,0.012570198510226449
2025-07-18,0.005523257149813832,-0.003224620227927244,0.010050026580880944,0.008061933467001348,0.004417656269012582,-0.03483794103622784,0.004725718135035972,-0.01048296014672434,0.003474363762471233,-0.010428793926940294
2025-07-21,0.006155802989930459,1.9661203686682782e-05,0.014018476542235536,0.02723442299029122,0.0040319225155467375,0.0025982399203696716,-0.0010299864220325583,0.0031495300639665658,-0.000451274186235473,-0.00516745600838342
2025-07-22,0.009036224276702809,-0.00939111595220199,-0.007980819043607368,0.00652292522374287,0.02172059545605065,0.004534845045496061,0.0015809907427972725,-0.005851236900805024,0.021221792888148627,0.017362907803287753
2025-07-23,-0.0011660263132247106,0.001187483817070456,0.003604836070819184,-0.005801349137571132,0.006967378771707278,0.012806342171925555,0.018289242509084813,-0.007177823215750889,-0.00025269707246422524,0.024928619530806495
2025-07-24,-0.0018212218160039706,0.009903805365183427,0.01725876103762425,0.01019824882829412,0.0027200358120937906,0.007823176726808434,-0.0007077360380385311,-0.0008674707323633735,0.0033485118910279166,0.004513739110646675
2025-07-25,0.0005615031169694529,0.005539545733164841,-0.003401771091877559,0.005255757839064623,-0.007430867547629227,-0.003520175725261976,0.00698022221429806,0.0010129846419628663,-0.003211328627380494,0.009848197165248873
2025-07-28,0.000794759685829316,-0.0023555287289833693,0.005833005662313484,-0.003105852792606112,-0.01235888877799296,0.009420296365957759,-0.0011384684220042685,-0.015613689605399328,-0.007517471987715019,-0.0018674854846769673
2025-07-29,-0.01298768034379394,0.00013661035730994087,-0.007646371539299701,0.01646067972393528,0.011370507250481499,0.01292174416030245,-0.004157210758698793,0.01894549066650053,-0.003182490941018301,-0.006675312935299105
2025-07-30,-0.010507880529716518,0.0013071033263978293,-0.0035495956232554082,0.003984700339168201,-0.005056337097823049,-0.008681749056987265,0.008719365449320726,-0.009080408104417792,-0.023817108167017653,0.00946394714080312
2025-07-31,-0.007079572477626139,0.03947471494486021,0.017029402351838252,-0.023558780585949624,-0.015066192484417651,-0.0023235750030974334,-0.011314026168440794,-0.012509037975931614,-0.015764112143003217,0.008983755883230193
2025-08-01,-0.025003627425670194,-0.017600790811475475,-0.08269617085933045,-0.014434496386651285,0.015721596192160847,-0.01791465755992261,-0.02319051436581654,0.014287782835130658,0.0011963047336818189,-0.02130032982094665
2025-08-04,0.004793060447819686,0.021999250613806476,-0.014435418409851408,0.031248265513530216,0.02217170365658183,-0.020704108574539304,0.01689860247377406,0.0014523111138202704,0.0007300625516175607,0.011686759813285263
2025-08-05,-0.002114797207129926,-0.014730112378469884,0.009922070229506863,-0.0018970983417965215,-0.0017538360362646666,-0.0012107672868322261,-0.009821156882203086,0.0013051503380285823,-0.0016581646872705358,0.0012221065174495838
2025-08-06,0.050906861490558564,-0.005324349564480024,0.040046772203947256,0.007294443521692173,-0.000878641893704124,-0.006807177183054347,-6.863507361143384e-05,0.006661770400251621,0.015613680001118846,-0.014992082632778292
2025-08-07,0.03179372151243265,-0.0078105222594552215,0.0036885760119835798,0.0021928458910045467,0.0055102768285626436,-0.005257731432982027,-0.015136300144805381,0.013235595541979173,0.0041214975003742715,-0.024782633704937496
2025-08-08,0.0423579323014438,0.0023040884044205345,-0.001971955504762035,0.02493377845961131,0.010493867347085795,0.008022686138281276,0.006342651685159462,-0.0012780208266265358,0.00013017094351219782,-0.0014384054627666343
2025-08-11,-0.008337491848564471,-0.0005172458291825555,-0.006241858073597895,-0.0020851329247547623,0.002826992736622902,-0.009082521847175062,0.0027704330748479222,0.005828888331950832,0.009576039712523299,-0.019158682804055416
2025-08-12,0.010872351709828143,0.014316576774880296,0.0007681796954406295,0.011641715004738318,-0.005983293889800567,0.00283481722094181,0.011362065504348928,-0.0005654279038392884,0.0007096651590590142,0.010206962670744613
2025-08-13,0.016024512985909567,-0.016363075417943684,0.013952211680404059,-0.006786557166853724,0.00949183785584884,0.013850878461829641,-0.007922069453462854,-0.003535618589014522,0.0020633754951449035,0.0023988601981999036
2025-08-14,-0.0023571690519696986,0.0036496665226828373,0.02858923333961183,0.0048524776481284615,0.0017200286223093553,-0.002044605544777034,0.012494406608017261,-0.012915065876968446,-0.010745805538710296,0.009185434304435303
2025-08-15,-0.005112134265439328,-0.0044210893947667085,0.00021648217457248542,0.004730342074746874,0.010989030662619914,0.0009399747560947525,-0.012476191030012074,0.005319913358091455,0.004032722357829144,-0.023257503433984916
2025-08-18,-0.0030225974608623085,-0.005901999673326719,0.0019911124801876845,-0.0019616838615762466,-0.002207970119577629,0.0021598897026482433,0.003580049622627035,-0.011298726290106087,0.008810589273474223,0.011893376952022194
2025-08-19,-0.0014291944969684334,-0.014175142741905788,-0.01503309388634011,-0.009483978735266296,0.008794454451610312,0.0065591841331813505,-0.0029842539610469565,0.014465595311741186,0.017210365215531764,0.00836071983977038
2025-08-20,-0.019734652812962272,-0.007944713224745104,-0.018420231785569063,-0.01116240984826411,0.005849271651501731,0.010333232160258055,0.0054358439126005464,0.008127825704262737,0.0070074890270610535,0.010814931028358288
2025-08-21,-0.004911305040181113,-0.0012875212506089362,-0.008310623433453124,0.0021573874031639573,0.0005032029999083587,0.006449866239876201,-0.0026346372425066766,-0.000565827775297012,-0.004889798346039642,-0.006419458610990358
2025-08-22,0.012716750813831057,0.005929855441425769,0.031043025385826706,0.031739573624947726,0.002011974473499878,0.018767650080895537,0.016365181456664102,-0.007500713097918332,-0.00037801706103812727,0.04254705367380485
2025-08-25,-0.002634239986928688,-0.0058553628679332,-0.003932852258726305,0.011645474165855152,-0.004908265095863618,0.004133696417869981,-0.0045233728771065795,-0.017111011819993527,-0.015882027539552368,-0.007735212501185584
2025-08-26,0.00946463359101557,-0.004402481594713348,0.0033781006590050122,-0.006475282855084252,-0.0035005792366349375,-0.0022373196448547406,0.012445096635300468,-0.0029015584850753395,-0.0011527886571229828,-0.002405758549025916
2025-08-27,0.005145918125483151,0.009361720297081266,0.0017926124405795996,0.0016414867378289344,0.0016997845490973607,0.011301582886238393,0.0023778397460805234,0.0014550580876036001,0.006347554410522482,0.0032695115389316243
2025-08-28,0.00898081290311703,0.005722907173815406,0.0108240705271474,0.020050109416597905,-0.007579668989416977,0.005321508036637335,0.00598105503882107,-0.006828506106422494,-0.008346209425299289,0.0051771205786930174
2025-08-29,-0.001805954775134011,-0.005788384724478179,-0.011226278216735053,0.00600083163522469,0.009803423579011428,0.008292781548297823,0.0011625707586078171,0.009215896500458953,0.008930215810857733,-0.036490320866791714
2025-09-02,-0.010424763463665943,-0.003098602510448023,-0.015982548742835556,-0.0073270153802278415,0.005023345648805799,0.0034999375876425542,-0.005706222704889075,0.0010145997976940269,0.006049548444348352,-0.007135265831474391
2025-09-03,0.03808989840304622,0.000455385449735779,0.0028845707190781056,0.09136493852681982,-0.0003369245796420728,-0.02423926283152067,-0.0006341696326455093,-0.0010135714283280306,0.001139263448632688,-0.0022353547370232985
2025-09-04,0.005493355773038333,0.005184534030341359,0.042877945692648245,0.00711001243769549,0.004269673074752456,0.0043784875608297025,0.014390175316756348,-0.010726077955425573,0.006448843819962358,0.012285685526298273
2025-09-05,-0.000375433370914946,-0.02553298718707464,-0.014214150326010255,0.011623043857317494,-0.001846089226516856,-0.02820279190353525,-0.031071000198491294,-0.004249195394476879,0.005213697562323372,0.006805855032847585
2025-09-08,-0.0075513878695669945,0.006464603323435458,0.015107797009308976,-0.0031944727247911198,-0.0016813036028643369,0.005676018226726587,-0.004993572221855924,-0.007798710947136689,-0.006311565097150029,-0.0007090348079903386
2025-09-09,-0.014839387013392824,0.00042158074223586084,0.010176429751274751,0.02388475168004267,-0.006568144499178974,0.007282730339734478,0.016865325540091014,0.006377014683573989,0.002830036776944711,-0.011093321276093193
2025-09-10,-0.03225941254847997,0.003932438221993184,-0.03320182790348525,-0.001919582220510141,-0.006611833461357408,0.016719439792323154,0.009031466765461627,-0.0005895081878514175,-0.013232282348055402,0.011528713407691793
2025-09-11,0.014286302255316352,0.0012790818500065804,-0.0016498279850283293,0.0050173118321086285,0.015416212839937327,-0.00320001397761438,0.016703108929094324,-0.0029488168408895454,0.00813485830356786,0.020027908260240812
2025-09-12,0.01756295951024689,0.017744143492950837,-0.00782780202498956,0.0017890075291984164,-0.002465037607914944,0.00017827199005493455,0.004418178503694303,-0.00902100744251677,-0.0046019416975823235,0.00032442609416527546
2025-09-15,0.011235926409398633,0.010707963157335909,0.014376501718361023,0.04489204363206367,-0.003706606355074249,0.001694012248433907,0.006483959739133738,-0.004360958788073077,-0.0067765077483533664,0.010242973779103215
2025-09-16,0.006125890181851723,-0.012263246171065223,0.011320962964584513,-0.0017885058150135524,-0.005298648259183691,0.020738789613595987,0.0009388817671476257,0.0004530812760545899,0.007779234049269945,0.010850123147237767
2025-09-17,0.003527257082143187,0.001925159732150128,-0.010382430689534927,-0.006489882230079735,0.004193520486888591,0.005319214057318611,0.008279557118633596,0.01207732250912863,0.014425755010920804,0.02267002994119305
2025-09-18,-0.004644626316983702,-0.0030782509566057437,-0.0016837898189711042,0.01001883187478625,-0.017155709095165728,-0.01179642121098845,0.004747565834964718,-0.00865154777867927,-0.018773660933930514,0.0361690781002475
2025-09-19,0.03203292635537114,0.01864473968015412,0.0010811746080494622,0.010673297266133419,0.011655973169188538,-0.009742856450401072,0.004948342564394359,-0.0004514940834242642,-0.008136507861386977,-0.0008993832244948985
2025-09-22,0.043095737653501276,-0.006718996817023926,-0.016632067201427292,-0.00859764196420909,-0.011237926397785869,-0.007090942351974272,-0.007433786509294937,-0.0033116708150453533,-0.019033416893939226,0.011917539457935833
2025-09-23,-0.006443278871197444,-0.01014661097701286,-0.030400202172415014,-0.003445136451741382,0.013604239322174694,0.017229093128151796,0.0009601975900692672,0.007551628981820713,-0.003723848071431668,-0.0017793126596074016
2025-09-24,-0.008332328960039437,0.001806538348065878,-0.0022654160880354324,-0.017960724720382015,0.0006229601571916543,0.005353222317430184,0.002174333536041795,-0.0038974292419469148,-0.0005245789926558997,-0.00311928210838619
2025-09-25,0.018073060767529903,-0.006115803306297463,-0.009354764790773018,-0.005462563143603605,0.005886010479249748,0.008990912676600571,9.575921627869022e-05,-0.007072910049165659,-0.001771499266512766,-0.012920712309258175
2025-09-26,-0.005489212856193304,0.008737114243486443,0.007471945580644457,0.0030513844406638846,0.01114055259684732,0.014101557612974602,0.008326682095157967,-0.004698474898435889,0.0023004287946415403,0.00439931536102911
2025-09-29,-0.004031963397017835,0.006139228501036431,0.01087450815780766,-0.010099782998473361,0.01062816573642067,-0.025592839269777734,-0.001170607709341298,0.005634268702795042,0.006754121905442334,0.012560006473678165
2025-09-30,0.0007861175643599783,0.006510032948821021,-0.011702709034319914,-0.0038925435951915333,0.02092285565734353,-0.0128698772581064,-0.0008237156818382552,0.004239722957294578,0.0007815383834688383,0.011747047127456112
2025-10-01,0.003220363988628794,0.0033980865173817154,0.004827606336181178,0.00740426941193939,0.0033976181169679265,-0.006740659862015552,-0.014963637299440169,0.006936154926204363,-0.003059001215606205,0.007691520876833113
2025-10-02,0.006576576905767517,-0.007638977363165322,0.008067800117405932,0.0032257855079875775,-0.00037619773246566623,-0.006250524109890798,-0.010170241410979441,-0.01018269009139694,-0.007376824594843234,0.020277809389219303
2025-10-03,0.0034612549164674267,0.0031215812486466987,-0.013039023009410733,-0.0013837502899796128,0.014302563448403527,0.01770151289608668,0.008063712011643576,0.008320863561536385,0.0014469908282868094,0.014839951924440875
2025-10-06,-0.005154581092729149,0.02168761724708901,0.00633228292302257,0.02070500494801175,-0.0025444704127020046,0.008299440439263117,0.002106665278273967,-0.008252198146675216,-0.012215166839692926,-0.0049614015625421
2025-10-07,-0.0008181232786114156,-0.008683890354990176,0.003983725247293846,-0.018647898398852503,0.0038796230138866683,0.0005254419282167966,-0.004819127069288998,0.010438683116714254,0.014161186029484574,-0.017501713721382317
2025-10-08,0.006160398261370936,0.0016603249848197166,0.015510877718191152,-0.004638662990075981,0.004235253425577623,-0.002100527405090258,-0.01189511831594936,-0.010031372665133098,-0.012127953419959758,0.03166156235085005
2025-10-09,-0.015577861438013874,-0.004667862840408654,0.01118907849570383,-0.012631850656026677,0.007327846997226217,-0.009735029551375507,0.004933844339730653,0.0037810130500881556,-0.0007298687257818459,-0.003505127529929264
2025-10-10,-0.03452210625151009,-0.021899000568714966,-0.04992539782966621,-0.020535765320658816,-0.0018840448290050604,-0.01930748970718088,-0.015186749969659963,0.01009496931389764,-0.00591049667323984,-0.01810699081973166
2025-10-13,0.009744353055413102,0.006047446514153343,0.017100394188331425,0.03204127035930604,0.0009437598732318087,0.01363673697733847,0.023530067677695277,-0.003580006870603003,-0.014697094170386671,0.027396735691818996
2025-10-14,0.0004441806313149055,-0.0009337820107104822,-0.016721987604375044,0.005324631507020117,-0.00026188574982055624,0.0004454566789209302,-0.019125215433917653,0.010628837223180199,0.011322733584230082,0.044991654068362585
2025-10-15,0.006336506208048043,-0.0002726225922623504,-0.003789417568938358,0.022733706817676724,0.00167667055693288,-0.006055721753689847,0.011950451466736789,-0.006369533264175331,-0.011665315234675289,0.012474532893868906
2025-10-16,-0.007579973963228515,-0.003544761087517001,-0.00510277898660183,0.0017130371892961627,0.00496937015606802,-0.008690919352757787,-0.023389623273267435,0.007602833652613494,0.014787767072530711,0.012939045971235075
2025-10-17,0.019559419889786378,0.003850727276558219,-0.006667636156250767,0.007317220572461425,0.005725708268496499,0.014461246704172037,-0.003282639365214668,0.012575969858680258,0.012031986600747002,-0.025658072916281305
2025-10-20,0.039438767662544505,0.006250044848197911,0.016147214372026264,0.012830631273142767,0.002587653622598607,0.00409834043411661,0.016131178002250612,0.0,0.00369894011717542,0.010674011449018028
2025-10-21,0.0020211608621845123,0.0016835437020132904,0.025637486886977978,-0.023738011926751845,-0.009498225063772958,8.879690983976118e-05,-0.01742960112756531,0.04061936104488373,-0.0022375640352436665,-0.012293420353056916
2025-10-22,-0.016440300357890014,0.005563501984168218,-0.018375903497213075,0.004910910656476641,0.005524350009119328,0.017744656326262875,-0.010030688393261489,-0.005756779876413987,0.0038253494121289755,-0.02047074700464846
2025-10-23,0.004372173918809619,3.8466739368026026e-05,0.014406971477930908,0.005522657644975171,-0.0024360192876204945,0.011071442802362386,0.0014621475426208619,-0.012286231220756005,6.574033003081681e-05,0.012823285648053018
2025-10-24,0.01248172436409134,0.005858990605509318,0.014111947295924798,0.027027095600908213,-0.010755081309257175,-0.005087154903604674,0.020031198920174687,-0.0032887405803403436,0.00884536300569394,0.004284294322548954
2025-10-27,0.022791311850895557,0.015106800881565352,0.012309863182682124,0.03597254584975551,-0.0005251469983484913,0.004766461760116858,0.012348641116870729,0.005020812459352708,-0.004918172473393767,0.008302604591965856
2025-10-28,0.0007067783895675639,0.019848689894944593,0.010045375014470892,-0.006684828852006608,-0.017708792177529742,-0.007848918527516457,0.003978183439713678,0.0014274625117449702,-0.0024385507718051036,-0.004932970323884289
2025-10-29,0.0026022429598195895,-0.0009592785898672185,0.0045801659836763875,0.02654509524665838,-0.0017654035718377425,0.012344532965395505,0.000491286182563444,-0.0257983005838206,-0.01717650329697895,0.11634599127661782
2025-10-30,0.006303249053230431,-0.029157133854966988,-0.03230569840563202,0.025166656643881513,0.013129691471096328,-0.01511366546258286,0.012863715932680986,0.009217491168834968,0.00544482135418467,-0.003996579544623846
2025-10-31,-0.0037950435186790976,-0.015120960204863643,0.09584492754129248,-0.001030250854785586,-0.0009521788420833177,-0.002877345562346534,0.00542911503594512,-0.0011598492602292731,0.005281334151873152,-0.010100357002276072
2025-11-03,-0.004882341269010548,-0.0015063329682659665,0.04004585509136338,0.00899735005531177,-0.013819012239522643,-0.005246522155066713,-0.005689093389093847,-0.013497830836920022,-0.015628089316289784,-0.011554424064894375
2025-11-04,0.0036797500454426313,-0.005222027183646616,-0.018425168014886806,-0.02178195605651212,0.003221333135943638,0.0033403041564388225,-0.00032316630137874114,0.010151491738818796,-0.005742499385104849,-0.040326672023380694
2025-11-05,0.00037036583712879434,-0.013940587315086628,0.0035295587926045258,0.024392974031999026,-0.004602404390908532,-0.004030050056320289,0.00785768159410316,-0.002184569782064605,-0.009376965104877844,0.039391458619769226
2025-11-06,-0.0013697782796735503,-0.01983592013361246,-0.028617121300727022,0.0015474165736188983,0.005215094692416544,0.007213223456232543,0.005582646111496947,0.008027815517071879,0.002332113405955516,0.0011068893205625763
2025-11-07,-0.004818894404181151,-0.0005632485423001654,0.005636975040414827,-0.020790089327574424,-0.0021393725260155927,0.023755350328676705,0.0025204533162137555,0.02157553879377172,0.005816771639969298,-0.01172389079142
2025-11-10,0.00454869456011342,0.018477447130842206,0.01632498741700905,0.04041887258044019,0.00986231242853064,0.008531035145421528,0.008529359499662936,-0.00042531960494940346,-0.01006935556379096,0.01376312270482849
2025-11-11,0.02160114657791201,0.005296469301678153,0.0028180846386127723,0.004170991247052891,0.028766968184098518,0.013195684936667451,-0.004007632003430239,0.015456689417809422,0.020893415397110537,-0.0051152113936329124
2025-11-12,-0.006466862149501096,0.004836108255941829,-0.019670851205186968,-0.01579079679290607,0.0028890225872750808,-0.01385872320407533,0.01517646646955173,-0.001396564982891646,-0.003568083952149137,0.008962476731231073
2025-11-13,-0.0019014031834500011,-0.015357889517838341,-0.027108907452568887,-0.028390884253361004,0.004424203408566196,0.005672241286782231,-0.03411247895856662,-0.006152935276647509,-0.00033776734206081294,-0.03397808909912914
2025-11-14,-0.00197850671637112,0.013689941864229116,-0.012164320933474637,-0.007754032031895175,0.003482693327370834,0.012992506437025764,-0.018967392418583584,0.0012665135077427614,-0.0019600287805431327,0.0008674018856311694
2025-11-17,-0.018171161859606544,-0.005272698028360612,-0.007754941860691922,0.03114943336156073,0.018629160842634995,-0.01349655870681532,-0.010671601797418995,-0.006745465148466523,-0.012527856023402562,-0.0035740035989423324
2025-11-18,-7.464669137968727e-05,-0.026995524780487168,-0.04431653833391602,-0.002596419790078519,0.0021043217712588547,0.011471750936518976,-0.003195971608445647,0.0076400196604626824,0.008023634464231266,-0.009365006090201744
2025-11-19,0.0041877290655558674,-0.013507824429130677,0.0006290693674619874,0.030005716839507368,0.012550044451179243,-0.014114072796207577,0.012891963479127355,-0.0015444699220276137,0.0,0.01139185641490914
2025-11-20,-0.00860134970367199,-0.016001267976476163,-0.02492255148822009,-0.011474968674489383,0.0027652697817071026,-0.002812120835141596,-0.01612414009042673,0.0014062752679822044,0.008163728764277067,-0.012619472257034192
2025-11-21,0.019680647235321702,-0.013189012159327329,0.016348913427910006,0.03527369446754425,0.0040873044999418795,0.0005127606026471554,-0.0012066897894418283,0.02443476196812422,0.018422326826885937,0.007873437599616784
2025-11-24,0.016317468883471742,0.0039821218751865395,0.02532963104830621,0.06313824076796082,0.010544335039324393,-0.009480681209980912,-6.69866099478611e-05,-0.004934962532322396,-0.026106581496170955,0.016659732967225116
2025-11-25,0.003805495657415614,0.0063078911822160855,0.0149814363087164,0.015255244752224506,0.009377362961868752,-0.012589498743030503,0.01677851756491,0.0002756494198437043,0.010273542282994264,0.012526888009588344
2025-11-26,0.002093957526739132,0.017841087081432283,-0.0022205534501760216,-0.010790160699995277,0.004306318820776811,0.0022705543238479287,0.015313557904943043,0.0037184188259777873,-0.0016162523597483824,0.01256590339194319
2025-11-28,0.0046839067924580036,0.013408925473271216,0.017716868099636462,0.000718774110255449,-0.003083395585486426,0.01002002050289219,0.017682894070448985,0.0032932418941562513,-0.0006071021268880816,0.003538302569502605
2025-12-01,0.01524119743713337,-0.010711242234453855,0.0028299616613276513,-0.016521840443809,-0.007635849085302349,0.006124933787519327,-0.013287209450729809,-0.009089803643971273,-0.004859556828378464,-0.013373676241654753
2025-12-02,0.010914832876105063,0.006697679538790746,0.0023088475921804186,0.0029214907856902617,0.00038964775197047885,-0.010717659116543987,-0.0033667095416253234,-0.017790073118353567,-0.010716191158518074,0.02536699109730045
2025-12-03,-0.007128157809805358,-0.025040828559835693,-0.008702300580441968,0.01209594691377136,-0.0004381642076319858,0.020974189690391887,0.013804166512940697,0.0019809447707301864,0.005827431168201391,0.015485770288608869
2025-12-04,-0.012141479874668626,0.006509910616417036,-0.014071797072686798,-0.006288515182409027,-0.013880054932038033,-0.005602756822066679,0.012719003113040639,-0.0050840212497522685,-0.009201697018076493,0.012950433497956215
2025-12-05,-0.006840055245008081,0.004824908141233264,0.0018331725713691682,0.01149175427881799,-0.0027163804676014758,-0.005121957224785589,-0.0033533925242493767,-0.006387528187695279,-0.013139972741397554,0.006709440034437408
2025-12-08,-0.003192433705098474,0.016267929045017837,-0.011501761877265149,-0.022861821723760722,-0.0015351724331837957,-0.004805299577161026,0.0005396567123105989,0.0035714885296194154,-0.0356221421695323,-0.011058189654514217
2025-12-09,-0.002555062909471273,0.0020365318428314794,0.004539639393836836,0.01071015338749004,-0.008233257493549861,0.019572353826043054,-0.04663544047604784,-0.002277723825765965,0.009324888491693217,-0.00358771779557443
2025-12-10,0.005772469911613065,-0.0273566227614912,0.016935769749744978,0.00987137368128388,0.03290652141574579,0.010909092098001505,0.031945542195775944,0.0017123030790791027,0.0013607703785725178,0.03531547046001138
2025-12-11,-0.002690246960942222,0.010259974920459936,-0.006471654188885845,-0.024296495438830612,0.016800628837750464,0.0,0.023443298901162812,-0.015667390625201283,0.006722872447713746,0.016673254723067688
2025-12-12,0.0008992046267306542,-0.010217785106327315,-0.017760970816273702,-0.010050273864534387,0.00747589414780947,-0.006023090659561858,0.003591957595922901,0.020402259181139693,0.014776944566649464,-0.04430856865548927
2025-12-15,-0.01498499906996098,-0.007752890903315213,-0.01613691637948922,-0.0034595184179638805,0.01224114428601486,-0.008920997001540143,0.004709201030401955,0.006381297344446146,0.016031844192258005,-0.013597831298275409
2025-12-16,0.0018241281266524467,0.0033065371992535564,8.989068511011666e-05,-0.005353327337273561,-0.02273892959610091,-0.02615494655067152,-0.013967861210784638,-0.008454373498198331,0.0005513671002153053,-0.0014073392177939015
2025-12-17,-0.010087028861802239,-0.0005668181720784871,-0.005796159688549629,-0.0321297701987725,0.00492115253789005,0.02380544455603384,-0.0018063453766493653,0.0042632296851661255,0.01790504438798468,-0.04591382465611793
2025-12-18,0.001287574790797441,0.01650846975308906,0.02481127187766008,0.019344857270350957,-0.00960397837817506,-0.0074099358629659,-0.0062860902124498574,-0.004386698098634345,-0.015492891009764809,0.007012062176437572
2025-12-19,0.005437411303821804,0.004008424988813264,0.0026019210221044364,0.015539306686872534,-0.00931294281527395,0.001287048508750832,0.013450402327430444,-0.004263725990169109,-0.007284265692401259,0.018362425768518875
2025-12-22,-0.009865948891234266,-0.0020579063896725147,0.00475032567966549,0.008529800481200889,0.004603318770423526,0.012511819059337626,0.01853660192935669,0.002141101951302904,-0.012252525133640946,0.010742321025525081
2025-12-23,0.005129713035979089,0.003980047044735091,0.016241329216049705,0.01475229628565744,-0.00742807934099865,0.010749017598797206,0.008790201768750672,-0.0048427000676460885,0.003433970431976574,1.718639339531869e-05
2025-12-24,0.005323781322749577,0.002403104372375564,0.001033882544133169,-0.0008271420003245211,0.009719090083900817,-0.0016748086913416227,0.009940894774542075,0.003435056811278425,0.00914955693527908,0.0023008284120993316
2025-12-26,-0.0014973926274014504,-0.000635154335217325,0.000602458846315157,-0.0018464359524887897,-0.0007218801257237173,-0.0009226057941849053,-0.00382794006031284,-0.0034232975895763795,0.0017300869966245802,-0.0013019880011344576
2025-12-29,0.001316908213532919,-0.0012507520225100155,-0.0019353042317806768,0.00015945820080087714,-0.00033720001236436925,0.011921726355147655,-0.012686378316775881,0.004150661372646081,-0.0011745695508119658,-0.0075299233030207136
2025-12-30,-0.0024840480713893553,0.0007801502882722744,0.001982123671998126,0.0009248270553916527,-0.0031316363582306606,0.0038164696994500424,-0.0010192056352769097,-0.0012829181682899593,-0.0035967974519447443,-0.0021085996756441405
2025-12-31,-0.00446757506501283,-0.007918291760792395,-0.0073538531116630335,-0.0027083397430479605,0.0001933455862588307,-0.005372337046501641,-0.0037104359408144383,-0.00228335441910843,-0.005137029504026502,-0.007828238003535049
2026-01-02,-0.003126592761770741,-0.022083474546271464,-0.018715913643268745,0.006868949495614229,0.0019328584596236542,0.019195686318152383,0.010117308447080475,-0.011300237285076564,-0.010606511978434985,0.04458256252027293
2026-01-05,-0.013837114156417418,-0.00019029606723608428,0.028962461627345393,0.004410665337652553,-0.014661222215699321,0.022095367401979038,0.026299633644040865,-0.017071829557316343,-0.010014717236107917,0.029561509728265323
2026-01-06,-0.018334270451824564,0.011969994918853866,0.033768107781812384,-0.006950159471580952,0.0023493705511323792,-0.034381009885611324,0.00622474593398481,-0.0014719799205323847,-0.0032771462746700175,0.011345805203714976
2026-01-07,-0.007737497507594893,0.010365464492384069,0.0026148877348792787,0.024304982753312387,0.013184234697382946,-0.02114832148341028,-0.022772807845484522,-0.004421993654602607,-0.013365743920757178,-0.04264242706644972
2026-01-08,-0.004955093401707855,-0.011086533967845869,0.0195810389772495,0.01074592343155878,-0.008385944543953472,0.037302828957526124,0.008563061304545982,0.027095103933858944,0.025282461504248843,0.019462896007441666
2026-01-09,0.0012738888084979916,0.0024471623168933476,0.004425724253495522,0.009617794295012638,-0.006609912153779929,0.013831208350639113,-0.0018193423758875449,0.016433538063876485,0.002402419480427964,0.015605137187048257
2026-01-12,0.0033929113461488303,-0.004381590565727289,-0.003678565947722645,0.010013033143840833,0.026077602442412973,-0.0046545667374646715,-0.014277444122410943,-0.00014177797919334711,0.0112074005148457,0.019672340107365294
2026-01-13,0.003073874731586601,-0.013642591882396693,-0.01570168822988771,0.012384703412038789,0.01873922957209606,0.02023703229344309,-0.04188112643568365,0.010496457789572977,0.005437049395221383,0.01073416254196169
2026-01-14,-0.004175458991876879,-0.023987046955567637,-0.02452601837319146,-0.00038691182966998916,0.022934652909384345,0.02892357479748653,-0.009745948660904502,0.0028073715316594416,0.014628495518968165,0.003487605354845602
2026-01-15,-0.0067318453757286845,-0.005921036695894166,0.006465239039753046,-0.009111415232374798,0.004667193997325292,-0.008217996984016374,0.004514954855955988,-0.013437832007836215,-0.011752693352205634,0.013197630083343848
2026-01-16,-0.01037904480746421,0.00700735351914572,0.0039466053837939885,-0.008353901983038203,-0.004144521715069072,0.005885480467530568,0.01037957688229696,-0.0005675726877528708,-0.0006914297226559007,-0.0004480503547112935
2026-01-20,-0.03455564430294311,-0.011612274057560046,-0.033957825706746436,-0.02424240347805051,-0.0020579539068280583,0.004388446903649923,-0.03113902321993889,0.0185974090860348,0.01708983937608033,-0.02538049140937315
2026-01-21,0.0038508468560267684,-0.022903314807395048,0.001341980773132967,0.019813657405210794,-0.0009165245062660032,0.02414533121193818,-0.0023120661313811297,0.0036237064906574634,-0.006394504261977074,0.026041435848206174
2026-01-22,0.002826561879143208,0.01582950006612327,0.013099298825289152,0.006577664193148536,0.0022017333200761158,0.0002245462112051566,0.005264063123871843,-0.0019441896879783815,0.0264958508156119,0.004694866432155997
2026-01-23,-0.0012482700788881695,0.03282791169509047,0.020568436457892636,-0.007896142517176852,0.007551795863194544,0.009951991457124665,-0.019464404154289627,0.014053123787758803,0.008577832261342788,-0.0336052633244861
2026-01-26,0.0297129735567756,0.009292817361890027,-0.003094185824689677,0.016253525439399175,0.006132494913357434,-0.0009632672853026047,0.011151475686179468,-0.004390738256984328,-0.004395461341375473,0.014841524199114886
2026-01-27,0.011197539980376536,0.021901909507044515,0.026256163723313408,0.0038707809267282123,0.013318870872032207,0.014758381549826671,-0.0024250174432784988,0.013643835873332177,-0.0076929397048626225,0.004701797519427009
2026-01-28,-0.007085403423770176,0.0021848051911272925,-0.006825233852112089,0.004364063296500298,0.014614170340161214,0.005481211167172262,0.0015316195091061857,-0.006662187225772609,-0.0067412466586902475,0.00683980229874126
2026-01-29,0.007175070687510443,-0.0999314476548332,-0.005267268047532636,0.006666568449686938,-0.0018883398469721202,0.021296690027909237,0.018785277715230198,0.0050643860755996695,0.017374735529980256,0.0341375433166915
2026-01-30,0.0046461584937966816,-0.007404848694840482,-0.010052507834071744,-0.0007391569238641704,-0.00017600921737137565,0.006334044404567862,-0.00172963965455053,0.01879343676398948,0.012475076659581585,-0.01184544222658912
2026-02-02,0.04058126002356821,-0.016082160363393494,0.015294624385431943,0.01683427075541455,0.015401650690888058,-0.021216352129170724,0.007355520871264121,0.006950967557776355,0.009356241860704273,0.05103750623845804
2026-02-03,-0.0019629088916998105,-0.028721972051949374,-0.017863069956986388,-0.011580194628212914,0.01018416803452693,0.03851159348080202,0.021775845373529057,0.020708852761804675,0.01390432162112809,0.01733957659532237
2026-02-04,0.02601286642781786,0.007247001797792141,-0.023593955826118007,-0.019634265844849064,0.0058772491656997605,0.026855818751763127,0.0076862018384213915,0.005982547776823388,0.009979342081802844,-0.01574925930342097
2026-02-05,-0.002097593092373451,-0.04954253276678544,-0.04420791797466195,-0.005374777878328518,0.014159569094184699,-0.010231005223689915,-0.02240996439539278,0.014996814962250804,0.011092011504523436,-0.019528274726842487
2026-02-06,0.008009748840153375,0.018975304586217767,-0.05554804877440456,-0.025328381436290015,0.009251880811987245,0.020331365797741086,0.03946354478197245,0.0066233839388305515,0.00353057829417458,0.07060196496062865
2026-02-09,-0.01166048390953256,0.031061465218646278,-0.00760748406141476,0.004522170418437055,-0.00562526538288588,0.014491837868381152,-0.0009304747294303084,-0.013412691160907042,-0.01155985387119407,0.021922285495808325
2026-02-10,-0.003422959769044165,-0.0007979095156084304,-0.008432323191560842,-0.017698680633528863,-0.001215100842702821,0.0025129582881242563,-0.011859774587850813,-0.01487756355292924,0.011123077725787578,0.0003369019124239703
2026-02-11,0.006650117732854843,-0.021535615805142183,-0.013915755650289796,-0.023918682158958204,0.01053067510851946,0.026189084387423733,-0.023438490009594637,0.023304269681378775,0.005783245189286079,0.043953822103241835
2026-02-12,-0.04998173910671744,-0.006256609768801269,-0.021952154485219033,-0.006302886415383235,0.01532006733904101,-0.029767761278130633,-0.02631733644129297,0.005089084804767996,0.007562527855015766,-0.02156133535125082
2026-02-13,-0.022733450234726726,-0.001293985238056683,-0.004058180323715521,-0.010614953298754504,-0.004498035729032512,-0.009871235092451358,-0.0002974903603247814,-0.004050595003623481,-0.007071404545502147,0.0209814713344334
2026-02-17,0.03166790148756515,-0.011113376251159934,0.011871828009746288,-0.01210267861158787,-0.0004929142467997583,-0.015223895115815345,0.015138027414531408,0.011184464462449917,-0.003248733381023383,-0.01219321407298768
2026-02-18,0.0017811375828364895,0.006904178245914272,0.018095945812067082,0.004337534684544453,0.0068220308812356745,0.03071336442023953,0.005372250834655201,-0.0008798461017589521,-0.016859844395160084,-0.016724289670109305
2026-02-19,-0.014261551090285374,-0.0005768623429248665,0.00034184934085601526,-0.0015824155632001569,0.007837052681773038,0.0019246787699103152,-0.002364231324463506,-0.007296489907679726,0.010837572185559363,0.011383486929178899
2026-02-20,0.015350449692731916,-0.0030868435621884682,0.025627257563010764,0.04005291957693391,-0.017901276108735487,-0.024441991405953267,0.008894804889022057,0.01178558789398454,0.014001050862712638,-0.0010387618892722106
2026-02-23,0.006047257970275721,-0.03212252071132937,-0.023035535309270938,-0.011080198311034462,0.013815010208115153,0.023628491290873965,-0.04221500565994296,0.00901802442844013,0.027304492711236472,-0.004304115452060775
2026-02-24,0.02239103564464129,0.01178251519260276,0.016027637831418806,-0.0018940250460213193,0.007115426602084973,-0.00994966372170536,-0.0012430563929834992,0.001986222739102539,0.0006659743733961054,0.015545921793211237
2026-02-25,0.007679860855135612,0.0298200264733548,0.009973158109912061,0.00643295557210255,-0.004507065528890797,-0.0013398578585576137,0.020181667132352255,-0.0030971773886894205,-0.011435197020459587,-0.0021087760988256488
2026-02-26,-0.0046676776162442035,0.0027958182358562844,-0.012913032798065993,-0.017641494020525395,-0.006933955783152701,-0.0034886340611473,0.00933074592937988,0.00037278521864325675,0.0022033056884493973,-0.017844718693064476
2026-02-27,-0.03213044438249635,-0.022353901512221608,0.01000385652833935,0.014249536789151307,0.02037206746427689,0.026659598092395154,-0.01904426117671354,0.013167572318833809,0.021068647473532875,-0.013414331892079967
2026-03-02,0.0020440108677830526,0.014793453501622311,-0.007666669573102691,-0.016807887343381234,0.0005232885326853509,0.011278690083532883,-0.00912415181227677,-0.016429523640789312,-0.022069287117959968,0.012775520669972895
2026-03-03,-0.003664168116717992,0.013498946894749508,0.001631538648142472,-0.009591575706884181,-0.007281952172203177,-0.015497333153763782,0.009073762373418282,-0.01096985081249624,-0.02317906483316068,-0.040062756676427114
2026-03-04,-0.0046635601744375865,0.0031441531290252733,0.038758260730479055,-0.0014821671387289514,-0.005876342371654575,-0.013238460348413805,-0.0028974061672935036,-0.015628853727170267,-0.008890442173433821,0.01355616624105882
2026-03-05,-0.008494547048829904,0.013524143668401711,0.009777672934109694,-0.007422541736676336,-0.023114533632765055,0.006274141468621597,-0.019506440877797182,-0.01370050560317293,-0.027226800050643263,-0.0353703207092545
2026-03-06,-0.010872595974432131,-0.004188164531066962,-0.026171534044230005,-0.007843764535739872,0.0032132123593111572,0.002984939876281789,-0.013864691959295072,0.00012987793782337498,-0.0023378017401701756,-0.03566161783912125
2026-03-09,0.009399570490431275,0.0011003722075924038,0.0013132534612818603,0.026985254760708344,0.009109807903278533,-0.005092304689750193,0.0015200543179132442,0.009865025774010716,0.01034942725594501,0.035129948128719946
2026-03-10,0.0036555398041986376,-0.008915215141642507,0.003934593265620068,0.0022197168869222406,0.004616931693298243,-0.015354902720048136,-0.004104644959157855,0.0010282431471573261,0.005089576486288383,0.016826914301082185
2026-03-11,-7.670678451010549e-05,-0.0021688058128880305,-0.007838417021498234,0.005406520345286214,-0.0029543873127018117,0.02329025727098477,-0.004190927525510646,-0.0032100212624819324,-0.017242408041963087,-0.012683373181783586
2026-03-12,-0.01936274610273281,-0.007459038776109095,-0.014671973697334306,-0.016683014417014475,-0.003909677012704615,0.012864530415857,-0.01610307770092656,-0.0002576486133036848,-0.018392991283553428,-0.009751422114860131
2026-03-13,-0.022051876328148534,-0.015701969810700822,-0.008877013416636048,-0.004183772956429799,-0.002148351321223707,0.016869575258289915,0.0019441943253268867,0.003373107981295531,0.0009967154187604521,-0.009562061065618743
2026-03-16,0.010794859745288043,0.011123782896491852,0.0195984367511175,0.010850879030806615,0.006914522575214965,0.007109961700376477,0.009596336831564134,0.006206364524507402,0.009757673826653379,0.008343079343825055
2026-03-17,0.005577047742174601,-0.0013502086602692476,0.016340754535353108,0.01754159974009184,-0.020889006544951627,0.010048992858355144,0.002551115996153097,-0.003083992240042077,-0.004207194209444376,0.0031724130685628626
2026-03-18,-0.016874444795081822,-0.019078100591435554,-0.024767666852414494,-0.010388577259506704,-0.003485794183459623,-0.007682146137123036,0.0029627319339777802,-0.02075284836612379,-0.031489268765664935,-0.0119372976603479
2026-03-19,-0.003920930967820202,-0.007070176962847952,-0.005288991452693015,-0.0018200011968599883,0.001348643485331813,0.0036170120053331534,0.0007992643855008197,-0.005528387211086505,-0.012746328262292939,-0.0071652837880055165
2026-03-20,-0.0038962445152317393,-0.018379451907360234,-0.016238740557820153,-0.01995898201913937,-0.00938554792261681,0.009547273778944598,-0.00489618556543292,-0.010589119772431377,-0.0038662321116589293,-0.011282899858103046
2026-03-23,0.014113480475494988,0.002959136952026542,0.02322639327005427,0.003521661147902977,0.0002124274075954169,0.009143907680765118,0.011690279368677725,0.004816132997753186,-0.0020099133395961033,0.03057804926593466
2026-03-24,0.0005964238375686381,-0.026788584000617788,-0.013800294588880657,-0.03846919033715546,-0.0006371468753272325,0.026376193256980818,0.00858889146089048,-0.005858102889436556,-0.005764362986742211,0.02127687810602108
2026-03-25,0.0038944425565474727,-0.004560720873527657,0.021569200454641724,0.0016870180877650576,0.01980700157751003,-0.012818994405623618,0.010328428537211387,0.007767501069221749,0.005308765592179521,0.003362925458757271
2026-03-26,0.0010688333127271132,-0.01366431796733969,-0.019696817795534227,-0.03440681152238945,-0.0028757579806601985,0.013291648141221524,-0.012727681578398986,-0.007441812908849932,-0.010422419771495828,-0.02204327951050189
2026-03-27,-0.016173068672430957,-0.02513874928256188,-0.039510442389467215,-0.02342306677223538,0.005057610795283107,0.03360941870519185,-0.03024072633607411,0.013656362393707822,0.002036271383079047,-0.011078091076052399
2026-03-30,-0.008721851736991582,0.00613842352061944,0.008076656164990093,-0.003061928559749294,0.008484159105459632,0.002807163374213051,0.0032880668110599753,0.007396598086188977,0.014084386282469996,-0.04022138846260681
2026-03-31,0.029031290418426448,0.031229157756083703,0.03642700888472317,0.05140767278298308,0.00804154027924775,-0.010555741608490044,0.03661416754282243,-0.0028844028007601885,-0.001934772336758317,0.061474538939810586
2026-04-01,0.007250134515282447,-0.0021611901863888283,0.011043371606930696,0.03418426038221156,-0.0013091397378595104,-0.052339947978418455,0.004147398728892249,0.00039448380980688924,-0.0024231000561140137,0.03085568017710294
2026-04-02,0.0011344553655323608,0.011072868751592857,-0.0037992260242745157,-0.005447446206045203,-0.0044240441335712255,-0.0005598211782673612,-0.002640680795986672,0.008412201507288719,-0.00673197851029661,-0.017937435280711456
2026-04-06,0.011487876222620041,-0.0015530146410365209,0.014396667550949704,0.014267800370968198,-0.008517129511906751,0.01667803857807426,0.008017798550562727,0.006517145803409452,-0.002445448437908504,0.0056049922759129345
2026-04-07,-0.0207060792616357,-0.0015822508381434508,0.004605531356027148,0.018233945467744705,-0.010623677748186844,0.0033054882558405385,0.006600097448735687,-0.01696443238629286,-0.010296343989667833,0.004436864822787934
2026-04-08,0.021301735790709264,0.005479578543501118,0.034990857360911454,0.03882673963431005,0.012121972862090713,-0.0469160615120342,0.03554131170863384,0.018179418057121977,0.02547768396649097,0.06507097199218426
2026-04-09,0.006141348347641795,-0.003365977272341003,0.056045170153601775,0.003687064768298942,4.1403229871672664e-05,-0.007553437836438803,0.0076630179280876565,0.011514997314111097,0.012146411103970856,0.020075698445520374
2026-04-10,-3.834482173115106e-05,-0.005897032858082851,0.02024400218227118,-0.003924717522926557,-0.011810497821745924,-0.01631844232987434,-0.0014822259329182463,-0.009081592704553443,-0.010227701159257752,0.004561135933557781
2026-04-13,-0.004913954203973225,0.03640089840318694,0.006334400855383171,0.012829389221314713,-0.0020968116762440925,0.0008524794530593294,0.01229546105901469,-0.013682611078787765,-0.010884702582461436,0.0013533643027965336
2026-04-14,-0.001427586909096612,0.022738477393367207,0.03805913087682655,0.03610221659486279,0.008993102697498534,-0.022274613211083927,-0.008161195883457983,-0.006674628372763003,0.0055719816688675206,0.003182909463856909
2026-04-15,0.02936295529114563,0.046068533854630056,-0.002088202809168549,0.012646066883422513,-0.005955877761235184,-0.0015411767067384785,-0.01668164506679881,-0.007773446775051984,-0.006926249310217902,-0.030317917436574415
2026-04-16,-0.011372633634406881,0.021983402171766864,0.004828961562342915,-0.0032629979618038485,-0.017304229491238332,0.01993157920727917,0.013140301225801565,-0.0017260910039142985,-0.0018830709309134441,0.0032329536311148654
2026-04-17,0.02593021154924191,0.006020092104702002,0.003444135445983987,0.01684431209009718,-0.0015349161024200697,-0.036452191056455696,0.0010969357503831656,0.0074487418317292775,0.026692714886176416,0.02846023120077379
2026-04-20,0.010435475371396441,-0.011163956243767315,-0.009099612075002761,-0.012467774438631563,-0.014903015584691093,0.008467550271490154,0.02159270356483467,-0.003432785432661789,-0.016606471860518113,0.006631847795315338
2026-04-21,-0.025196703995697067,0.014566950244961241,0.00656518805713957,-0.015203648803314485,-0.0196367760884244,0.004604650712823677,-0.012587150870674635,-0.010333931850435185,-0.015018299076652863,0.0025676346757894652
2026-04-22,0.026298995241013978,0.020652560845584977,0.021807838295304638,0.02115626211004451,-0.00026525308734171027,0.007683974480842126,6.385654138285624e-05,-0.0009370629039966438,0.0037238885414845324,0.010519095491321906
2026-04-23,0.0009516944880663125,-0.039660934617680055,-0.001096486445127165,-0.0012672556948888358,0.020123790467088787,0.0068896321963785034,-0.004248833052150736,0.022109128233705144,0.020021034370595325,0.03260102992239111
2026-04-24,-0.008667702544387423,0.021334937195510273,0.03493017225717909,0.016258881347370746,-0.013657059679457184,-0.010761917027958812,-0.010940380150622708,0.004588367163997242,0.024609110836771864,-0.005327824776105605
2026-04-27,-0.012727861582673916,0.0004710499812119462,-0.010871605831113018,0.017247411505119103,-0.009494484857008989,-0.004835155130816782,0.01086669445655386,-0.015529154628795339,0.001484671706105667,-0.0024073969530986616
2026-04-28,0.011584102768505522,0.010427908679775388,-0.005438047398549362,-0.0015984362710370625,0.010872454453272784,0.0159929614507357,-0.00057753054980203,0.03857362319905633,0.0051886993279832705,-0.013175762193063711
2026-04-29,-0.001994705758897819,-0.011159034047451222,0.012860978748156615,0.00045745218860759884,-0.001931606926378393,0.02729808106235354,-0.007063802772193428,0.006636962809154046,-0.01816713192508157,-0.009561448564765929
2026-04-30,0.004367659937803081,-0.03929691983619443,0.0076793983730685245,0.09961702406520634,0.010996319732185178,-0.002198226559964156,0.01286987049440036,-0.0013946581816928205,0.004301436653181945,0.0988333910558572
2026-05-01,0.03239351812191993,0.01633231850252348,0.012072784412985316,0.002312960442559797,-0.011572835317945729,-0.010237822397487384,-0.0024263326381473993,-0.002285461580466608,0.0011556956576130872,-0.0004943476335546038
2026-05-04,-0.011815603186417278,-0.0019785964451384253,0.014128002271583506,-0.006326388005902572,-0.013160780695198215,0.0061538941189072105,-0.01542553598523233,-0.004963078856082159,-0.02607627409082547,-0.016736472705813465
2026-05-05,0.026550690927708454,-0.005415548178495877,0.005513692583370089,0.013515988851422689,0.006021430537417105,0.00774285199079916,0.005688299482735193,0.0037089096618732054,0.010319278745934524,0.034077161542996004
2026-05-06,0.011717924952267644,0.0062715193636264654,0.005264129064761924,0.024740662220501752,-0.0041232565207836025,-0.039966430551094834,0.01777636689210116,0.009556536325268095,0.020704020729482853,0.02469621505864783
2026-05-07,-0.00024350711440246364,0.016450879458010714,-0.01389133038400725,-0.00012565985809642743,-0.009393694034258826,-0.014190627753102536,-0.027405562904829983,-0.010097190241298515,-0.012440866051329214,-0.033702626214649034
2026-05-08,0.020456497888878378,-0.013427757958591635,0.0055683857848436435,0.007060470320022771,-0.005348012936037483,-0.013712618052667547,-0.01361536214096759,-0.00012756960228832437,0.0024647254717031775,0.0019649351043009577
2026-05-11,-0.0012626705737772692,-0.005925992396517588,-0.013532354923427414,-0.03033924459227455,0.0004969667140473089,0.035346173729486674,-0.006951422136867502,0.003060592325518474,-0.020898762047518837,0.032692598841393083
2026-05-12,0.007243389265544797,-0.01185000702966521,-0.011784761609137218,-0.0033193073752801894,0.012780538949712428,0.0063469281852877035,0.016266698193691642,0.017416657929833157,0.0038365257020307464,-0.01580717333458226
2026-05-13,0.013805995565634221,-0.006277990380058274,0.016213969753363422,0.039421737678543955,0.02746816512514605,0.006240504976167571,-0.01518625903724935,0.0028739056505400207,-0.011604457152416203,-0.010787881875707006
2026-05-14,-0.00220833028705536,0.010414344989990054,-0.010772604336833247,-0.0038497776707889786,0.00164921060077039,0.007983012925278699,-0.0011323737917798837,0.00236731339492402,0.003304308148187829,0.019860314942305557
2026-05-15,0.0067738157309671365,0.030505840389261074,-0.011526033074604314,-0.010696401675079903,-0.017721001185035057,0.0406589665169379,-0.007002182681687286,0.004599173874371143,-0.007988286116326848,-0.03467640235216174
2026-05-18,-0.007960612067346995,0.00383963141857957,0.0027257161474880665,0.00040326534105239453,0.009748111179074481,0.016274109384609492,0.009804966055655173,0.004701725416461411,0.005792152074260537,-0.02742284397418837
2026-05-19,0.003793999787491842,-0.014449655975185771,-0.020841158796957915,-0.023378884460741545,0.0047177950854322415,0.012835675045705486,-0.01672598122328084,0.008867046968010328,-0.007655039240915484,-0.0043984084363603015
2026-05-20,0.0109709963070026,0.008720179231968883,0.021863243262898013,0.00322451056536055,-0.0029564782698280334,-0.038572772406928246,0.021237827780780094,-0.004516550954165366,0.008068000192784197,0.014427648238881874
2026-05-21,0.009065310949131433,-0.0025229027109182622,0.01301830709151064,-0.0032141465159613025,0.010509290139404603,-0.006334818920508023,0.0033776595528693942,-0.0046598258400802894,0.006739638404930748,-0.007575360990685676
2026-05-22,0.012557845216167651,-0.001240757398686676,-0.007971333528174807,-0.012098216184623145,0.011263116632473036,-0.0023826075934316737,0.011155101734823258,0.0038192711760107745,0.007252503610814864,0.01609792327821702
2026-05-26,-0.001586751960143129,-0.006068300404893701,-0.003867523096163561,0.015431995898472772,-0.012103035726260702,-0.03298477066065375,0.0011749537442633518,-0.012518520459158466,-0.010246512301136268,0.03257225584568224
2026-05-27,0.008173125031610828,-0.008076305462157207,0.024727646527565872,-0.00012861975688982508,0.004822315777527342,-0.012749507330859777,-0.02432027250362001,0.014417180636625782,0.031687259835229575,0.0015189001031086224
2026-05-28,0.005340207912225559,0.034700793226276616,0.007908750591183455,0.0033434443979794004,-0.002118510305669896,-0.0063555593063451266,-0.008520381291236778,-0.01482482193373702,-0.010712628477539288,-0.0244634522274777
2026-05-29,-0.001439992937726342,0.05445092515456418,-0.01226272026117703,-0.02509425962392897,-0.023700178285857576,-0.011567856078975258,0.008694742151130974,-0.017410801679544008,-0.016105877424694715,-0.013293213898105338
2026-06-01,-0.018425943872925732,0.022832265019252507,-0.03465860321873382,-0.010438005061361721,-0.008077074998576128,0.028363007929087303,-0.00912103426891464,-0.004682899162122056,-0.022847557485649705,-0.011999498452981538
2026-06-02,0.02902293336585271,-0.04171369737114239,-0.0181429249589532,-0.0385790306785998,-0.0027739033261376944,0.001204931516252561,0.014768341793673478,-0.002924703221176883,0.003849529931717166,0.0513658858357644
2026-06-03,-0.015672595971098935,-0.03165575513355168,-0.02533909644314125,-0.007903866515702074,0.001570308692512512,0.0198582593553438,-0.0003653631645685884,0.00446372436842335,-0.004473823080612838,0.017992805163076886
2026-06-04,0.0031264139436979477,0.0016614205577818453,0.01507874949703436,0.03676987830078726,0.022083822587668722,-0.0032125188296440177,0.033372080535216675,-0.024631839554786428,0.004208493175440253,0.01543973879001892
2026-06-05,-0.012498841728371679,-0.026585620113925734,-0.03057644001781823,-0.009833745219524848,0.02016043362593889,-0.013943667526989167,0.004760511625581776,0.034626402888340735,0.04091487088322032,-0.03849094672584907
2026-06-08,-0.01887156849768501,-0.011831960627074034,-0.0032922715222234444,-0.013575520711203493,-0.0026206151959233814,0.012206522501370776,-0.004033725371046182,0.0007549193176357161,-0.009826608696473116,0.012562439605931619
2026-06-09,-0.03644631040831148,-0.020231181740505533,-0.004200304926880172,0.002614880442088685,0.020847675144487265,-0.018714967630251267,0.005110785750300106,0.022630012639752284,0.02460372930367405,-0.00102657481097157
2026-06-10,0.003544996808021894,-0.014997194555478321,-0.025349123139844942,-0.021632912402002935,0.006286943009131241,0.011483388711468034,-0.011384721351222371,0.027661652917340573,0.002555980776840716,-0.0639991657026231
2026-06-11,0.013889904990249002,-0.017666572560045224,0.01474787607914263,0.003900286525099661,-0.0006709030081932799,-0.026689610569593958,0.014071240233745508,-0.012680846560691017,-0.00476352451720663,0.048437254376381356
2026-06-12,-0.015221729613622226,0.0010247320290952544,-0.012256186172015182,0.005338635773713296,0.010657463460824967,0.002796646563785421,0.023063020107523702,0.001090530499684661,0.008561412439261673,0.01441571253809193
2026-06-15,0.018170605764429082,0.023084454513702557,0.03131419461387441,0.02688504677670811,-0.021629889818959858,-0.04142572998740868,-0.004115760495236875,-0.014374470071240819,0.005681455047630513,0.025654291131500084
2026-06-16,0.009513449426140408,-0.014833957996038927,-8.131156862656308e-05,0.010559073594251789,-0.0020368793128610063,0.006670468731338586,0.03675641092824922,-0.007786489362223814,0.013492028542986922,0.012345696795480032
2026-06-17,-0.010994446379867018,-0.03788432424867805,-0.03455284552845528,-0.0253449201743553,-0.004167002968190725,-0.007895073398905494,0.0070060237177231866,-0.004359721966156194,-0.012656640391244145,0.011063312821187887
2026-06-18,0.006960626705947437,0.0012931572923366996,0.029010523745888195,0.011655048612615904,-0.024807846431687874,-0.020818586188790733,-0.024710573715507,-0.0067559228508145,-0.001195529339019008,0.03127880163696917
2026-06-22,-0.0033555919842641613,-0.03178702623248908,-0.047465142323687703,-0.04986008250517615,0.012697552012935542,0.0047892291836719725,0.019248533511496246,0.0017634386034104388,-0.01795460955468553,0.03698446950635148
2026-06-23,-0.00912434558954689,0.01796702283800533,0.005670378290686617,-0.01015210440209613,0.03368069856478706,0.009099404172226988,0.008024618744603806,0.009807604567698247,0.021533122604131538,-0.037210981059840775
2026-06-24,-0.004145434153267291,-0.022677464114465584,0.0006834550497294423,-0.0024268232341632112,0.008030776954327079,-0.020253359461721687,-0.002064954886221937,0.0036110188562235024,0.00782177373359949,0.01037349322139125
2026-06-25,-0.06117781321571136,-0.03455919985256439,-0.03098992458796135,-0.0045759131476235115,0.016099605322873467,0.004748058321791815,0.005008141585630899,-0.002233254448926303,-0.023283306347192778,0.06290914061508968
2026-06-26,0.03136472859984596,0.05708135763656941,0.025020959746330673,-0.018387527170465212,0.03993792300019372,-0.007342855276018745,-0.018112939266905714,0.02748071542889008,0.003501765634394527,-0.05632869959847242
2026-06-29,-0.007188697419469814,-0.011797179081651232,0.03201683299701785,0.04819342168436691,0.015118220561340934,-0.003515422228952292,0.0010333563941116175,0.0002420945555594578,-0.0038251209973043654,0.03581061318992251
2026-06-30,0.02704619642688466,0.012073640288203347,-0.007495640277891069,0.010518878226792872,-0.017562215672182413,0.004850828119595807,-0.006254044887290422,-0.01669697347047716,-0.012192635375263161,0.030691435592349547
2026-07-01,0.017348699838890536,0.030186076074363744,0.014097510539473612,0.010745155973800768,3.9353099924754886e-05,-0.0032182741184734187,0.020590950646787842,0.00024614585071036643,0.005387362813044083,-0.0690112486833202
2026-07-02,0.0484068203126522,0.01616006941502235,0.004013244654325954,-0.0035989807140492935,0.03567215123155654,0.005943627574472865,0.001197315436734403,0.035059643769504545,0.0269959063144527,-0.028121496678258917
2026-07-06,0.01305770247720095,-0.009603319147180267,0.006140048231783046,0.018198960090917593,-0.014104401810124845,-0.004741366356756704,0.014265549396600186,-0.014024249034175207,-0.013869641855075554,0.006631806511861793
2026-07-07,-0.006396724801939757,0.0054300205733650575,0.007454095831143315,0.0015554421697043797,0.030501693100212224,0.03847845137832362,0.004441549196311012,0.013138910068878795,0.023039275997601028,-0.030724175097013307
2026-07-08,0.008787777487112347,-0.014144635458798516,-0.009594278605344786,-0.013922527773091553,-0.014369093242829645,-0.003952272912306043,-0.025352296658711193,-0.007733509842690167,-0.02847788263975215,0.008466994332463562
2026-07-09,0.009030238488741738,0.0026607946559606965,0.01403824906613349,-0.008372012231652626,-0.01632493505166377,-0.02600437923879262,0.01466942766663748,-0.00923266496850128,-0.010444731894066361,-0.010220657379948372
2026-07-10,-0.0028461004775477416,0.0019253324491523838,-0.006881464517662694,-0.004764752160439367,-0.008182150008674727,0.010330264073834527,0.002980892468361418,0.010407849920580636,0.0012937769840015712,0.014940460818970935
2026-07-13,0.0063110179758709695,0.015294687191659273,0.008029678202122081,-0.013074592658932294,0.0030740835612532713,0.04053851833295985,-0.005765751580729228,0.00910291239281813,0.009045155206319766,-0.021986350134003074
2026-07-14,-0.0077211944971219415,-0.01549911176744212,0.0007278635572656178,0.01985759214228877,-0.015207289743680574,0.004013575898567101,0.02499033240560311,-0.013887218622496311,-0.015434345259563553,0.002007622294966538
2026-07-15,0.040144874663333496,0.027797294081065793,0.03018304196089816,0.03173765222711844,-0.02690565951087487,-0.003997531502474949,0.011723843920603993,-0.007583111084826788,0.013485836766968795,-0.0203998721920563
2026-07-16,0.017587816078244334,0.013826052506617614,-0.019885500434225545,-0.044376203431425565,0.011942340285074238,0.009964725597841895,-0.010838574056478478,0.029957565944528364,0.023302846144708678,-0.040610271978891554
2026-07-17,0.0014402582208634662,-0.018150083940457473,-0.010644698341696013,-0.021694980045105727,0.012281441974787644,0.00966086804790689,-0.00597402835328964,-0.03956665900612666,-0.01003304368737723,0.0035455005673776796
2026-07-20,-0.021423845225929217,0.021507290292973824,0.01116373341957555,0.01505320929169951,-0.016677150149708497,0.006786102034867625,-0.006537704328423155,0.006866174653646473,-0.00566733680064635,-0.016331913984368507
2026-07-21,0.0035212159263280363,-0.011285412136739392,-0.009760399967161937,-0.013750380613573365,0.00719392827523091,0.022580251346277613,0.018768306314465022,-0.0018266137464925114,-0.006906734855064989,0.02970031617807356
2026-07-22,-0.0056446440503478135,-0.018629801790344125,-0.010906875035172958,-0.014575824996564957,0.02003114105676107,0.018060708675221138,0.008631869692429461,0.0028058524352074787,0.00695476960470276,-0.0007415678801048209
2026-07-23,-0.012979872951588756,-0.022441998892785864,-0.0457014586990675,-0.0713262420932762,0.014239267931509314,0.01579800899720274,0.004853400197806446,-0.012530399240104906,-0.014484021488169296,0.005880941947248752
2026-07-24,0.035316748188238156,0.0003145490827332065,-0.006633583101364637,0.0064527929025617325,0.015929359578114255,0.00031871407962480447,0.009459838857765135,0.013305431260535405,0.01048119352453547,-0.00649495573289649
2026-07-27,0.011681024493330971,0.019386936494177,-0.0031019827616640683,0.021329854045530894,0.009681163134533044,-0.01382692834961241,0.008465277948779049,0.02212765586412413,0.008276244423001344,-0.01738430289448112
2026-07-28,0.009408990162653286,0.010922641823010837,-0.002290499938177315,0.021894885931953434,0.002932877396108813,-0.011177947525817578,0.003116185607869415,0.04995833190779431,0.0016820291447685598,-0.03713591588376142
2026-07-29,-0.005557469435084728,-0.007143758777149345,-0.0182361894773313,0.008989841709321045,-0.004498977083957634,0.0242420731614299,-0.03526351400634775,0.009176449742755333,-0.018672747770831166,-0.06914426509053184
2026-07-30,-0.014074957069287408,0.15506733300956488,0.0390470167299346,-0.009058204004545156,-0.03656834067607129,0.0014035165595096544,0.017812116853705096,-0.006623304391081275,-0.014647496921609937,0.033767285372391154
2026-07-31,-0.07353864245054431,0.030192850660396786,0.15320588778032107,0.0673440057965653,0.002071764381685659,-0.009747077577872076,0.002679214550530551,-0.01017065823941432,0.0036815695650131985,0.007007418750164973
2026-08-03,-0.01777213482662099,0.049341523101114504,0.04580603526208682,0.04880241665829743,-0.007567787771469381,-0.002444704560241817,0.002416231509903888,-0.008334236306198783,0.003321999510628837,0.01867924029391488
2026-08-04,0.019642710405777475,0.010581367223813976,-0.023237715094833633,0.011083997811617285,0.002043901600514486,-0.007093969186417026,0.013838402230386349,-0.003453868865412546,0.02096980934355308,0.056034055502627744
